2026.06.08,08:45,160.263,160.284,160.252,160.261,586
2026.06.08,09:00,160.260,160.265,160.150,160.191,1101
2026.06.08,09:15,160.192,160.232,160.185,160.205,1149
2026.06.08,09:30,160.204,160.220,160.178,160.204,950
2026.06.08,09:45,160.203,160.228,160.173,160.227,686
2026.06.08,10:00,160.226,160.229,160.178,160.187,830
2026.06.08,10:15,160.188,160.241,160.134,160.148,1059
2026.06.08,10:30,160.145,160.211,160.115,160.191,1028
2026.06.08,10:45,160.192,160.215,159.839,160.025,1793
2026.06.08,11:00,160.024,160.074,160.021,160.039,1265
2026.06.08,11:15,160.037,160.067,159.982,160.012,1160
2026.06.08,11:30,160.014,160.041,159.985,160.006,1450
2026.06.08,11:45,160.007,160.024,159.984,160.009,848
2026.06.08,12:00,160.008,160.028,159.985,160.003,769
2026.06.08,12:15,160.002,160.081,159.996,160.040,732
2026.06.08,12:30,160.039,160.053,159.927,159.995,1199
2026.06.08,12:45,159.994,160.012,159.956,160.005,787
2026.06.08,13:00,160.004,160.011,159.946,159.964,1108
2026.06.08,13:15,159.963,159.979,159.887,159.956,1817
2026.06.08,13:30,159.955,159.984,159.920,159.968,1021
2026.06.08,13:45,159.969,159.983,159.956,159.969,735
2026.06.08,14:00,159.970,159.978,159.940,159.968,1062
2026.06.08,14:15,159.967,159.983,159.944,159.956,923
2026.06.08,14:30,159.955,159.973,159.917,159.938,898
2026.06.08,14:45,159.937,159.969,159.931,159.959,739
2026.06.08,15:00,159.958,159.991,159.938,159.981,864
2026.06.08,15:15,159.980,159.993,159.943,159.961,992
2026.06.08,15:30,159.962,159.979,159.945,159.979,1011
2026.06.08,15:45,159.978,160.031,159.974,160.019,934
2026.06.08,16:00,160.018,160.086,160.016,160.082,766
2026.06.08,16:15,160.083,160.202,160.074,160.168,1018
2026.06.08,16:30,160.167,160.171,160.106,160.124,1319
2026.06.08,16:45,160.123,160.160,160.068,160.073,1208
2026.06.08,17:00,160.074,160.119,160.056,160.084,1066
2026.06.08,17:15,160.083,160.107,160.039,160.107,1033
2026.06.08,17:30,160.108,160.140,160.096,160.126,894
2026.06.08,17:45,160.124,160.132,160.094,160.119,510
2026.06.08,18:00,160.120,160.121,160.083,160.099,768
2026.06.08,18:15,160.100,160.122,160.096,160.120,478
2026.06.08,18:30,160.119,160.145,160.100,160.138,513
2026.06.08,18:45,160.137,160.169,160.137,160.159,711
2026.06.08,19:00,160.160,160.175,160.136,160.148,687
2026.06.08,19:15,160.140,160.192,160.123,160.175,898
2026.06.08,19:30,160.177,160.204,160.146,160.157,539
2026.06.08,19:45,160.156,160.172,160.138,160.166,347
2026.06.08,20:00,160.167,160.170,160.140,160.167,487
2026.06.08,20:15,160.165,160.169,160.146,160.155,328
2026.06.08,20:30,160.154,160.184,160.148,160.184,298
2026.06.08,20:45,160.185,160.268,160.184,160.260,530
2026.06.08,21:00,160.261,160.269,160.218,160.244,455
2026.06.08,21:15,160.245,160.247,160.229,160.234,279
2026.06.08,21:30,160.235,160.238,160.208,160.235,616
2026.06.08,21:45,160.230,160.247,160.207,160.212,832
2026.06.08,22:00,160.211,160.221,160.185,160.203,596
2026.06.08,22:15,160.204,160.211,160.162,160.169,465
2026.06.08,22:30,160.168,160.184,160.164,160.184,445
2026.06.08,22:45,160.183,160.185,160.070,160.070,800
2026.06.08,23:00,160.052,160.146,160.052,160.126,109
2026.06.08,23:15,160.126,160.136,160.123,160.128,100
2026.06.08,23:30,160.124,160.135,160.114,160.123,356
2026.06.08,23:45,160.121,160.163,160.110,160.123,294
2026.06.09,00:00,160.123,160.168,160.122,160.166,232
2026.06.09,00:15,160.165,160.182,160.147,160.159,371
2026.06.09,00:30,160.158,160.185,160.155,160.175,346
2026.06.09,00:45,160.174,160.185,160.164,160.174,236
2026.06.09,01:00,160.173,160.186,160.160,160.186,265
2026.06.09,01:15,160.185,160.201,160.173,160.197,220
2026.06.09,01:30,160.198,160.224,160.197,160.208,223
2026.06.09,01:45,160.209,160.211,160.173,160.180,254
2026.06.09,02:00,160.183,160.200,160.143,160.150,1037
2026.06.09,02:15,160.151,160.163,160.133,160.158,488
2026.06.09,02:30,160.157,160.179,160.152,160.173,581
2026.06.09,02:45,160.175,160.279,160.171,160.235,1211
2026.06.09,03:00,160.233,160.243,160.202,160.209,795
2026.06.09,03:15,160.212,160.251,160.204,160.220,948
2026.06.09,03:30,160.218,160.225,160.182,160.195,526
2026.06.09,03:45,160.196,160.198,160.174,160.190,358
2026.06.09,04:00,160.189,160.200,160.184,160.200,286
2026.06.09,04:15,160.201,160.219,160.185,160.192,443
2026.06.09,04:30,160.191,160.212,160.187,160.207,267
2026.06.09,04:45,160.208,160.221,160.185,160.220,297
2026.06.09,05:00,160.223,160.230,160.203,160.213,542
2026.06.09,05:15,160.211,160.233,160.207,160.226,359
2026.06.09,05:30,160.225,160.239,160.214,160.221,374
2026.06.09,05:45,160.216,160.255,160.212,160.253,323
2026.06.09,06:00,160.252,160.255,160.232,160.233,277
2026.06.09,06:15,160.234,160.247,160.221,160.226,345
2026.06.09,06:30,160.227,160.228,160.186,160.192,419
2026.06.09,06:45,160.196,160.201,160.183,160.192,286
2026.06.09,07:00,160.191,160.209,160.189,160.202,454
2026.06.09,07:15,160.203,160.204,160.164,160.167,327
2026.06.09,07:30,160.164,160.178,160.125,160.151,831
2026.06.09,07:45,160.150,160.154,160.109,160.154,578
2026.06.09,08:00,160.152,160.152,160.086,160.099,875
2026.06.09,08:15,160.101,160.146,160.053,160.112,989
2026.06.09,08:30,160.114,160.160,160.110,160.150,994
2026.06.09,08:45,160.152,160.179,160.125,160.169,749
2026.06.09,09:00,160.170,160.198,160.154,160.197,1003
2026.06.09,09:15,160.198,160.215,160.171,160.173,733
2026.06.09,09:30,160.174,160.200,160.160,160.167,669
2026.06.09,09:45,160.169,160.202,160.153,160.198,745
2026.06.09,10:00,160.197,160.222,160.174,160.197,714
2026.06.09,10:15,160.196,160.204,160.185,160.193,605
2026.06.09,10:30,160.191,160.211,160.183,160.206,564
2026.06.09,10:45,160.205,160.221,160.169,160.175,479
2026.06.09,11:00,160.176,160.189,160.157,160.175,465
2026.06.09,11:15,160.176,160.184,160.145,160.160,558
2026.06.09,11:30,160.159,160.165,160.151,160.160,337
2026.06.09,11:45,160.159,160.200,160.145,160.197,357
2026.06.09,12:00,160.198,160.214,160.182,160.196,666
2026.06.09,12:15,160.195,160.195,160.160,160.168,425
2026.06.09,12:30,160.167,160.176,160.156,160.157,308
2026.06.09,12:45,160.156,160.173,160.150,160.167,391
2026.06.09,13:00,160.168,160.171,160.145,160.162,441
2026.06.09,13:15,160.163,160.169,160.149,160.150,489
2026.06.09,13:30,160.151,160.179,160.145,160.171,438
2026.06.09,13:45,160.170,160.174,160.154,160.159,335
2026.06.09,14:00,160.166,160.171,160.146,160.162,757
2026.06.09,14:15,160.161,160.186,160.158,160.185,611
2026.06.09,14:30,160.186,160.186,160.164,160.174,530
2026.06.09,14:45,160.173,160.197,160.173,160.190,617
2026.06.09,15:00,160.191,160.201,160.176,160.185,914
2026.06.09,15:15,160.186,160.197,160.183,160.196,461
2026.06.09,15:30,160.195,160.226,160.186,160.219,817
2026.06.09,15:45,160.220,160.222,160.148,160.212,939
2026.06.09,16:00,160.211,160.216,160.148,160.168,951
2026.06.09,16:15,160.171,160.215,160.165,160.210,873
2026.06.09,16:30,160.211,160.218,160.178,160.185,628
2026.06.09,16:45,160.187,160.200,160.180,160.189,625
2026.06.09,17:00,160.190,160.259,160.186,160.250,655
2026.06.09,17:15,160.251,160.262,160.237,160.252,761
2026.06.09,17:30,160.253,160.268,160.236,160.263,608
2026.06.09,17:45,160.265,160.302,160.253,160.288,769
2026.06.09,18:00,160.289,160.292,160.216,160.230,743
2026.06.09,18:15,160.228,160.305,160.215,160.300,831
2026.06.09,18:30,160.299,160.354,160.299,160.342,793
2026.06.09,18:45,160.343,160.443,160.342,160.406,1015
2026.06.09,19:00,160.405,160.410,160.334,160.368,1229
2026.06.09,19:15,160.367,160.400,160.285,160.301,1022
2026.06.09,19:30,160.302,160.320,160.287,160.314,998
2026.06.09,19:45,160.313,160.359,160.291,160.359,888
2026.06.09,20:00,160.358,160.375,160.340,160.356,822
2026.06.09,20:15,160.357,160.370,160.332,160.354,810
2026.06.09,20:30,160.355,160.374,160.344,160.371,724
2026.06.09,20:45,160.370,160.375,160.343,160.358,535
2026.06.09,21:00,160.357,160.387,160.356,160.384,509
2026.06.09,21:15,160.385,160.413,160.385,160.412,419
2026.06.09,21:30,160.413,160.416,160.381,160.404,474
2026.06.09,21:45,160.403,160.420,160.387,160.413,863
2026.06.09,22:00,160.411,160.420,160.375,160.375,350
2026.06.09,22:15,160.376,160.390,160.348,160.351,482
2026.06.09,22:30,160.348,160.384,160.348,160.382,580
2026.06.09,22:45,160.382,160.383,160.334,160.334,508
2026.06.09,23:00,160.315,160.330,160.312,160.324,60
2026.06.09,23:15,160.322,160.363,160.309,160.363,179
2026.06.09,23:30,160.363,160.372,160.357,160.363,201
2026.06.09,23:45,160.362,160.366,160.319,160.324,387
2026.06.10,00:00,160.324,160.397,160.324,160.380,293
2026.06.10,00:15,160.379,160.386,160.363,160.364,235
2026.06.10,00:30,160.362,160.388,160.362,160.388,227
2026.06.10,00:45,160.390,160.404,160.385,160.402,188
2026.06.10,01:00,160.405,160.408,160.400,160.404,241
2026.06.10,01:15,160.403,160.418,160.399,160.412,277
2026.06.10,01:30,160.411,160.414,160.387,160.389,252
2026.06.10,01:45,160.390,160.394,160.374,160.388,422
2026.06.10,02:00,160.389,160.393,160.355,160.366,744
2026.06.10,02:15,160.368,160.388,160.367,160.376,388
2026.06.10,02:30,160.375,160.398,160.374,160.389,450
2026.06.10,02:45,160.390,160.435,160.365,160.382,1220
2026.06.10,03:00,160.383,160.393,160.239,160.347,1039
2026.06.10,03:15,160.349,160.366,160.329,160.358,704
2026.06.10,03:30,160.357,160.385,160.357,160.367,498
2026.06.10,03:45,160.366,160.393,160.363,160.379,531
2026.06.10,04:00,160.378,160.381,160.340,160.343,359
2026.06.10,04:15,160.342,160.365,160.339,160.347,491
2026.06.10,04:30,160.345,160.357,160.338,160.343,563
2026.06.10,04:45,160.342,160.371,160.339,160.364,412
2026.06.10,05:00,160.365,160.371,160.340,160.351,395
2026.06.10,05:15,160.353,160.358,160.344,160.353,346
2026.06.10,05:30,160.354,160.369,160.348,160.355,362
2026.06.10,05:45,160.356,160.359,160.349,160.357,352
2026.06.10,06:00,160.356,160.366,160.351,160.358,324
2026.06.10,06:15,160.359,160.364,160.350,160.355,387
2026.06.10,06:30,160.356,160.361,160.347,160.358,380
2026.06.10,06:45,160.357,160.369,160.348,160.369,326
2026.06.10,07:00,160.370,160.377,160.357,160.368,286
2026.06.10,07:15,160.370,160.371,160.349,160.352,322
2026.06.10,07:30,160.353,160.360,160.338,160.342,379
2026.06.10,07:45,160.343,160.349,160.328,160.345,337
2026.06.10,08:00,160.346,160.367,160.325,160.342,672
2026.06.10,08:15,160.343,160.385,160.330,160.367,809
2026.06.10,08:30,160.368,160.381,160.355,160.363,570
2026.06.10,08:45,160.366,160.388,160.358,160.384,435
2026.06.10,09:00,160.383,160.394,160.366,160.369,580
2026.06.10,09:15,160.370,160.379,160.349,160.377,587
2026.06.10,09:30,160.376,160.386,160.369,160.376,524
2026.06.10,09:45,160.375,160.398,160.368,160.392,531
2026.06.10,10:00,160.388,160.412,160.388,160.409,523
2026.06.10,10:15,160.410,160.410,160.383,160.399,586
2026.06.10,10:30,160.400,160.409,160.385,160.405,505
2026.06.10,10:45,160.406,160.430,160.391,160.423,701
2026.06.10,11:00,160.422,160.439,160.412,160.419,780
2026.06.10,11:15,160.420,160.430,160.406,160.429,560
2026.06.10,11:30,160.430,160.479,160.416,160.452,590
2026.06.10,11:45,160.451,160.454,160.433,160.444,344
2026.06.10,12:00,160.449,160.459,160.443,160.453,492
2026.06.10,12:15,160.452,160.469,160.451,160.466,248
2026.06.10,12:30,160.467,160.476,160.464,160.467,376
2026.06.10,12:45,160.468,160.476,160.456,160.466,491
2026.06.10,13:00,160.464,160.525,160.457,160.494,953
2026.06.10,13:15,160.493,160.500,160.472,160.494,945
2026.06.10,13:30,160.496,160.529,160.482,160.524,723
2026.06.10,13:45,160.523,160.528,160.467,160.495,793
2026.06.10,14:00,160.496,160.514,160.458,160.472,1140
2026.06.10,14:15,160.473,160.483,160.432,160.436,1095
2026.06.10,14:30,160.434,160.470,160.324,160.409,1397
2026.06.10,14:45,160.408,160.418,160.325,160.345,1164
2026.06.10,15:00,160.343,160.422,160.343,160.414,1029
2026.06.10,15:15,160.413,160.455,160.413,160.423,769
2026.06.10,15:30,160.425,160.428,160.403,160.405,632
2026.06.10,15:45,160.406,160.422,160.364,160.370,746
2026.06.10,16:00,160.369,160.405,160.341,160.396,537
2026.06.10,16:15,160.397,160.421,160.378,160.380,724
2026.06.10,16:30,160.381,160.420,160.370,160.413,618
2026.06.10,16:45,160.412,160.435,160.405,160.428,615
2026.06.10,17:00,160.431,160.486,160.405,160.485,594
2026.06.10,17:15,160.490,160.493,160.455,160.466,817
2026.06.10,17:30,160.465,160.483,160.453,160.463,677
2026.06.10,17:45,160.464,160.483,160.446,160.480,593
2026.06.10,18:00,160.481,160.526,160.468,160.472,682
2026.06.10,18:15,160.475,160.479,160.442,160.462,928
2026.06.10,18:30,160.461,160.484,160.447,160.473,651
2026.06.10,18:45,160.474,160.507,160.469,160.496,702
2026.06.10,19:00,160.497,160.509,160.458,160.479,730
2026.06.10,19:15,160.480,160.508,160.477,160.493,748
2026.06.10,19:30,160.494,160.530,160.478,160.530,871
2026.06.10,19:45,160.529,160.545,160.496,160.505,1061
2026.06.10,20:00,160.499,160.499,160.473,160.482,615
2026.06.10,20:15,160.483,160.494,160.467,160.475,658
2026.06.10,20:30,160.474,160.490,160.464,160.468,500
2026.06.10,20:45,160.467,160.499,160.453,160.497,608
2026.06.10,21:00,160.496,160.519,160.493,160.515,409
2026.06.10,21:15,160.514,160.527,160.513,160.526,307
2026.06.10,21:30,160.527,160.527,160.507,160.513,502
2026.06.10,21:45,160.512,160.540,160.511,160.537,600
2026.06.10,22:00,160.538,160.552,160.533,160.547,409
2026.06.10,22:15,160.548,160.553,160.525,160.534,294
2026.06.10,22:30,160.534,160.560,160.519,160.558,383
2026.06.10,22:45,160.558,160.571,160.548,160.549,781
2026.06.10,23:00,160.490,160.502,160.415,160.496,160
2026.06.10,23:15,160.497,160.498,160.465,160.474,255
2026.06.10,23:30,160.474,160.520,160.474,160.514,276
2026.06.10,23:45,160.505,160.517,160.491,160.507,221
2026.06.11,00:00,160.508,160.558,160.503,160.516,353
2026.06.11,00:15,160.515,160.550,160.515,160.543,322
2026.06.11,00:30,160.544,160.547,160.520,160.528,310
2026.06.11,00:45,160.529,160.554,160.515,160.546,329
2026.06.11,01:00,160.545,160.559,160.542,160.553,348
2026.06.11,01:15,160.552,160.557,160.517,160.532,904
2026.06.11,01:30,160.531,160.544,160.519,160.532,558
2026.06.11,01:45,160.528,160.537,160.513,160.530,708
2026.06.11,02:00,160.532,160.532,160.493,160.507,887
2026.06.11,02:15,160.506,160.537,160.501,160.535,652
2026.06.11,02:30,160.536,160.546,160.520,160.528,651
2026.06.11,02:45,160.527,160.546,160.511,160.516,816
2026.06.11,03:00,160.514,160.545,160.472,160.481,732
2026.06.11,03:15,160.482,160.487,160.424,160.441,554
2026.06.11,03:30,160.440,160.457,160.437,160.450,439
2026.06.11,03:45,160.449,160.492,160.448,160.487,408
2026.06.11,04:00,160.488,160.510,160.474,160.497,432
2026.06.11,04:15,160.498,160.512,160.489,160.509,387
2026.06.11,04:30,160.508,160.523,160.498,160.516,452
2026.06.11,04:45,160.517,160.534,160.506,160.514,375
2026.06.11,05:00,160.515,160.534,160.512,160.528,316
2026.06.11,05:15,160.529,160.532,160.512,160.517,289
2026.06.11,05:30,160.518,160.526,160.506,160.525,296
2026.06.11,05:45,160.522,160.528,160.510,160.511,264
2026.06.11,06:00,160.510,160.531,160.507,160.524,280
2026.06.11,06:15,160.522,160.522,160.510,160.513,206
2026.06.11,06:30,160.512,160.518,160.500,160.510,266
2026.06.11,06:45,160.511,160.511,160.494,160.504,344
2026.06.11,07:00,160.505,160.517,160.502,160.506,316
2026.06.11,07:15,160.505,160.514,160.493,160.511,278
2026.06.11,07:30,160.510,160.521,160.505,160.513,319
2026.06.11,07:45,160.512,160.549,160.508,160.545,479
2026.06.11,08:00,160.544,160.560,160.537,160.541,559
2026.06.11,08:15,160.542,160.581,160.535,160.577,657
2026.06.11,08:30,160.576,160.589,160.559,160.578,500
2026.06.11,08:45,160.578,160.578,160.545,160.557,410
2026.06.11,09:00,160.558,160.558,160.493,160.508,761
2026.06.11,09:15,160.509,160.517,160.497,160.510,736
2026.06.11,09:30,160.509,160.540,160.494,160.510,592
2026.06.11,09:45,160.511,160.525,160.498,160.508,585
2026.06.11,10:00,160.507,160.517,160.499,160.509,671
2026.06.11,10:15,160.510,160.520,160.502,160.518,554
2026.06.11,10:30,160.517,160.535,160.512,160.534,446
2026.06.11,10:45,160.533,160.543,160.527,160.534,421
2026.06.11,11:00,160.535,160.549,160.531,160.544,447
2026.06.11,11:15,160.545,160.547,160.528,160.534,440
2026.06.11,11:30,160.535,160.545,160.531,160.531,283
2026.06.11,11:45,160.532,160.539,160.513,160.533,425
2026.06.11,12:00,160.531,160.547,160.528,160.541,439
2026.06.11,12:15,160.542,160.553,160.541,160.545,497
2026.06.11,12:30,160.544,160.548,160.525,160.534,519
2026.06.11,12:45,160.531,160.535,160.523,160.525,556
2026.06.11,13:00,160.526,160.534,160.508,160.523,647
2026.06.11,13:15,160.522,160.530,160.518,160.524,311
2026.06.11,13:30,160.525,160.528,160.508,160.522,668
2026.06.11,13:45,160.521,160.536,160.511,160.535,403
2026.06.11,14:00,160.534,160.538,160.525,160.530,547
2026.06.11,14:15,160.530,160.592,160.524,160.572,1013
2026.06.11,14:30,160.573,160.596,160.525,160.585,1005
2026.06.11,14:45,160.584,160.593,160.529,160.557,1038
2026.06.11,15:00,160.558,160.561,160.522,160.538,977
2026.06.11,15:15,160.539,160.555,160.536,160.545,978
2026.06.11,15:30,160.544,160.558,160.531,160.534,829
2026.06.11,15:45,160.533,160.542,160.507,160.536,534
2026.06.11,16:00,160.535,160.535,160.467,160.510,646
2026.06.11,16:15,160.509,160.522,160.499,160.512,504
2026.06.11,16:30,160.511,160.552,160.508,160.527,532
2026.06.11,16:45,160.529,160.530,160.506,160.520,514
2026.06.11,17:00,160.521,160.521,160.493,160.495,874
2026.06.11,17:15,160.494,160.498,160.470,160.474,706
2026.06.11,17:30,160.475,160.506,160.471,160.493,678
2026.06.11,17:45,160.494,160.520,160.493,160.509,493
2026.06.11,18:00,160.508,160.523,160.492,160.511,588
2026.06.11,18:15,160.512,160.556,160.511,160.538,389
2026.06.11,18:30,160.539,160.546,160.524,160.534,574
2026.06.11,18:45,160.536,160.537,160.519,160.524,627
2026.06.11,19:00,160.525,160.547,160.524,160.525,746
2026.06.11,19:15,160.524,160.539,160.513,160.521,641
2026.06.11,19:30,160.520,160.522,160.202,160.203,1467
2026.06.11,19:45,160.204,160.218,160.030,160.075,1394
2026.06.11,20:00,160.079,160.185,160.060,160.128,1453
2026.06.11,20:15,160.124,160.283,160.081,160.084,1307
2026.06.11,20:30,160.085,160.129,160.049,160.070,1072
2026.06.11,20:45,160.069,160.080,159.940,160.077,1469
2026.06.11,21:00,160.079,160.083,159.894,159.905,1467
2026.06.11,21:15,159.902,159.922,159.854,159.869,1659
2026.06.11,21:30,159.870,159.870,159.541,159.665,1950
2026.06.11,21:45,159.669,159.805,159.665,159.765,1869
2026.06.11,22:00,159.763,159.846,159.743,159.845,1599
2026.06.11,22:15,159.842,159.894,159.841,159.881,401
2026.06.11,22:30,159.880,159.943,159.856,159.941,857
2026.06.11,22:45,159.941,159.974,159.924,159.955,958
2026.06.11,23:00,159.849,159.910,159.849,159.882,115
2026.06.11,23:15,159.882,159.903,159.874,159.881,218
2026.06.11,23:30,159.881,159.985,159.879,159.943,448
2026.06.11,23:45,159.947,159.967,159.919,159.939,547
2026.06.12,00:00,159.935,160.016,159.935,160.011,338
2026.06.12,00:15,160.010,160.053,159.992,160.037,532
2026.06.12,00:30,160.039,160.085,160.035,160.046,809
2026.06.12,00:45,160.043,160.047,159.991,160.014,520
2026.06.12,01:00,160.011,160.019,159.970,160.013,405
2026.06.12,01:15,160.015,160.049,159.993,160.048,455
2026.06.12,01:30,160.049,160.088,160.044,160.082,458
2026.06.12,01:45,160.081,160.148,160.080,160.135,659
2026.06.12,02:00,160.136,160.196,160.133,160.158,1214
2026.06.12,02:15,160.157,160.200,160.150,160.176,908
2026.06.12,02:30,160.173,160.217,160.167,160.215,823
2026.06.12,02:45,160.214,160.217,160.125,160.174,1160
2026.06.12,03:00,160.172,160.205,160.167,160.184,881
2026.06.12,03:15,160.185,160.195,160.150,160.167,693
2026.06.12,03:30,160.166,160.210,160.158,160.209,595
2026.06.12,03:45,160.210,160.265,160.209,160.264,500
2026.06.12,04:00,160.265,160.268,160.243,160.253,586
2026.06.12,04:15,160.252,160.298,160.248,160.296,402
2026.06.12,04:30,160.295,160.302,160.277,160.284,359
2026.06.12,04:45,160.281,160.304,160.261,160.288,598
2026.06.12,05:00,160.287,160.294,160.274,160.286,421
2026.06.12,05:15,160.285,160.293,160.245,160.253,566
2026.06.12,05:30,160.251,160.257,160.209,160.220,756
2026.06.12,05:45,160.221,160.257,160.221,160.231,726
2026.06.12,06:00,160.228,160.269,160.226,160.232,494
2026.06.12,06:15,160.231,160.260,160.227,160.254,363
2026.06.12,06:30,160.255,160.258,160.227,160.243,400
2026.06.12,06:45,160.242,160.260,160.229,160.257,536
2026.06.12,07:00,160.258,160.273,160.241,160.268,742
2026.06.12,07:15,160.269,160.303,160.268,160.284,547
2026.06.12,07:30,160.285,160.304,160.283,160.299,567
2026.06.12,07:45,160.298,160.350,160.297,160.345,550
2026.06.12,08:00,160.344,160.357,160.290,160.306,830
2026.06.12,08:15,160.307,160.308,160.258,160.261,741
2026.06.12,08:30,160.263,160.332,160.258,160.323,908
2026.06.12,08:45,160.324,160.327,160.286,160.319,893
2026.06.12,09:00,160.318,160.358,160.312,160.353,873
2026.06.12,09:15,160.354,160.370,160.339,160.370,636
2026.06.12,09:30,160.372,160.374,160.341,160.342,595
2026.06.12,09:45,160.343,160.375,160.278,160.283,809
2026.06.12,10:00,160.285,160.293,160.220,160.234,1425
2026.06.12,10:15,160.233,160.248,159.954,160.079,1933
2026.06.12,10:30,160.077,160.182,160.071,160.080,1939
2026.06.12,10:45,160.081,160.114,160.067,160.092,1236
2026.06.12,11:00,160.091,160.111,160.057,160.067,1254
2026.06.12,11:15,160.066,160.066,159.956,160.020,1795
2026.06.12,11:30,160.019,160.033,159.978,160.031,1028
2026.06.12,11:45,160.030,160.081,160.021,160.067,820
2026.06.12,12:00,160.066,160.082,160.038,160.058,833
2026.06.12,12:15,160.057,160.191,160.048,160.159,1224
2026.06.12,12:30,160.158,160.165,160.100,160.106,795
2026.06.12,12:45,160.105,160.124,160.083,160.096,713
2026.06.12,13:00,160.093,160.176,160.092,160.147,808
2026.06.12,13:15,160.148,160.160,160.119,160.149,795
2026.06.12,13:30,160.150,160.155,160.107,160.119,737
2026.06.12,13:45,160.118,160.184,160.116,160.173,644
2026.06.12,14:00,160.179,160.205,160.175,160.192,1207
2026.06.12,14:15,160.191,160.248,160.173,160.245,669
2026.06.12,14:30,160.246,160.280,160.243,160.271,916
2026.06.12,14:45,160.270,160.307,160.241,160.252,918
2026.06.12,15:00,160.253,160.281,160.233,160.263,1088
2026.06.12,15:15,160.264,160.265,160.205,160.208,972
2026.06.12,15:30,160.207,160.252,160.191,160.238,1088
2026.06.12,15:45,160.239,160.337,160.238,160.283,2081
2026.06.12,16:00,160.284,160.309,160.253,160.255,2593
2026.06.12,16:15,160.255,160.259,160.213,160.243,2686
2026.06.12,16:30,160.242,160.291,160.239,160.253,2650
2026.06.12,16:45,160.254,160.273,160.251,160.263,3209
2026.06.12,17:00,160.264,160.283,160.163,160.210,3183
2026.06.12,17:15,160.212,160.247,160.189,160.204,2906
2026.06.12,17:30,160.205,160.219,160.174,160.192,2980
2026.06.12,17:45,160.192,160.234,160.169,160.225,2678
2026.06.12,18:00,160.225,160.274,160.222,160.271,2785
2026.06.12,18:15,160.272,160.280,160.182,160.206,2316
2026.06.12,18:30,160.204,160.229,160.200,160.224,3355
2026.06.12,18:45,160.225,160.237,160.207,160.224,2840
2026.06.12,19:00,160.223,160.242,160.213,160.226,2562
2026.06.12,19:15,160.226,160.237,160.188,160.210,2657
2026.06.12,19:30,160.210,160.216,160.190,160.200,2895
2026.06.12,19:45,160.199,160.211,160.183,160.198,2474
2026.06.12,20:00,160.198,160.210,160.183,160.197,2683
2026.06.12,20:15,160.197,160.226,160.192,160.225,2534
2026.06.12,20:30,160.225,160.228,160.198,160.202,2585
2026.06.12,20:45,160.203,160.217,160.192,160.208,2664
2026.06.12,21:00,160.208,160.245,160.198,160.209,2899
2026.06.12,21:15,160.209,160.226,160.199,160.220,3225
2026.06.12,21:30,160.220,160.244,160.217,160.222,3438
2026.06.12,21:45,160.221,160.233,160.210,160.210,3146
2026.06.12,22:00,160.210,160.218,160.200,160.216,2961
2026.06.12,22:15,160.214,160.218,160.208,160.218,619
2026.06.12,22:30,160.217,160.232,160.216,160.230,1220
2026.06.12,22:45,160.229,160.232,160.196,160.221,2143
2026.06.15,00:00,159.801,159.834,159.735,159.833,2620
2026.06.15,00:15,159.832,159.961,159.832,159.937,4373
2026.06.15,00:30,159.937,159.949,159.884,159.893,4708
2026.06.15,00:45,159.894,159.938,159.882,159.937,2383
2026.06.15,01:00,159.938,159.956,159.901,159.952,1939
2026.06.15,01:15,159.952,159.956,159.920,159.950,1721
2026.06.15,01:30,159.949,159.966,159.921,159.934,1910
2026.06.15,01:45,159.933,159.980,159.899,159.961,2729
2026.06.15,02:00,159.962,159.963,159.892,159.903,4118
2026.06.15,02:15,159.903,159.954,159.883,159.942,4104
2026.06.15,02:30,159.941,159.975,159.941,159.954,2597
2026.06.15,02:45,159.953,160.129,159.942,160.109,4714
2026.06.15,03:00,160.110,160.149,160.094,160.116,3584
2026.06.15,03:15,160.117,160.211,160.115,160.156,2917
2026.06.15,03:30,160.155,160.186,160.131,160.181,3563
2026.06.15,03:45,160.181,160.217,160.166,160.205,2422
2026.06.15,04:00,160.206,160.231,160.191,160.216,2250
2026.06.15,04:15,160.218,160.224,160.166,160.170,2692
2026.06.15,04:30,160.169,160.170,160.121,160.143,2786
2026.06.15,04:45,160.144,160.152,160.123,160.142,2324
2026.06.15,05:00,160.142,160.146,160.101,160.103,2447
2026.06.15,05:15,160.103,160.110,160.070,160.077,1966
2026.06.15,05:30,160.077,160.091,160.064,160.069,1840
2026.06.15,05:45,160.069,160.074,160.047,160.056,1643
2026.06.15,06:00,160.056,160.088,160.052,160.078,1681
2026.06.15,06:15,160.079,160.092,160.069,160.090,1516
2026.06.15,06:30,160.090,160.095,160.042,160.042,1753
2026.06.15,06:45,160.043,160.053,160.013,160.051,1947
2026.06.15,07:00,160.051,160.058,159.990,159.999,2016
2026.06.15,07:15,159.997,160.041,159.996,160.026,1765
2026.06.15,07:30,160.026,160.036,160.007,160.023,1794
2026.06.15,07:45,160.023,160.052,159.999,160.051,1767
2026.06.15,08:00,160.051,160.086,160.044,160.079,2865
2026.06.15,08:15,160.078,160.133,160.076,160.119,3250
2026.06.15,08:30,160.119,160.162,160.108,160.123,4046
2026.06.15,08:45,160.122,160.145,160.112,160.129,3226
2026.06.15,09:00,160.129,160.139,160.070,160.082,3725
2026.06.15,09:15,160.082,160.095,160.043,160.062,4581
2026.06.15,09:30,160.064,160.109,160.061,160.074,3759
2026.06.15,09:45,160.075,160.140,160.072,160.110,3278
2026.06.15,10:00,160.110,160.146,160.082,160.138,3261
2026.06.15,10:15,160.137,160.138,160.077,160.107,3143
2026.06.15,10:30,160.108,160.132,160.098,160.122,3394
2026.06.15,10:45,160.122,160.150,160.119,160.126,2815
2026.06.15,11:00,160.138,160.142,160.090,160.112,2696
2026.06.15,11:15,160.112,160.139,160.109,160.125,2455
2026.06.15,11:30,160.125,160.139,160.111,160.139,2427
2026.06.15,11:45,160.140,160.148,160.123,160.124,1955
2026.06.15,12:00,160.123,160.149,160.122,160.139,2557
2026.06.15,12:15,160.139,160.145,160.115,160.120,2712
2026.06.15,12:30,160.119,160.131,160.090,160.101,2454
2026.06.15,12:45,160.103,160.129,160.096,160.126,2930
2026.06.15,13:00,160.126,160.138,160.113,160.137,2619
2026.06.15,13:15,160.137,160.165,160.135,160.165,3259
2026.06.15,13:30,160.165,160.207,160.148,160.196,2509
2026.06.15,13:45,160.197,160.202,160.160,160.184,2986
2026.06.15,14:00,160.184,160.192,160.161,160.167,4174
2026.06.15,14:15,160.167,160.187,160.151,160.153,3591
2026.06.15,14:30,160.153,160.160,160.129,160.141,3479
2026.06.15,14:45,160.141,160.146,160.119,160.139,3384
2026.06.15,15:00,160.139,160.154,160.118,160.133,3036
2026.06.15,15:15,160.132,160.135,160.100,160.103,3391
2026.06.15,15:30,160.105,160.119,160.074,160.074,2529
2026.06.15,15:45,160.074,160.109,160.069,160.093,2287
2026.06.15,16:00,160.093,160.104,160.063,160.069,2115
2026.06.15,16:15,160.069,160.085,160.030,160.072,2423
2026.06.15,16:30,160.072,160.078,160.035,160.066,2323
2026.06.15,16:45,160.064,160.097,160.058,160.080,2964
2026.06.15,17:00,160.080,160.157,160.050,160.144,3525
2026.06.15,17:15,160.146,160.158,160.127,160.145,3108
2026.06.15,17:30,160.146,160.180,160.138,160.177,3437
2026.06.15,17:45,160.177,160.204,160.174,160.200,2541
2026.06.15,18:00,160.201,160.207,160.162,160.163,2917
2026.06.15,18:15,160.163,160.203,160.146,160.190,2916
2026.06.15,18:30,160.190,160.243,160.190,160.241,2369
2026.06.15,18:45,160.240,160.243,160.211,160.219,2035
2026.06.15,19:00,160.218,160.249,160.213,160.238,1933
2026.06.15,19:15,160.238,160.270,160.234,160.270,1854
2026.06.15,19:30,160.270,160.279,160.250,160.266,2390
2026.06.15,19:45,160.266,160.282,160.252,160.272,1963
2026.06.15,20:00,160.272,160.282,160.254,160.266,2666
2026.06.15,20:15,160.266,160.296,160.263,160.293,1574
2026.06.15,20:30,160.293,160.309,160.265,160.275,2797
2026.06.15,20:45,160.274,160.319,160.267,160.308,3111
2026.06.15,21:00,160.307,160.334,160.293,160.314,3012
2026.06.15,21:15,160.315,160.322,160.292,160.318,2777
2026.06.15,21:30,160.318,160.319,160.283,160.309,2968
2026.06.15,21:45,160.309,160.391,160.293,160.390,3402
2026.06.15,22:00,160.388,160.396,160.342,160.350,2918
2026.06.15,22:15,160.349,160.351,160.330,160.338,1507
2026.06.15,22:30,160.337,160.364,160.335,160.349,2362
2026.06.15,22:45,160.349,160.365,160.341,160.345,2558
2026.06.15,23:00,160.345,160.345,160.262,160.307,1397
2026.06.15,23:15,160.307,160.322,160.292,160.315,1303
2026.06.15,23:30,160.315,160.369,160.293,160.296,1893
2026.06.15,23:45,160.298,160.367,160.287,160.352,974
2026.06.16,00:00,160.350,160.358,160.319,160.334,931
2026.06.16,00:15,160.334,160.356,160.321,160.322,1029
2026.06.16,00:30,160.322,160.331,160.316,160.324,644
2026.06.16,00:45,160.324,160.346,160.322,160.326,839
2026.06.16,01:00,160.325,160.328,160.284,160.295,1086
2026.06.16,01:15,160.296,160.305,160.274,160.278,1291
2026.06.16,01:30,160.277,160.279,160.264,160.264,1187
2026.06.16,01:45,160.264,160.268,160.222,160.241,1675
2026.06.16,02:00,160.242,160.275,160.232,160.257,1820
2026.06.16,02:15,160.257,160.267,160.240,160.240,2343
2026.06.16,02:30,160.241,160.245,160.155,160.187,2574
2026.06.16,02:45,160.186,160.265,160.179,160.194,4674
2026.06.16,03:00,160.194,160.215,160.102,160.154,4056
2026.06.16,03:15,160.155,160.164,160.114,160.146,2985
2026.06.16,03:30,160.146,160.165,160.119,160.142,3181
2026.06.16,03:45,160.143,160.177,160.134,160.160,2591
2026.06.16,04:00,160.159,160.189,160.158,160.186,1587
2026.06.16,04:15,160.186,160.197,160.144,160.151,1353
2026.06.16,04:30,160.151,160.152,160.109,160.137,1667
2026.06.16,04:45,160.135,160.158,160.102,160.136,1853
2026.06.16,05:00,160.136,160.149,160.048,160.092,2845
2026.06.16,05:15,160.091,160.243,160.069,160.239,3938
2026.06.16,05:30,160.239,160.250,160.209,160.242,2717
2026.06.16,05:45,160.241,160.246,160.202,160.211,3101
2026.06.16,06:00,160.209,160.296,160.190,160.291,3981
2026.06.16,06:15,160.290,160.350,160.279,160.328,3106
2026.06.16,06:30,160.328,160.341,160.308,160.309,2967
2026.06.16,06:45,160.310,160.316,160.243,160.255,3508
2026.06.16,07:00,160.255,160.303,160.245,160.291,2362
2026.06.16,07:15,160.291,160.293,160.251,160.256,2217
2026.06.16,07:30,160.256,160.277,160.231,160.270,3902
2026.06.16,07:45,160.270,160.303,160.260,160.297,3083
2026.06.16,08:00,160.297,160.297,160.259,160.286,4484
2026.06.16,08:15,160.286,160.296,160.234,160.237,3468
2026.06.16,08:30,160.236,160.262,160.148,160.208,4938
2026.06.16,08:45,160.210,160.226,160.191,160.201,3747
2026.06.16,09:00,160.201,160.342,160.196,160.340,4415
2026.06.16,09:15,160.340,160.344,160.265,160.279,3686
2026.06.16,09:30,160.279,160.331,160.275,160.318,3878
2026.06.16,09:45,160.318,160.328,160.236,160.248,3519
2026.06.16,10:00,160.248,160.265,160.224,160.242,4799
2026.06.16,10:15,160.242,160.298,160.239,160.276,4312
2026.06.16,10:30,160.276,160.330,160.263,160.319,3523
2026.06.16,10:45,160.318,160.331,160.307,160.322,2753
2026.06.16,11:00,160.322,160.337,160.316,160.328,2647
2026.06.16,11:15,160.328,160.336,160.306,160.321,2634
2026.06.16,11:30,160.320,160.337,160.312,160.334,2590
2026.06.16,11:45,160.332,160.362,160.332,160.340,4441
2026.06.16,12:00,160.341,160.346,160.313,160.323,3418
2026.06.16,12:15,160.324,160.325,160.303,160.314,3748
2026.06.16,12:30,160.313,160.318,160.279,160.282,4085
2026.06.16,12:45,160.282,160.327,160.281,160.291,3149
2026.06.16,13:00,160.290,160.339,160.290,160.337,1984
2026.06.16,13:15,160.336,160.344,160.314,160.320,3134
2026.06.16,13:30,160.321,160.356,160.316,160.350,2755
2026.06.16,13:45,160.350,160.362,160.333,160.361,2911
2026.06.16,14:00,160.361,160.378,160.353,160.356,4067
2026.06.16,14:15,160.356,160.376,160.340,160.341,3280
2026.06.16,14:30,160.341,160.348,160.323,160.324,2844
2026.06.16,14:45,160.326,160.337,160.316,160.326,2856
2026.06.16,15:00,160.326,160.346,160.320,160.342,2837
2026.06.16,15:15,160.342,160.370,160.331,160.362,2886
2026.06.16,15:30,160.361,160.410,160.361,160.393,2708
2026.06.16,15:45,160.391,160.394,160.341,160.386,2738
2026.06.16,16:00,160.385,160.404,160.374,160.390,2509
2026.06.16,16:15,160.386,160.439,160.384,160.431,2461
2026.06.16,16:30,160.430,160.436,160.411,160.435,2314
2026.06.16,16:45,160.436,160.466,160.419,160.423,2696
2026.06.16,17:00,160.422,160.432,160.371,160.405,3405
2026.06.16,17:15,160.405,160.459,160.402,160.438,2593
2026.06.16,17:30,160.436,160.462,160.434,160.435,3429
2026.06.16,17:45,160.435,160.451,160.410,160.449,3311
2026.06.16,18:00,160.449,160.453,160.335,160.377,3391
2026.06.16,18:15,160.376,160.396,160.359,160.361,3122
2026.06.16,18:30,160.363,160.377,160.334,160.366,3347
2026.06.16,18:45,160.365,160.404,160.365,160.396,4346
2026.06.16,19:00,160.396,160.408,160.387,160.403,3713
2026.06.16,19:15,160.404,160.422,160.397,160.416,4026
2026.06.16,19:30,160.416,160.432,160.411,160.430,3199
2026.06.16,19:45,160.430,160.444,160.426,160.443,3255
2026.06.16,20:00,160.442,160.443,160.418,160.434,3149
2026.06.16,20:15,160.435,160.441,160.429,160.438,3935
2026.06.16,20:30,160.439,160.456,160.433,160.451,2946
2026.06.16,20:45,160.451,160.462,160.433,160.437,2374
2026.06.16,21:00,160.436,160.438,160.401,160.410,2210
2026.06.16,21:15,160.409,160.427,160.399,160.410,2132
2026.06.16,21:30,160.409,160.455,160.399,160.451,2420
2026.06.16,21:45,160.450,160.479,160.446,160.475,2636
2026.06.16,22:00,160.476,160.477,160.460,160.463,2042
2026.06.16,22:15,160.463,160.469,160.458,160.465,1337
2026.06.16,22:30,160.464,160.481,160.462,160.474,838
2026.06.16,22:45,160.475,160.482,160.448,160.448,1680
2026.06.16,23:00,160.448,160.448,160.310,160.355,456
2026.06.16,23:15,160.355,160.389,160.353,160.369,847
2026.06.16,23:30,160.370,160.440,160.344,160.424,1044
2026.06.16,23:45,160.424,160.462,160.392,160.412,918
2026.06.17,00:00,160.413,160.444,160.411,160.440,1448
2026.06.17,00:15,160.438,160.441,160.417,160.421,1295
2026.06.17,00:30,160.422,160.430,160.419,160.424,1080
2026.06.17,00:45,160.426,160.439,160.402,160.403,1642
2026.06.17,01:00,160.404,160.430,160.395,160.408,1182
2026.06.17,01:15,160.408,160.409,160.399,160.399,1017
2026.06.17,01:30,160.402,160.418,160.396,160.404,1594
2026.06.17,01:45,160.404,160.443,160.404,160.424,1726
2026.06.17,02:00,160.424,160.425,160.402,160.414,2973
2026.06.17,02:15,160.412,160.415,160.368,160.379,3021
2026.06.17,02:30,160.380,160.393,160.346,160.366,3682
2026.06.17,02:45,160.365,160.415,160.348,160.353,3839
2026.06.17,03:00,160.351,160.372,160.311,160.334,2952
2026.06.17,03:15,160.334,160.355,160.314,160.331,2868
2026.06.17,03:30,160.330,160.342,160.321,160.332,2246
2026.06.17,03:45,160.332,160.352,160.322,160.348,1872
2026.06.17,04:00,160.347,160.353,160.333,160.338,1875
2026.06.17,04:15,160.339,160.339,160.312,160.329,1809
2026.06.17,04:30,160.329,160.342,160.322,160.329,1968
2026.06.17,04:45,160.329,160.337,160.314,160.332,2611
2026.06.17,05:00,160.331,160.353,160.313,160.334,2577
2026.06.17,05:15,160.334,160.352,160.323,160.327,2187
2026.06.17,05:30,160.327,160.338,160.317,160.319,1826
2026.06.17,05:45,160.319,160.326,160.316,160.321,1516
2026.06.17,06:00,160.321,160.325,160.272,160.282,2109
2026.06.17,06:15,160.282,160.297,160.274,160.295,1542
2026.06.17,06:30,160.294,160.295,160.269,160.269,1736
2026.06.17,06:45,160.269,160.274,160.255,160.266,1602
2026.06.17,07:00,160.267,160.283,160.263,160.279,1074
2026.06.17,07:15,160.279,160.289,160.261,160.281,1419
2026.06.17,07:30,160.280,160.292,160.274,160.289,1462
2026.06.17,07:45,160.289,160.330,160.289,160.325,1511
2026.06.17,08:00,160.324,160.338,160.283,160.284,3551
2026.06.17,08:15,160.284,160.308,160.267,160.298,3455
2026.06.17,08:30,160.298,160.299,160.268,160.272,3398
2026.06.17,08:45,160.272,160.281,160.248,160.252,2758
2026.06.17,09:00,160.253,160.279,160.251,160.266,3493
2026.06.17,09:15,160.267,160.286,160.259,160.273,2814
2026.06.17,09:30,160.273,160.306,160.228,160.228,3586
2026.06.17,09:45,160.228,160.245,160.181,160.191,3052
2026.06.17,10:00,160.190,160.190,160.117,160.183,3912
2026.06.17,10:15,160.184,160.255,160.164,160.234,4232
2026.06.17,10:30,160.235,160.235,160.140,160.145,4929
2026.06.17,10:45,160.146,160.216,160.140,160.207,3932
2026.06.17,11:00,160.207,160.224,160.173,160.200,2947
2026.06.17,11:15,160.201,160.203,160.164,160.187,2689
2026.06.17,11:30,160.187,160.228,160.178,160.222,2349
2026.06.17,11:45,160.224,160.226,160.179,160.184,2354
2026.06.17,12:00,160.185,160.204,160.181,160.196,3077
2026.06.17,12:15,160.196,160.224,160.187,160.220,2701
2026.06.17,12:30,160.221,160.228,160.206,160.219,2589
2026.06.17,12:45,160.220,160.245,160.208,160.237,2718
2026.06.17,13:00,160.236,160.288,160.229,160.283,3034
2026.06.17,13:15,160.284,160.285,160.265,160.275,2942
2026.06.17,13:30,160.276,160.333,160.276,160.318,3274
2026.06.17,13:45,160.318,160.334,160.293,160.315,3288
2026.06.17,14:00,160.315,160.325,160.301,160.317,4061
2026.06.17,14:15,160.316,160.319,160.267,160.298,3240
2026.06.17,14:30,160.299,160.317,160.256,160.273,3666
2026.06.17,14:45,160.272,160.277,160.230,160.246,3408
2026.06.17,15:00,160.246,160.278,160.243,160.273,4056
2026.06.17,15:15,160.272,160.300,160.257,160.299,3948
2026.06.17,15:30,160.300,160.301,160.260,160.277,3481
2026.06.17,15:45,160.278,160.295,160.246,160.250,3043
2026.06.17,16:00,160.250,160.253,160.186,160.208,2822
2026.06.17,16:15,160.207,160.250,160.207,160.243,2581
2026.06.17,16:30,160.243,160.278,160.240,160.257,2917
2026.06.17,16:45,160.255,160.259,160.232,160.245,2609
2026.06.17,17:00,160.244,160.337,160.238,160.317,2951
2026.06.17,17:15,160.317,160.322,160.273,160.281,3209
2026.06.17,17:30,160.281,160.282,160.214,160.238,3137
2026.06.17,17:45,160.237,160.263,160.193,160.232,3779
2026.06.17,18:00,160.232,160.238,160.200,160.213,3522
2026.06.17,18:15,160.214,160.237,160.200,160.223,3136
2026.06.17,18:30,160.222,160.227,160.199,160.212,3653
2026.06.17,18:45,160.213,160.220,160.199,160.209,3311
2026.06.17,19:00,160.209,160.239,160.198,160.207,4082
2026.06.17,19:15,160.206,160.226,160.198,160.200,3244
2026.06.17,19:30,160.200,160.217,160.196,160.215,2333
2026.06.17,19:45,160.214,160.225,160.199,160.203,3169
2026.06.17,20:00,160.203,160.415,160.195,160.397,3457
2026.06.17,20:15,160.397,160.476,160.375,160.437,2545
2026.06.17,20:30,160.433,160.479,160.400,160.478,2448
2026.06.17,20:45,160.477,160.500,160.334,160.367,2768
2026.06.17,21:00,160.367,160.500,160.341,160.499,3044
2026.06.17,21:15,160.499,160.600,160.480,160.566,3270
2026.06.17,21:30,160.564,160.753,160.564,160.750,3549
2026.06.17,21:45,160.750,160.796,160.730,160.751,2991
2026.06.17,22:00,160.752,160.772,160.676,160.736,2937
2026.06.17,22:15,160.740,160.757,160.702,160.742,3659
2026.06.17,22:30,160.738,160.753,160.671,160.686,6648
2026.06.17,22:45,160.686,160.709,160.640,160.659,7850
2026.06.17,23:00,160.659,160.660,160.604,160.636,784
2026.06.17,23:15,160.631,160.639,160.584,160.584,881
2026.06.17,23:30,160.584,160.587,160.567,160.580,354
2026.06.17,23:45,160.577,160.591,160.490,160.568,1968
2026.06.18,00:00,160.573,160.646,160.565,160.619,3306
2026.06.18,00:15,160.616,160.650,160.611,160.619,3552
2026.06.18,00:30,160.618,160.635,160.614,160.619,2219
2026.06.18,00:45,160.621,160.622,160.601,160.606,1968
2026.06.18,01:00,160.607,160.610,160.540,160.542,1325
2026.06.18,01:15,160.543,160.587,160.539,160.586,1806
2026.06.18,01:30,160.584,160.601,160.568,160.569,1846
2026.06.18,01:45,160.569,160.624,160.569,160.605,2415
2026.06.18,02:00,160.605,160.608,160.535,160.587,3847
2026.06.18,02:15,160.587,160.646,160.584,160.643,3874
2026.06.18,02:30,160.644,160.656,160.619,160.644,3651
2026.06.18,02:45,160.644,160.722,160.644,160.703,4501
2026.06.18,03:00,160.702,160.749,160.672,160.686,3792
2026.06.18,03:15,160.685,160.698,160.650,160.653,3662
2026.06.18,03:30,160.652,160.685,160.643,160.663,3966
2026.06.18,03:45,160.663,160.670,160.624,160.635,3159
2026.06.18,04:00,160.636,160.664,160.615,160.624,3649
2026.06.18,04:15,160.625,160.642,160.619,160.623,3532
2026.06.18,04:30,160.621,160.646,160.577,160.579,3156
2026.06.18,04:45,160.580,160.592,160.561,160.582,2695
2026.06.18,05:00,160.581,160.617,160.577,160.594,2772
2026.06.18,05:15,160.593,160.593,160.569,160.582,2901
2026.06.18,05:30,160.581,160.603,160.574,160.589,2652
2026.06.18,05:45,160.591,160.593,160.578,160.584,1498
2026.06.18,06:00,160.584,160.596,160.575,160.593,2175
2026.06.18,06:15,160.595,160.622,160.589,160.616,2149
2026.06.18,06:30,160.615,160.623,160.587,160.588,3253
2026.06.18,06:45,160.589,160.610,160.587,160.596,3024
2026.06.18,07:00,160.595,160.610,160.588,160.596,2853
2026.06.18,07:15,160.597,160.609,160.582,160.608,2713
2026.06.18,07:30,160.608,160.619,160.589,160.606,3032
2026.06.18,07:45,160.607,160.651,160.607,160.643,2729
2026.06.18,08:00,160.644,160.645,160.591,160.603,3613
2026.06.18,08:15,160.603,160.647,160.601,160.644,4017
2026.06.18,08:30,160.644,160.676,160.633,160.665,4079
2026.06.18,08:45,160.665,160.676,160.630,160.667,4293
2026.06.18,09:00,160.667,160.681,160.604,160.615,3501
2026.06.18,09:15,160.615,160.623,160.579,160.608,4745
2026.06.18,09:30,160.608,160.650,160.594,160.647,3847
2026.06.18,09:45,160.646,160.682,160.573,160.600,4293
2026.06.18,10:00,160.600,160.633,160.583,160.600,4337
2026.06.18,10:15,160.601,160.628,160.595,160.626,3431
2026.06.18,10:30,160.626,160.648,160.613,160.639,3970
2026.06.18,10:45,160.639,160.722,160.638,160.716,3838
2026.06.18,11:00,160.716,160.797,160.663,160.680,3299
2026.06.18,11:15,160.679,160.737,160.479,160.689,4967
2026.06.18,11:30,160.688,160.757,160.688,160.749,4937
2026.06.18,11:45,160.749,160.758,160.712,160.751,4420
2026.06.18,12:00,160.751,160.822,160.738,160.817,3997
2026.06.18,12:15,160.819,160.891,160.805,160.856,3874
2026.06.18,12:30,160.856,160.859,160.751,160.832,4074
2026.06.18,12:45,160.832,160.910,160.832,160.908,3882
2026.06.18,13:00,160.908,160.950,160.899,160.908,2909
2026.06.18,13:15,160.907,160.950,160.904,160.941,3271
2026.06.18,13:30,160.942,160.952,160.871,160.878,3386
2026.06.18,13:45,160.877,160.934,160.867,160.926,3096
2026.06.18,14:00,160.926,160.943,160.911,160.937,3520
2026.06.18,14:15,160.937,160.945,160.893,160.907,3295
2026.06.18,14:30,160.907,160.930,160.834,160.874,3503
2026.06.18,14:45,160.874,160.920,160.863,160.915,3004
2026.06.18,15:00,160.915,160.916,160.858,160.886,2689
2026.06.18,15:15,160.886,160.927,160.868,160.891,2557
2026.06.18,15:30,160.891,160.900,160.824,160.838,2998
2026.06.18,15:45,160.839,160.873,160.800,160.849,2607
2026.06.18,16:00,160.850,160.914,160.834,160.876,2420
2026.06.18,16:15,160.874,160.903,160.864,160.886,2718
2026.06.18,16:30,160.886,160.890,160.847,160.883,2875
2026.06.18,16:45,160.884,160.899,160.860,160.876,2493
2026.06.18,17:00,160.875,160.884,160.840,160.858,2663
2026.06.18,17:15,160.859,160.902,160.857,160.901,2569
2026.06.18,17:30,160.901,160.990,160.899,160.989,2693
2026.06.18,17:45,160.989,161.100,160.982,161.090,3051
2026.06.18,18:00,161.090,161.375,161.081,161.273,3366
2026.06.18,18:15,161.274,161.365,161.256,161.354,4127
2026.06.18,18:30,161.353,161.399,161.262,161.270,3719
2026.06.18,18:45,161.271,161.347,161.266,161.307,3800
2026.06.18,19:00,161.308,161.457,161.299,161.420,4039
2026.06.18,19:15,161.420,161.446,161.360,161.362,3821
2026.06.18,19:30,161.361,161.395,161.338,161.394,3241
2026.06.18,19:45,161.393,161.432,161.392,161.424,3511
2026.06.18,20:00,161.425,161.455,161.402,161.453,3794
2026.06.18,20:15,161.453,161.455,161.405,161.405,3532
2026.06.18,20:30,161.406,161.481,161.405,161.467,3411
2026.06.18,20:45,161.467,161.663,161.464,161.594,3748
2026.06.18,21:00,161.594,161.787,161.582,161.778,5487
2026.06.18,21:15,161.777,161.809,161.713,161.768,4961
2026.06.18,21:30,161.768,161.794,160.962,161.554,5462
2026.06.18,21:45,161.554,161.631,161.243,161.373,5834
2026.06.18,22:00,161.376,161.462,161.288,161.384,7436
2026.06.18,22:15,161.385,161.408,161.332,161.369,4551
2026.06.18,22:30,161.369,161.414,161.366,161.407,1745
2026.06.18,22:45,161.407,161.414,161.367,161.367,3010
2026.06.18,23:00,161.277,161.391,161.277,161.356,240
2026.06.18,23:15,161.355,161.423,161.352,161.395,445
2026.06.18,23:30,161.396,161.400,161.336,161.343,520
2026.06.18,23:45,161.343,161.371,161.305,161.319,454
2026.06.19,00:00,161.337,161.430,161.323,161.342,1889
2026.06.19,00:15,161.343,161.380,161.337,161.355,1981
2026.06.19,00:30,161.355,161.358,161.299,161.300,1539
2026.06.19,00:45,161.301,161.301,161.178,161.279,3525
2026.06.19,01:00,161.278,161.334,161.252,161.310,2528
2026.06.19,01:15,161.310,161.359,161.290,161.329,1479
2026.06.19,01:30,161.328,161.358,161.280,161.281,1729
2026.06.19,01:45,161.280,161.346,161.263,161.297,2945
2026.06.19,02:00,161.298,161.301,161.228,161.264,5329
2026.06.19,02:15,161.263,161.272,161.222,161.231,3408
2026.06.19,02:30,161.232,161.232,161.014,161.124,4338
2026.06.19,02:45,161.125,161.155,161.023,161.108,5343
2026.06.19,03:00,161.107,161.130,160.988,161.119,5413
2026.06.19,03:15,161.119,161.146,161.053,161.076,5216
2026.06.19,03:30,161.075,161.195,161.070,161.194,4308
2026.06.19,03:45,161.194,161.211,161.174,161.196,2914
2026.06.19,04:00,161.197,161.221,161.159,161.208,2972
2026.06.19,04:15,161.209,161.223,161.143,161.177,2866
2026.06.19,04:30,161.177,161.204,161.103,161.176,3724
2026.06.19,04:45,161.176,161.242,161.173,161.231,3108
2026.06.19,05:00,161.232,161.255,161.203,161.225,2920
2026.06.19,05:15,161.226,161.302,161.225,161.299,3558
2026.06.19,05:30,161.299,161.301,161.267,161.267,3034
2026.06.19,05:45,161.267,161.343,161.262,161.338,3103
2026.06.19,06:00,161.338,161.410,161.337,161.371,3189
2026.06.19,06:15,161.371,161.401,161.361,161.383,3305
2026.06.19,06:30,161.383,161.386,161.356,161.361,3813
2026.06.19,06:45,161.360,161.387,161.338,161.376,3676
2026.06.19,07:00,161.377,161.411,161.337,161.406,4370
2026.06.19,07:15,161.406,161.459,161.395,161.400,3587
2026.06.19,07:30,161.400,161.417,161.373,161.394,4358
2026.06.19,07:45,161.393,161.402,161.331,161.339,4093
2026.06.19,08:00,161.339,161.365,161.300,161.343,3877
2026.06.19,08:15,161.344,161.388,161.331,161.340,4884
2026.06.19,08:30,161.338,161.401,161.330,161.342,4021
2026.06.19,08:45,161.342,161.360,161.267,161.274,3868
2026.06.19,09:00,161.274,161.286,161.240,161.279,4573
2026.06.19,09:15,161.279,161.352,161.262,161.336,3775
2026.06.19,09:30,161.336,161.337,161.292,161.318,4626
2026.06.19,09:45,161.317,161.346,161.278,161.321,4185
2026.06.19,10:00,161.321,161.325,161.241,161.280,4068
2026.06.19,10:15,161.280,161.313,161.267,161.282,3467
2026.06.19,10:30,161.281,161.314,161.278,161.313,3172
2026.06.19,10:45,161.313,161.321,161.279,161.294,3441
2026.06.19,11:00,161.294,161.329,161.279,161.302,3503
2026.06.19,11:15,161.302,161.303,161.269,161.284,3700
2026.06.19,11:30,161.284,161.287,161.235,161.248,3673
2026.06.19,11:45,161.248,161.273,161.245,161.262,3081
2026.06.19,12:00,161.263,161.272,161.241,161.268,3278
2026.06.19,12:15,161.269,161.320,161.265,161.303,3982
2026.06.19,12:30,161.304,161.333,161.291,161.311,3023
2026.06.19,12:45,161.311,161.321,161.277,161.279,4698
2026.06.19,13:00,161.278,161.311,161.265,161.281,3308
2026.06.19,13:15,161.281,161.297,161.264,161.287,4244
2026.06.19,13:30,161.285,161.297,161.261,161.268,2938
2026.06.19,13:45,161.267,161.270,161.236,161.259,2836
2026.06.19,14:00,161.259,161.273,161.214,161.224,3860
2026.06.19,14:15,161.224,161.274,161.216,161.272,3355
2026.06.19,14:30,161.272,161.281,161.243,161.262,3268
2026.06.19,14:45,161.262,161.270,161.169,161.176,3230
2026.06.19,15:00,161.176,161.208,161.158,161.169,3041
2026.06.19,15:15,161.170,161.210,161.155,161.203,2673
2026.06.19,15:30,161.201,161.270,161.200,161.255,3364
2026.06.19,15:45,161.255,161.287,161.250,161.269,3203
2026.06.19,16:00,161.269,161.320,161.254,161.318,3481
2026.06.19,16:15,161.319,161.322,161.284,161.288,2512
2026.06.19,16:30,161.287,161.295,161.265,161.290,3447
2026.06.19,16:45,161.291,161.295,161.262,161.270,3389
2026.06.19,17:00,161.270,161.291,161.132,161.194,3695
2026.06.19,17:15,161.194,161.249,161.174,161.231,5110
2026.06.19,17:30,161.231,161.276,161.230,161.271,3621
2026.06.19,17:45,161.272,161.309,161.269,161.305,1869
2026.06.19,18:00,161.305,161.327,161.296,161.316,1520
2026.06.19,18:15,161.316,161.330,161.266,161.269,1244
2026.06.19,18:30,161.268,161.341,161.265,161.330,1566
2026.06.19,18:45,161.334,161.339,161.322,161.330,1412
2026.06.19,19:00,161.331,161.338,161.321,161.330,338
2026.06.19,19:15,161.329,161.332,161.315,161.316,1296
2026.06.19,19:30,161.317,161.326,161.304,161.309,664
2026.06.19,19:45,161.308,161.309,161.263,161.271,761
2026.06.19,20:00,161.270,161.282,161.255,161.280,724
2026.06.19,20:15,161.279,161.281,161.261,161.269,520
2026.06.19,20:30,161.269,161.277,161.243,161.245,375
2026.06.19,20:45,161.244,161.270,161.235,161.261,749
2026.06.19,21:00,161.259,161.261,161.231,161.257,1052
2026.06.19,21:15,161.258,161.285,161.257,161.270,566
2026.06.19,21:30,161.268,161.269,161.262,161.266,267
2026.06.19,21:45,161.266,161.297,161.266,161.288,435
2026.06.19,22:00,161.289,161.320,161.242,161.260,14493
2026.06.19,22:15,161.261,161.324,161.249,161.305,4904
2026.06.19,22:30,161.305,161.312,161.242,161.270,3826
2026.06.19,22:45,161.268,161.309,161.251,161.308,2800
2026.06.22,00:00,161.334,161.433,161.323,161.420,2883
2026.06.22,00:15,161.421,161.426,161.389,161.420,2332
2026.06.22,00:30,161.420,161.457,161.413,161.454,2266
2026.06.22,00:45,161.454,161.459,161.437,161.451,1639
2026.06.22,01:00,161.450,161.466,161.418,161.453,1571
2026.06.22,01:15,161.454,161.458,161.420,161.441,1434
2026.06.22,01:30,161.441,161.486,161.433,161.478,1864
2026.06.22,01:45,161.478,161.518,161.428,161.440,3286
2026.06.22,02:00,161.438,161.506,161.417,161.487,3157
2026.06.22,02:15,161.486,161.494,161.423,161.459,3456
2026.06.22,02:30,161.459,161.497,161.446,161.484,3864
2026.06.22,02:45,161.484,161.567,161.481,161.496,4558
2026.06.22,03:00,161.495,161.499,161.451,161.461,4069
2026.06.22,03:15,161.461,161.496,161.434,161.491,4953
2026.06.22,03:30,161.491,161.495,161.452,161.484,5100
2026.06.22,03:45,161.484,161.548,161.482,161.540,4255
2026.06.22,04:00,161.541,161.572,161.528,161.569,2514
2026.06.22,04:15,161.570,161.598,161.521,161.562,2692
2026.06.22,04:30,161.562,161.562,161.518,161.536,2329
2026.06.22,04:45,161.533,161.544,161.527,161.535,1915
2026.06.22,05:00,161.535,161.571,161.530,161.566,1980
2026.06.22,05:15,161.565,161.578,161.548,161.577,1768
2026.06.22,05:30,161.578,161.607,161.575,161.578,2220
2026.06.22,05:45,161.578,161.593,161.560,161.587,2045
2026.06.22,06:00,161.588,161.648,161.586,161.646,2819
2026.06.22,06:15,161.646,161.668,161.638,161.659,2977
2026.06.22,06:30,161.658,161.677,161.654,161.664,2526
2026.06.22,06:45,161.665,161.693,161.655,161.666,2895
2026.06.22,07:00,161.666,161.685,161.646,161.666,2462
2026.06.22,07:15,161.666,161.676,161.645,161.648,2543
2026.06.22,07:30,161.647,161.663,161.641,161.660,3087
2026.06.22,07:45,161.660,161.702,161.657,161.702,3098
2026.06.22,08:00,161.700,161.712,161.612,161.655,4851
2026.06.22,08:15,161.656,161.663,161.628,161.645,5187
2026.06.22,08:30,161.645,161.713,161.643,161.672,4077
2026.06.22,08:45,161.671,161.687,161.654,161.683,3130
2026.06.22,09:00,161.684,161.707,161.649,161.691,5255
2026.06.22,09:15,161.691,161.742,161.681,161.740,3679
2026.06.22,09:30,161.740,161.767,161.727,161.765,2838
2026.06.22,09:45,161.764,161.766,161.734,161.740,3534
2026.06.22,10:00,161.740,161.778,161.706,161.775,5461
2026.06.22,10:15,161.775,161.787,161.723,161.750,5174
2026.06.22,10:30,161.750,161.774,161.718,161.760,5700
2026.06.22,10:45,161.760,161.787,161.758,161.770,4394
2026.06.22,11:00,161.769,161.775,161.708,161.722,5359
2026.06.22,11:15,161.722,161.760,161.722,161.749,4468
2026.06.22,11:30,161.749,161.758,161.721,161.754,4421
2026.06.22,11:45,161.755,161.766,161.716,161.744,4599
2026.06.22,12:00,161.744,161.750,161.711,161.722,4354
2026.06.22,12:15,161.722,161.733,161.655,161.686,3566
2026.06.22,12:30,161.687,161.742,161.681,161.725,3701
2026.06.22,12:45,161.725,161.729,161.710,161.726,3885
2026.06.22,13:00,161.726,161.746,161.675,161.732,4854
2026.06.22,13:15,161.732,161.745,161.711,161.739,4713
2026.06.22,13:30,161.739,161.742,161.708,161.728,4393
2026.06.22,13:45,161.728,161.793,161.722,161.766,3952
2026.06.22,14:00,161.765,161.783,161.742,161.763,4513
2026.06.22,14:15,161.763,161.782,161.734,161.749,4695
2026.06.22,14:30,161.749,161.758,161.725,161.732,4184
2026.06.22,14:45,161.733,161.765,161.726,161.762,5134
2026.06.22,15:00,161.762,161.801,161.735,161.745,3973
2026.06.22,15:15,161.743,161.801,161.743,161.780,4496
2026.06.22,15:30,161.779,161.853,161.779,161.852,3270
2026.06.22,15:45,161.849,161.889,161.815,161.870,3074
2026.06.22,16:00,161.870,161.904,161.847,161.884,3025
2026.06.22,16:15,161.884,161.927,161.216,161.729,4398
2026.06.22,16:30,161.729,161.784,161.683,161.743,4113
2026.06.22,16:45,161.745,161.758,161.169,161.331,4635
2026.06.22,17:00,161.337,161.373,161.078,161.242,5387
2026.06.22,17:15,161.243,161.260,161.165,161.204,5724
2026.06.22,17:30,161.204,161.463,161.169,161.423,5269
2026.06.22,17:45,161.425,161.479,161.350,161.474,4378
2026.06.22,18:00,161.474,161.543,161.463,161.502,4022
2026.06.22,18:15,161.501,161.619,161.495,161.617,4251
2026.06.22,18:30,161.616,161.650,161.528,161.568,4530
2026.06.22,18:45,161.566,161.575,161.495,161.563,4294
2026.06.22,19:00,161.562,161.565,161.495,161.532,3939
2026.06.22,19:15,161.532,161.544,161.486,161.517,3288
2026.06.22,19:30,161.517,161.566,161.516,161.543,4248
2026.06.22,19:45,161.544,161.548,161.495,161.501,3031
2026.06.22,20:00,161.500,161.525,161.493,161.495,2800
2026.06.22,20:15,161.495,161.521,161.487,161.505,3189
2026.06.22,20:30,161.505,161.508,161.423,161.429,2944
2026.06.22,20:45,161.430,161.467,161.402,161.421,3715
2026.06.22,21:00,161.421,161.576,161.419,161.560,3338
2026.06.22,21:15,161.560,161.631,161.556,161.630,3713
2026.06.22,21:30,161.631,161.679,161.615,161.672,3372
2026.06.22,21:45,161.673,161.689,161.600,161.605,4277
2026.06.22,22:00,161.605,161.610,161.579,161.593,2574
2026.06.22,22:15,161.593,161.613,161.562,161.589,2659
2026.06.22,22:30,161.590,161.606,161.589,161.595,2575
2026.06.22,22:45,161.597,161.618,161.571,161.571,2703
2026.06.22,23:00,161.571,161.571,161.464,161.533,201
2026.06.22,23:15,161.524,161.538,161.514,161.530,211
2026.06.22,23:30,161.531,161.545,161.511,161.539,2686
2026.06.22,23:45,161.538,161.547,161.515,161.537,1301
2026.06.23,00:00,161.536,161.615,161.536,161.598,1504
2026.06.23,00:15,161.598,161.638,161.596,161.610,1820
2026.06.23,00:30,161.609,161.611,161.594,161.594,1632
2026.06.23,00:45,161.596,161.602,161.540,161.580,2168
2026.06.23,01:00,161.585,161.585,161.554,161.570,1410
2026.06.23,01:15,161.570,161.585,161.555,161.572,1512
2026.06.23,01:30,161.573,161.581,161.554,161.579,1234
2026.06.23,01:45,161.579,161.588,161.553,161.574,2704
2026.06.23,02:00,161.575,161.589,161.525,161.556,4617
2026.06.23,02:15,161.557,161.581,161.545,161.552,4080
2026.06.23,02:30,161.552,161.601,161.543,161.591,3630
2026.06.23,02:45,161.591,161.635,161.523,161.577,6187
2026.06.23,03:00,161.576,161.591,161.554,161.574,3717
2026.06.23,03:15,161.574,161.593,161.556,161.574,3203
2026.06.23,03:30,161.573,161.595,161.572,161.587,2637
2026.06.23,03:45,161.587,161.606,161.585,161.589,2403
2026.06.23,04:00,161.588,161.588,161.544,161.544,3113
2026.06.23,04:15,161.544,161.559,161.523,161.557,2187
2026.06.23,04:30,161.556,161.558,161.529,161.547,2865
2026.06.23,04:45,161.547,161.596,161.547,161.580,2790
2026.06.23,05:00,161.581,161.590,161.560,161.588,3191
2026.06.23,05:15,161.588,161.607,161.568,161.592,2902
2026.06.23,05:30,161.592,161.601,161.538,161.554,2722
2026.06.23,05:45,161.554,161.569,161.550,161.556,2479
2026.06.23,06:00,161.553,161.590,161.550,161.588,2718
2026.06.23,06:15,161.588,161.595,161.568,161.575,2414
2026.06.23,06:30,161.576,161.602,161.575,161.596,2051
2026.06.23,06:45,161.596,161.615,161.585,161.611,2186
2026.06.23,07:00,161.612,161.630,161.598,161.618,2580
2026.06.23,07:15,161.619,161.619,161.589,161.604,2823
2026.06.23,07:30,161.604,161.630,161.600,161.618,3402
2026.06.23,07:45,161.618,161.686,161.617,161.653,3404
2026.06.23,08:00,161.652,161.681,161.648,161.666,3687
2026.06.23,08:15,161.666,161.739,161.657,161.708,4281
2026.06.23,08:30,161.708,161.740,161.701,161.723,4085
2026.06.23,08:45,161.722,161.731,161.655,161.656,4900
2026.06.23,09:00,161.656,161.680,161.324,161.490,6041
2026.06.23,09:15,161.490,161.578,161.451,161.469,5586
2026.06.23,09:30,161.471,161.534,161.427,161.532,5519
2026.06.23,09:45,161.531,161.546,161.434,161.493,4852
2026.06.23,10:00,161.493,161.520,161.268,161.309,5543
2026.06.23,10:15,161.311,161.442,161.305,161.439,5367
2026.06.23,10:30,161.440,161.443,161.365,161.399,5119
2026.06.23,10:45,161.399,161.480,161.399,161.451,4904
2026.06.23,11:00,161.451,161.467,161.404,161.436,4781
2026.06.23,11:15,161.436,161.439,161.341,161.425,5475
2026.06.23,11:30,161.426,161.442,161.386,161.441,5058
2026.06.23,11:45,161.441,161.449,161.399,161.401,4777
2026.06.23,12:00,161.401,161.425,161.380,161.422,4471
2026.06.23,12:15,161.423,161.426,161.364,161.364,5129
2026.06.23,12:30,161.364,161.407,161.351,161.405,4261
2026.06.23,12:45,161.404,161.477,161.404,161.472,4015
2026.06.23,13:00,161.472,161.486,161.444,161.459,4509
2026.06.23,13:15,161.459,161.505,161.432,161.490,4824
2026.06.23,13:30,161.490,161.588,161.480,161.586,4301
2026.06.23,13:45,161.584,161.614,161.578,161.595,3521
2026.06.23,14:00,161.595,161.608,161.496,161.516,3881
2026.06.23,14:15,161.516,161.541,161.485,161.510,4294
2026.06.23,14:30,161.512,161.523,161.445,161.449,3889
2026.06.23,14:45,161.449,161.552,161.446,161.551,4427
2026.06.23,15:00,161.551,161.580,161.537,161.570,3552
2026.06.23,15:15,161.570,161.577,161.504,161.533,3808
2026.06.23,15:30,161.534,161.534,161.479,161.515,3319
2026.06.23,15:45,161.514,161.528,161.467,161.488,2874
2026.06.23,16:00,161.488,161.547,161.470,161.536,2610
2026.06.23,16:15,161.537,161.582,161.488,161.570,2558
2026.06.23,16:30,161.570,161.584,161.551,161.552,3020
2026.06.23,16:45,161.551,161.580,161.543,161.550,2722
2026.06.23,17:00,161.550,161.583,161.511,161.555,3198
2026.06.23,17:15,161.556,161.585,161.538,161.553,2917
2026.06.23,17:30,161.554,161.583,161.512,161.520,3367
2026.06.23,17:45,161.519,161.542,161.505,161.526,3092
2026.06.23,18:00,161.526,161.577,161.516,161.576,3598
2026.06.23,18:15,161.577,161.586,161.543,161.556,2430
2026.06.23,18:30,161.554,161.580,161.540,161.565,3353
2026.06.23,18:45,161.566,161.572,161.541,161.566,4031
2026.06.23,19:00,161.565,161.607,161.564,161.596,3795
2026.06.23,19:15,161.595,161.616,161.584,161.601,2608
2026.06.23,19:30,161.601,161.619,161.556,161.565,3793
2026.06.23,19:45,161.565,161.592,161.546,161.559,3365
2026.06.23,20:00,161.559,161.575,161.553,161.572,2617
2026.06.23,20:15,161.572,161.586,161.566,161.580,2646
2026.06.23,20:30,161.580,161.596,161.556,161.581,2824
2026.06.23,20:45,161.581,161.581,161.546,161.565,2931
2026.06.23,21:00,161.565,161.573,161.550,161.553,3088
2026.06.23,21:15,161.554,161.570,161.542,161.553,2739
2026.06.23,21:30,161.553,161.555,161.512,161.542,3247
2026.06.23,21:45,161.542,161.570,161.527,161.560,4472
2026.06.23,22:00,161.560,161.610,161.559,161.590,3375
2026.06.23,22:15,161.591,161.601,161.571,161.571,1140
2026.06.23,22:30,161.571,161.592,161.571,161.588,548
2026.06.23,22:45,161.588,161.594,161.539,161.539,1354
2026.06.23,23:00,161.425,161.520,161.425,161.486,351
2026.06.23,23:15,161.488,161.518,161.486,161.517,221
2026.06.23,23:30,161.517,161.531,161.499,161.524,494
2026.06.23,23:45,161.521,161.565,161.469,161.536,1986
2026.06.24,00:00,161.536,161.607,161.534,161.579,970
2026.06.24,00:15,161.579,161.582,161.563,161.575,1447
2026.06.24,00:30,161.575,161.578,161.544,161.546,1572
2026.06.24,00:45,161.546,161.567,161.534,161.559,1207
2026.06.24,01:00,161.560,161.560,161.533,161.553,1359
2026.06.24,01:15,161.553,161.572,161.550,161.563,786
2026.06.24,01:30,161.564,161.576,161.548,161.552,1079
2026.06.24,01:45,161.551,161.607,161.549,161.600,2915
2026.06.24,02:00,161.599,161.600,161.549,161.557,2660
2026.06.24,02:15,161.556,161.602,161.553,161.596,2867
2026.06.24,02:30,161.595,161.616,161.569,161.598,3608
2026.06.24,02:45,161.598,161.619,161.591,161.604,2788
2026.06.24,03:00,161.605,161.635,161.577,161.585,3360
2026.06.24,03:15,161.584,161.609,161.570,161.579,2749
2026.06.24,03:30,161.578,161.588,161.566,161.575,2429
2026.06.24,03:45,161.575,161.587,161.556,161.558,2495
2026.06.24,04:00,161.558,161.583,161.548,161.569,2167
2026.06.24,04:15,161.569,161.586,161.533,161.533,2933
2026.06.24,04:30,161.534,161.560,161.533,161.547,3270
2026.06.24,04:45,161.547,161.568,161.545,161.560,2920
2026.06.24,05:00,161.560,161.562,161.546,161.557,2351
2026.06.24,05:15,161.559,161.602,161.558,161.576,3597
2026.06.24,05:30,161.576,161.590,161.551,161.555,3292
2026.06.24,05:45,161.555,161.571,161.551,161.554,3526
2026.06.24,06:00,161.555,161.565,161.544,161.551,2379
2026.06.24,06:15,161.551,161.562,161.530,161.558,3324
2026.06.24,06:30,161.558,161.562,161.541,161.553,2544
2026.06.24,06:45,161.553,161.559,161.543,161.558,2346
2026.06.24,07:00,161.558,161.568,161.545,161.549,2682
2026.06.24,07:15,161.549,161.615,161.549,161.603,2797
2026.06.24,07:30,161.603,161.613,161.587,161.593,2030
2026.06.24,07:45,161.593,161.616,161.578,161.611,2703
2026.06.24,08:00,161.611,161.652,161.611,161.636,3168
2026.06.24,08:15,161.638,161.675,161.631,161.670,2847
2026.06.24,08:30,161.670,161.688,161.645,161.656,3283
2026.06.24,08:45,161.656,161.706,161.584,161.700,3988
2026.06.24,09:00,161.700,161.730,161.685,161.708,3098
2026.06.24,09:15,161.708,161.727,161.687,161.709,3530
2026.06.24,09:30,161.710,161.725,161.680,161.692,3011
2026.06.24,09:45,161.692,161.699,161.665,161.688,3269
2026.06.24,10:00,161.688,161.740,161.682,161.699,3625
2026.06.24,10:15,161.699,161.754,161.683,161.715,2810
2026.06.24,10:30,161.714,161.715,161.684,161.686,2607
2026.06.24,10:45,161.686,161.740,161.682,161.728,2819
2026.06.24,11:00,161.728,161.768,161.717,161.768,3324
2026.06.24,11:15,161.768,161.779,161.750,161.768,2492
2026.06.24,11:30,161.768,161.774,161.750,161.768,2999
2026.06.24,11:45,161.767,161.774,161.710,161.744,2538
2026.06.24,12:00,161.748,161.754,161.724,161.744,3177
2026.06.24,12:15,161.744,161.747,161.710,161.728,3398
2026.06.24,12:30,161.727,161.747,161.685,161.686,3334
2026.06.24,12:45,161.687,161.721,161.683,161.692,3155
2026.06.24,13:00,161.692,161.710,161.667,161.690,2985
2026.06.24,13:15,161.690,161.719,161.689,161.706,2678
2026.06.24,13:30,161.707,161.707,161.653,161.664,3073
2026.06.24,13:45,161.666,161.683,161.656,161.663,3398
2026.06.24,14:00,161.664,161.683,161.624,161.655,2752
2026.06.24,14:15,161.654,161.695,161.635,161.689,3285
2026.06.24,14:30,161.690,161.696,161.662,161.693,2404
2026.06.24,14:45,161.692,161.741,161.683,161.718,2299
2026.06.24,15:00,161.719,161.746,161.713,161.739,2000
2026.06.24,15:15,161.739,161.760,161.712,161.748,1901
2026.06.24,15:30,161.748,161.754,161.712,161.723,2128
2026.06.24,15:45,161.722,161.745,161.700,161.715,1964
2026.06.24,16:00,161.713,161.763,161.713,161.740,2008
2026.06.24,16:15,161.740,161.755,161.706,161.731,2232
2026.06.24,16:30,161.732,161.747,161.723,161.735,2167
2026.06.24,16:45,161.736,161.750,161.725,161.738,1671
2026.06.24,17:00,161.738,161.791,161.726,161.787,2074
2026.06.24,17:15,161.787,161.793,161.733,161.749,2548
2026.06.24,17:30,161.748,161.791,161.733,161.785,2617
2026.06.24,17:45,161.785,161.790,161.749,161.756,2619
2026.06.24,18:00,161.758,161.769,161.748,161.750,2134
2026.06.24,18:15,161.750,161.769,161.725,161.752,2355
2026.06.24,18:30,161.752,161.770,161.728,161.729,2793
2026.06.24,18:45,161.729,161.741,161.690,161.740,2454
2026.06.24,19:00,161.740,161.761,161.736,161.754,2984
2026.06.24,19:15,161.754,161.794,161.747,161.791,2603
2026.06.24,19:30,161.792,161.808,161.775,161.794,1811
2026.06.24,19:45,161.794,161.800,161.739,161.784,2667
2026.06.24,20:00,161.783,161.820,161.781,161.804,2469
2026.06.24,20:15,161.804,161.823,161.803,161.821,2755
2026.06.24,20:30,161.821,161.830,161.792,161.794,2783
2026.06.24,20:45,161.795,161.805,161.764,161.786,3597
2026.06.24,21:00,161.787,161.792,161.761,161.776,2530
2026.06.24,21:15,161.775,161.791,161.748,161.788,2751
2026.06.24,21:30,161.788,161.841,161.787,161.817,2193
2026.06.24,21:45,161.812,161.840,161.809,161.812,2619
2026.06.24,22:00,161.812,161.824,161.790,161.823,2516
2026.06.24,22:15,161.824,161.832,161.797,161.819,3617
2026.06.24,22:30,161.821,161.830,161.799,161.807,4579
2026.06.24,22:45,161.806,161.823,161.768,161.768,3309
2026.06.24,23:00,161.749,161.763,161.710,161.763,155
2026.06.24,23:15,161.763,161.764,161.739,161.764,109
2026.06.24,23:30,161.762,161.774,161.745,161.774,737
2026.06.24,23:45,161.774,161.796,161.756,161.772,865
2026.06.25,00:00,161.768,161.789,161.749,161.772,2739
2026.06.25,00:15,161.771,161.777,161.754,161.758,3215
2026.06.25,00:30,161.761,161.761,161.740,161.750,2110
2026.06.25,00:45,161.750,161.782,161.749,161.771,1465
2026.06.25,01:00,161.773,161.787,161.761,161.768,1719
2026.06.25,01:15,161.769,161.784,161.751,161.783,1385
2026.06.25,01:30,161.784,161.789,161.765,161.767,1694
2026.06.25,01:45,161.766,161.788,161.764,161.769,2450
2026.06.25,02:00,161.769,161.778,161.728,161.746,3644
2026.06.25,02:15,161.747,161.782,161.732,161.741,3272
2026.06.25,02:30,161.740,161.753,161.733,161.744,2474
2026.06.25,02:45,161.744,161.749,161.697,161.742,3626
2026.06.25,03:00,161.741,161.747,161.709,161.727,2384
2026.06.25,03:15,161.728,161.741,161.704,161.709,2792
2026.06.25,03:30,161.709,161.717,161.561,161.667,3625
2026.06.25,03:45,161.667,161.692,161.638,161.691,2978
2026.06.25,04:00,161.690,161.740,161.687,161.712,2658
2026.06.25,04:15,161.713,161.729,161.673,161.678,2595
2026.06.25,04:30,161.678,161.688,161.661,161.680,2978
2026.06.25,04:45,161.680,161.708,161.678,161.700,3096
2026.06.25,05:00,161.700,161.720,161.697,161.712,2950
2026.06.25,05:15,161.711,161.727,161.696,161.710,3266
2026.06.25,05:30,161.711,161.721,161.696,161.714,2607
2026.06.25,05:45,161.714,161.752,161.709,161.745,3047
2026.06.25,06:00,161.745,161.745,161.714,161.728,2625
2026.06.25,06:15,161.728,161.741,161.708,161.725,2335
2026.06.25,06:30,161.726,161.750,161.710,161.744,1689
2026.06.25,06:45,161.743,161.775,161.742,161.765,1537
2026.06.25,07:00,161.765,161.769,161.744,161.758,1771
2026.06.25,07:15,161.758,161.759,161.728,161.732,1842
2026.06.25,07:30,161.731,161.774,161.731,161.761,2333
2026.06.25,07:45,161.761,161.832,161.759,161.832,2522
2026.06.25,08:00,161.830,161.839,161.785,161.808,3331
2026.06.25,08:15,161.807,161.837,161.807,161.825,3041
2026.06.25,08:30,161.825,161.854,161.811,161.838,2909
2026.06.25,08:45,161.837,161.888,161.821,161.880,3046
2026.06.25,09:00,161.880,161.890,161.753,161.834,3434
2026.06.25,09:15,161.833,161.898,161.816,161.852,4058
2026.06.25,09:30,161.852,161.858,161.806,161.814,3618
2026.06.25,09:45,161.814,161.851,161.803,161.851,3807
2026.06.25,10:00,161.852,161.859,161.804,161.810,4087
2026.06.25,10:15,161.810,161.835,161.789,161.791,4205
2026.06.25,10:30,161.791,161.818,161.774,161.783,3925
2026.06.25,10:45,161.782,161.836,161.776,161.799,3621
2026.06.25,11:00,161.798,161.826,161.794,161.816,3135
2026.06.25,11:15,161.816,161.841,161.810,161.837,2661
2026.06.25,11:30,161.837,161.838,161.788,161.817,3516
2026.06.25,11:45,161.817,161.826,161.810,161.814,2941
2026.06.25,12:00,161.813,161.823,161.804,161.822,2591
2026.06.25,12:15,161.822,161.834,161.816,161.829,2605
2026.06.25,12:30,161.829,161.846,161.825,161.845,2186
2026.06.25,12:45,161.846,161.897,161.844,161.876,2544
2026.06.25,13:00,161.877,161.886,161.859,161.878,2478
2026.06.25,13:15,161.878,161.901,161.876,161.896,2498
2026.06.25,13:30,161.896,161.939,161.881,161.922,3482
2026.06.25,13:45,161.922,161.949,161.755,161.888,4390
2026.06.25,14:00,161.889,161.901,161.846,161.860,3519
2026.06.25,14:15,161.860,161.897,161.855,161.879,3582
2026.06.25,14:30,161.880,161.902,161.770,161.857,2863
2026.06.25,14:45,161.857,161.875,161.820,161.825,2624
2026.06.25,15:00,161.825,161.850,161.806,161.835,2783
2026.06.25,15:15,161.836,161.855,161.800,161.833,2034
2026.06.25,15:30,161.830,161.840,161.790,161.805,2534
2026.06.25,15:45,161.805,161.813,161.768,161.804,2049
2026.06.25,16:00,161.805,161.822,161.703,161.729,1758
2026.06.25,16:15,161.728,161.733,161.563,161.693,2106
2026.06.25,16:30,161.694,161.760,161.686,161.732,2445
2026.06.25,16:45,161.739,161.742,161.659,161.659,2812
2026.06.25,17:00,161.659,161.686,161.613,161.647,3205
2026.06.25,17:15,161.649,161.718,161.614,161.701,2778
2026.06.25,17:30,161.701,161.712,161.621,161.638,2415
2026.06.25,17:45,161.638,161.723,161.633,161.686,2918
2026.06.25,18:00,161.686,161.716,161.675,161.698,3145
2026.06.25,18:15,161.699,161.702,161.662,161.684,2726
2026.06.25,18:30,161.684,161.705,161.673,161.696,2708
2026.06.25,18:45,161.696,161.734,161.696,161.725,2747
2026.06.25,19:00,161.725,161.774,161.712,161.767,3229
2026.06.25,19:15,161.767,161.772,161.730,161.760,3725
2026.06.25,19:30,161.759,161.783,161.755,161.774,3191
2026.06.25,19:45,161.775,161.808,161.771,161.806,3164
2026.06.25,20:00,161.806,161.818,161.750,161.818,3309
2026.06.25,20:15,161.818,161.841,161.765,161.771,2809
2026.06.25,20:30,161.771,161.810,161.763,161.804,3446
2026.06.25,20:45,161.805,161.814,161.769,161.793,3125
2026.06.25,21:00,161.793,161.825,161.785,161.808,3500
2026.06.25,21:15,161.808,161.809,161.776,161.782,3310
2026.06.25,21:30,161.782,161.805,161.746,161.802,2501
2026.06.25,21:45,161.803,161.823,161.793,161.818,2650
2026.06.25,22:00,161.818,161.819,161.776,161.805,5243
2026.06.25,22:15,161.806,161.808,161.792,161.801,2200
2026.06.25,22:30,161.803,161.809,161.791,161.796,1272
2026.06.25,22:45,161.796,161.809,161.782,161.782,2418
2026.06.25,23:00,161.761,161.769,161.722,161.756,206
2026.06.25,23:15,161.756,161.798,161.649,161.797,320
2026.06.25,23:30,161.796,161.826,161.762,161.771,763
2026.06.25,23:45,161.771,161.823,161.723,161.780,1585
2026.06.26,00:00,161.776,161.808,161.768,161.792,1943
2026.06.26,00:15,161.790,161.800,161.774,161.787,1248
2026.06.26,00:30,161.785,161.787,161.770,161.777,1149
2026.06.26,00:45,161.776,161.800,161.771,161.788,1914
2026.06.26,01:00,161.787,161.800,161.761,161.798,1502
2026.06.26,01:15,161.798,161.816,161.798,161.800,1237
2026.06.26,01:30,161.800,161.811,161.767,161.800,1345
2026.06.26,01:45,161.800,161.811,161.786,161.805,2163
2026.06.26,02:00,161.803,161.826,161.793,161.814,3130
2026.06.26,02:15,161.814,161.823,161.795,161.818,3277
2026.06.26,02:30,161.818,161.832,161.797,161.805,2937
2026.06.26,02:45,161.805,161.840,161.802,161.826,3426
2026.06.26,03:00,161.828,161.841,161.810,161.832,2501
2026.06.26,03:15,161.832,161.834,161.810,161.831,3684
2026.06.26,03:30,161.831,161.846,161.825,161.841,2710
2026.06.26,03:45,161.842,161.847,161.824,161.840,2877
2026.06.26,04:00,161.839,161.843,161.792,161.797,2730
2026.06.26,04:15,161.797,161.812,161.782,161.792,3120
2026.06.26,04:30,161.792,161.817,161.789,161.794,3137
2026.06.26,04:45,161.794,161.804,161.777,161.794,2490
2026.06.26,05:00,161.795,161.797,161.750,161.753,2496
2026.06.26,05:15,161.753,161.759,161.725,161.745,3171
2026.06.26,05:30,161.746,161.747,161.694,161.713,2882
2026.06.26,05:45,161.713,161.715,161.622,161.652,3393
2026.06.26,06:00,161.653,161.684,161.625,161.635,3646
2026.06.26,06:15,161.636,161.655,161.566,161.597,3778
2026.06.26,06:30,161.597,161.628,161.575,161.614,3490
2026.06.26,06:45,161.613,161.656,161.613,161.628,2845
2026.06.26,07:00,161.628,161.643,161.616,161.628,3106
2026.06.26,07:15,161.629,161.639,161.596,161.604,3212
2026.06.26,07:30,161.605,161.625,161.564,161.571,3401
2026.06.26,07:45,161.570,161.594,161.538,161.544,3444
2026.06.26,08:00,161.544,161.640,161.532,161.614,4506
2026.06.26,08:15,161.613,161.670,161.596,161.663,3583
2026.06.26,08:30,161.662,161.695,161.626,161.693,3602
2026.06.26,08:45,161.693,161.739,161.683,161.729,3296
2026.06.26,09:00,161.729,161.748,161.700,161.710,2804
2026.06.26,09:15,161.710,161.724,161.642,161.664,3178
2026.06.26,09:30,161.664,161.709,161.658,161.703,3288
2026.06.26,09:45,161.703,161.707,161.620,161.662,4174
2026.06.26,10:00,161.663,161.665,161.610,161.621,4369
2026.06.26,10:15,161.621,161.638,161.537,161.576,3693
2026.06.26,10:30,161.576,161.655,161.559,161.640,3921
2026.06.26,10:45,161.640,161.647,161.591,161.636,3743
2026.06.26,11:00,161.636,161.640,161.568,161.594,3138
2026.06.26,11:15,161.594,161.596,161.544,161.562,2708
2026.06.26,11:30,161.562,161.626,161.549,161.603,3024
2026.06.26,11:45,161.603,161.623,161.565,161.579,2424
2026.06.26,12:00,161.579,161.611,161.534,161.599,3365
2026.06.26,12:15,161.599,161.611,161.569,161.599,2729
2026.06.26,12:30,161.599,161.643,161.589,161.594,2660
2026.06.26,12:45,161.594,161.623,161.585,161.621,2583
2026.06.26,13:00,161.621,161.631,161.607,161.609,2969
2026.06.26,13:15,161.609,161.647,161.608,161.621,2936
2026.06.26,13:30,161.624,161.635,161.612,161.618,3019
2026.06.26,13:45,161.618,161.664,161.617,161.652,2661
2026.06.26,14:00,161.654,161.680,161.647,161.655,2881
2026.06.26,14:15,161.656,161.664,161.638,161.651,3577
2026.06.26,14:30,161.651,161.681,161.641,161.671,3047
2026.06.26,14:45,161.671,161.705,161.670,161.698,2073
2026.06.26,15:00,161.697,161.701,161.648,161.662,2050
2026.06.26,15:15,161.662,161.681,161.633,161.662,2166
2026.06.26,15:30,161.664,161.722,161.641,161.658,2364
2026.06.26,15:45,161.657,161.672,161.622,161.624,1933
2026.06.26,16:00,161.624,161.688,161.621,161.626,1401
2026.06.26,16:15,161.626,161.644,161.606,161.622,1688
2026.06.26,16:30,161.621,161.627,161.581,161.600,2096
2026.06.26,16:45,161.604,161.641,161.604,161.614,2334
2026.06.26,17:00,161.613,161.745,161.592,161.741,2687
2026.06.26,17:15,161.742,161.742,161.641,161.657,2538
2026.06.26,17:30,161.657,161.680,161.644,161.649,2951
2026.06.26,17:45,161.649,161.674,161.646,161.650,2814
2026.06.26,18:00,161.651,161.725,161.633,161.684,3545
2026.06.26,18:15,161.682,161.701,161.660,161.692,3250
2026.06.26,18:30,161.692,161.747,161.689,161.721,2378
2026.06.26,18:45,161.721,161.771,161.715,161.737,3306
2026.06.26,19:00,161.737,161.768,161.734,161.743,3494
2026.06.26,19:15,161.743,161.753,161.729,161.741,3625
2026.06.26,19:30,161.739,161.765,161.734,161.761,3337
2026.06.26,19:45,161.762,161.778,161.740,161.767,1633
2026.06.26,20:00,161.768,161.777,161.748,161.754,1812
2026.06.26,20:15,161.754,161.769,161.744,161.755,1840
2026.06.26,20:30,161.755,161.756,161.718,161.725,1580
2026.06.26,20:45,161.725,161.743,161.711,161.737,965
2026.06.26,21:00,161.736,161.746,161.716,161.731,1853
2026.06.26,21:15,161.730,161.733,161.724,161.729,1370
2026.06.26,21:30,161.729,161.745,161.728,161.744,985
2026.06.26,21:45,161.743,161.759,161.729,161.739,1142
2026.06.26,22:00,161.738,161.769,161.710,161.754,3358
2026.06.26,22:15,161.753,161.780,161.730,161.739,2674
2026.06.26,22:30,161.738,161.777,161.730,161.742,3309
2026.06.26,22:45,161.743,161.777,161.730,161.757,2837
2026.06.29,00:00,161.820,161.828,161.750,161.773,1858
2026.06.29,00:15,161.774,161.800,161.772,161.793,765
2026.06.29,00:30,161.793,161.804,161.778,161.800,1183
2026.06.29,00:45,161.800,161.806,161.778,161.780,1061
2026.06.29,01:00,161.779,161.807,161.772,161.782,1258
2026.06.29,01:15,161.783,161.797,161.780,161.793,1142
2026.06.29,01:30,161.792,161.802,161.783,161.789,982
2026.06.29,01:45,161.791,161.808,161.776,161.794,1182
2026.06.29,02:00,161.794,161.805,161.741,161.755,1540
2026.06.29,02:15,161.754,161.761,161.725,161.752,1603
2026.06.29,02:30,161.752,161.788,161.746,161.757,2190
2026.06.29,02:45,161.757,161.763,161.738,161.757,1452
2026.06.29,03:00,161.757,161.776,161.719,161.766,2325
2026.06.29,03:15,161.766,161.772,161.734,161.750,1815
2026.06.29,03:30,161.750,161.776,161.739,161.752,1737
2026.06.29,03:45,161.752,161.783,161.751,161.776,1262
2026.06.29,04:00,161.776,161.792,161.775,161.777,1152
2026.06.29,04:15,161.778,161.782,161.740,161.745,1222
2026.06.29,04:30,161.744,161.780,161.733,161.774,1258
2026.06.29,04:45,161.773,161.781,161.759,161.778,1008
2026.06.29,05:00,161.778,161.792,161.776,161.787,1225
2026.06.29,05:15,161.789,161.792,161.776,161.785,1414
2026.06.29,05:30,161.785,161.788,161.772,161.779,1011
2026.06.29,05:45,161.778,161.789,161.774,161.783,1160
2026.06.29,06:00,161.783,161.798,161.780,161.795,1067
2026.06.29,06:15,161.795,161.805,161.788,161.800,1184
2026.06.29,06:30,161.802,161.815,161.795,161.805,1300
2026.06.29,06:45,161.803,161.810,161.792,161.807,1031
2026.06.29,07:00,161.806,161.816,161.804,161.810,905
2026.06.29,07:15,161.810,161.810,161.785,161.789,877
2026.06.29,07:30,161.791,161.812,161.789,161.803,1059
2026.06.29,07:45,161.803,161.804,161.784,161.787,944
2026.06.29,08:00,161.786,161.809,161.784,161.794,1456
2026.06.29,08:15,161.794,161.823,161.793,161.822,1337
2026.06.29,08:30,161.821,161.849,161.818,161.844,1333
2026.06.29,08:45,161.845,161.846,161.787,161.791,1649
2026.06.29,09:00,161.789,161.818,161.776,161.803,1733
2026.06.29,09:15,161.803,161.817,161.794,161.814,1061
2026.06.29,09:30,161.814,161.818,161.787,161.810,828
2026.06.29,09:45,161.810,161.813,161.792,161.807,1031
2026.06.29,10:00,161.808,161.830,161.803,161.809,951
2026.06.29,10:15,161.808,161.842,161.800,161.833,945
2026.06.29,10:30,161.836,161.852,161.827,161.844,700
2026.06.29,10:45,161.844,161.856,161.841,161.854,939
2026.06.29,11:00,161.854,161.855,161.832,161.843,1502
2026.06.29,11:15,161.844,161.881,161.841,161.874,1281
2026.06.29,11:30,161.874,161.897,161.863,161.894,2253
2026.06.29,11:45,161.894,161.900,161.879,161.892,1663
2026.06.29,12:00,161.891,161.899,161.882,161.894,1604
2026.06.29,12:15,161.895,161.899,161.884,161.887,1793
2026.06.29,12:30,161.887,161.890,161.868,161.882,1876
2026.06.29,12:45,161.882,161.884,161.860,161.862,1634
2026.06.29,13:00,161.862,161.867,161.843,161.846,2120
2026.06.29,13:15,161.845,161.862,161.843,161.843,1792
2026.06.29,13:30,161.844,161.850,161.814,161.834,1875
2026.06.29,13:45,161.833,161.853,161.823,161.841,1869
2026.06.29,14:00,161.843,161.852,161.817,161.851,1895
2026.06.29,14:15,161.852,161.863,161.846,161.858,1905
2026.06.29,14:30,161.858,161.888,161.858,161.879,1429
2026.06.29,14:45,161.880,161.903,161.871,161.888,1993
2026.06.29,15:00,161.888,161.903,161.886,161.889,2035
2026.06.29,15:15,161.889,161.913,161.885,161.908,1830
2026.06.29,15:30,161.909,161.936,161.902,161.928,2061
2026.06.29,15:45,161.928,161.950,161.899,161.941,2340
2026.06.29,16:00,161.942,161.964,161.814,161.898,2628
2026.06.29,16:15,161.899,161.923,161.872,161.909,2340
2026.06.29,16:30,161.911,161.927,161.881,161.907,2419
2026.06.29,16:45,161.908,161.939,161.898,161.921,1784
2026.06.29,17:00,161.920,161.943,161.920,161.940,1701
2026.06.29,17:15,161.941,161.941,161.922,161.928,1991
2026.06.29,17:30,161.928,161.948,161.927,161.934,1610
2026.06.29,17:45,161.936,161.952,161.928,161.933,1827
2026.06.29,18:00,161.933,161.940,161.924,161.932,1865
2026.06.29,18:15,161.932,161.939,161.918,161.937,1948
2026.06.29,18:30,161.937,161.941,161.928,161.932,3132
2026.06.29,18:45,161.932,161.945,161.920,161.941,3152
2026.06.29,19:00,161.941,161.945,161.935,161.938,2732
2026.06.29,19:15,161.937,161.960,161.936,161.949,2699
2026.06.29,19:30,161.949,161.951,161.930,161.946,2628
2026.06.29,19:45,161.946,161.951,161.920,161.935,2214
2026.06.29,20:00,161.936,161.950,161.931,161.934,2064
2026.06.29,20:15,161.935,161.947,161.926,161.943,1710
2026.06.29,20:30,161.943,161.949,161.942,161.944,1407
2026.06.29,20:45,161.944,161.982,161.944,161.978,2684
2026.06.29,21:00,161.977,161.979,161.947,161.959,1936
2026.06.29,21:15,161.959,161.962,161.938,161.939,2295
2026.06.29,21:30,161.939,161.941,161.925,161.929,2651
2026.06.29,21:45,161.929,161.947,161.907,161.945,2922
2026.06.29,22:00,161.944,161.956,161.935,161.935,2065
2026.06.29,22:15,161.935,161.945,161.928,161.941,1491
2026.06.29,22:30,161.942,161.962,161.938,161.949,1276
2026.06.29,22:45,161.949,161.963,161.919,161.919,1722
2026.06.29,23:00,161.848,161.931,161.847,161.917,329
2026.06.29,23:15,161.917,161.934,161.883,161.904,304
2026.06.29,23:30,161.904,161.913,161.895,161.907,604
2026.06.29,23:45,161.907,161.917,161.890,161.913,782
2026.06.30,00:00,161.915,161.942,161.912,161.925,1429
2026.06.30,00:15,161.926,161.946,161.925,161.931,757
2026.06.30,00:30,161.931,161.942,161.927,161.936,761
2026.06.30,00:45,161.937,161.939,161.924,161.924,775
2026.06.30,01:00,161.924,161.928,161.912,161.921,751
2026.06.30,01:15,161.921,161.926,161.910,161.921,674
2026.06.30,01:30,161.921,161.930,161.908,161.920,1060
2026.06.30,01:45,161.920,161.929,161.909,161.923,617
2026.06.30,02:00,161.922,161.954,161.922,161.950,1900
2026.06.30,02:15,161.950,161.958,161.940,161.942,1374
2026.06.30,02:30,161.942,161.969,161.938,161.962,1886
2026.06.30,02:45,161.961,161.972,161.951,161.969,926
2026.06.30,03:00,161.969,162.401,161.965,162.111,3450
2026.06.30,03:15,162.111,162.305,162.109,162.148,2746
2026.06.30,03:30,162.147,162.163,162.055,162.086,2791
2026.06.30,03:45,162.084,162.193,162.052,162.181,2466
2026.06.30,04:00,162.180,162.205,162.144,162.172,1900
2026.06.30,04:15,162.171,162.200,162.122,162.135,2493
2026.06.30,04:30,162.136,162.155,162.109,162.121,1606
2026.06.30,04:45,162.122,162.154,162.116,162.138,1431
2026.06.30,05:00,162.138,162.187,162.132,162.160,2255
2026.06.30,05:15,162.159,162.225,162.157,162.217,1794
2026.06.30,05:30,162.218,162.243,162.043,162.135,2887
2026.06.30,05:45,162.139,162.179,162.133,162.174,2205
2026.06.30,06:00,162.173,162.194,162.166,162.167,1913
2026.06.30,06:15,162.168,162.188,162.160,162.173,1237
2026.06.30,06:30,162.173,162.189,162.150,162.166,1489
2026.06.30,06:45,162.164,162.194,162.164,162.190,1666
2026.06.30,07:00,162.189,162.205,162.169,162.176,1914
2026.06.30,07:15,162.176,162.226,162.155,162.193,1781
2026.06.30,07:30,162.192,162.216,162.179,162.216,1630
2026.06.30,07:45,162.216,162.254,162.206,162.244,1482
2026.06.30,08:00,162.244,162.359,162.243,162.358,1899
2026.06.30,08:15,162.359,162.414,162.256,162.271,3269
2026.06.30,08:30,162.271,162.307,162.236,162.302,2414
2026.06.30,08:45,162.301,162.317,162.252,162.273,2098
2026.06.30,09:00,162.274,162.282,162.184,162.213,2253
2026.06.30,09:15,162.213,162.233,162.190,162.209,2153
2026.06.30,09:30,162.209,162.215,162.144,162.158,2100
2026.06.30,09:45,162.158,162.252,162.119,162.252,1867
2026.06.30,10:00,162.251,162.269,162.225,162.256,2487
2026.06.30,10:15,162.256,162.338,162.225,162.336,1829
2026.06.30,10:30,162.337,162.337,162.290,162.324,1611
2026.06.30,10:45,162.324,162.414,162.322,162.361,1505
2026.06.30,11:00,162.360,162.409,162.309,162.317,2107
2026.06.30,11:15,162.318,162.337,162.267,162.313,2354
2026.06.30,11:30,162.313,162.327,162.286,162.303,2002
2026.06.30,11:45,162.304,162.321,162.286,162.310,1977
2026.06.30,12:00,162.313,162.317,162.273,162.305,2255
2026.06.30,12:15,162.305,162.332,162.295,162.326,2116
2026.06.30,12:30,162.327,162.356,162.313,162.348,3041
2026.06.30,12:45,162.348,162.357,162.338,162.339,2369
2026.06.30,13:00,162.339,162.339,162.313,162.328,2502
2026.06.30,13:15,162.330,162.367,162.326,162.359,2473
2026.06.30,13:30,162.360,162.395,162.357,162.388,2552
2026.06.30,13:45,162.387,162.427,162.381,162.397,2246
2026.06.30,14:00,162.397,162.448,162.389,162.440,1507
2026.06.30,14:15,162.439,162.446,162.418,162.427,1773
2026.06.30,14:30,162.427,162.510,162.036,162.354,2347
2026.06.30,14:45,162.354,162.453,162.328,162.434,3137
2026.06.30,15:00,162.434,162.437,162.379,162.399,2213
2026.06.30,15:15,162.398,162.407,162.340,162.350,1473
2026.06.30,15:30,162.350,162.405,162.315,162.399,1566
2026.06.30,15:45,162.400,162.444,162.392,162.443,1399
2026.06.30,16:00,162.442,162.507,162.417,162.430,1829
2026.06.30,16:15,162.431,162.478,162.389,162.432,2114
2026.06.30,16:30,162.431,162.433,162.392,162.408,1965
2026.06.30,16:45,162.408,162.461,162.395,162.401,2217
2026.06.30,17:00,162.402,162.552,162.355,162.487,3027
2026.06.30,17:15,162.480,162.548,162.471,162.537,1931
2026.06.30,17:30,162.537,162.589,162.527,162.587,1686
2026.06.30,17:45,162.589,162.662,162.552,162.601,2111
2026.06.30,18:00,162.600,162.666,162.584,162.636,1636
2026.06.30,18:15,162.636,162.670,162.634,162.654,1438
2026.06.30,18:30,162.653,162.656,162.614,162.619,1473
2026.06.30,18:45,162.619,162.639,162.601,162.638,1486
2026.06.30,19:00,162.638,162.658,162.612,162.629,1666
2026.06.30,19:15,162.628,162.634,162.611,162.611,1430
2026.06.30,19:30,162.611,162.615,162.583,162.604,1325
2026.06.30,19:45,162.604,162.609,162.559,162.581,1372
2026.06.30,20:00,162.582,162.598,162.566,162.587,2216
2026.06.30,20:15,162.586,162.608,162.585,162.590,2039
2026.06.30,20:30,162.590,162.599,162.578,162.588,2330
2026.06.30,20:45,162.588,162.616,162.575,162.579,1856
2026.06.30,21:00,162.579,162.622,162.559,162.577,2100
2026.06.30,21:15,162.578,162.597,162.575,162.594,2306
2026.06.30,21:30,162.595,162.633,162.593,162.605,1409
2026.06.30,21:45,162.604,162.621,162.593,162.606,1664
2026.06.30,22:00,162.605,162.623,162.572,162.583,3541
2026.06.30,22:15,162.581,162.590,162.552,162.584,2724
2026.06.30,22:30,162.582,162.612,162.573,162.575,1973
2026.06.30,22:45,162.575,162.595,162.491,162.491,3504
2026.06.30,23:00,162.442,162.629,162.442,162.626,377
2026.06.30,23:15,162.626,162.627,162.603,162.622,233
2026.06.30,23:30,162.620,162.621,162.542,162.551,1108
2026.06.30,23:45,162.551,162.575,162.534,162.575,1659
2026.07.01,00:00,162.568,162.623,162.562,162.622,1732
2026.07.01,00:15,162.621,162.624,162.604,162.621,1811
2026.07.01,00:30,162.621,162.626,162.604,162.608,708
2026.07.01,00:45,162.608,162.621,162.604,162.604,1445
2026.07.01,01:00,162.604,162.610,162.589,162.589,1400
2026.07.01,01:15,162.590,162.591,162.527,162.575,1511
2026.07.01,01:30,162.576,162.588,162.549,162.586,1393
2026.07.01,01:45,162.585,162.646,162.583,162.634,2314
2026.07.01,02:00,162.636,162.686,162.636,162.683,2303
2026.07.01,02:15,162.683,162.695,162.636,162.643,3361
2026.07.01,02:30,162.643,162.732,162.642,162.729,3253
2026.07.01,02:45,162.729,162.777,162.658,162.677,4707
2026.07.01,03:00,162.678,162.702,162.657,162.659,3160
2026.07.01,03:15,162.659,162.733,162.639,162.645,3076
2026.07.01,03:30,162.645,162.679,162.589,162.599,3342
2026.07.01,03:45,162.601,162.654,162.596,162.651,2837
2026.07.01,04:00,162.651,162.703,162.641,162.689,3641
2026.07.01,04:15,162.690,162.704,162.661,162.688,3262
2026.07.01,04:30,162.688,162.722,162.680,162.712,3123
2026.07.01,04:45,162.713,162.789,162.712,162.749,3170
2026.07.01,05:00,162.750,162.771,162.732,162.768,2666
2026.07.01,05:15,162.768,162.809,162.766,162.804,3168
2026.07.01,05:30,162.805,162.839,162.796,162.834,2881
2026.07.01,05:45,162.835,162.837,162.793,162.797,1986
2026.07.01,06:00,162.797,162.813,162.783,162.786,2919
2026.07.01,06:15,162.785,162.800,162.777,162.789,2526
2026.07.01,06:30,162.789,162.792,162.568,162.701,6066
2026.07.01,06:45,162.701,162.730,162.676,162.728,3267
2026.07.01,07:00,162.729,162.763,162.713,162.723,2793
2026.07.01,07:15,162.723,162.742,162.695,162.733,2695
2026.07.01,07:30,162.733,162.743,162.693,162.699,3045
2026.07.01,07:45,162.700,162.713,162.687,162.713,2933
2026.07.01,08:00,162.714,162.753,162.701,162.751,3677
2026.07.01,08:15,162.751,162.757,162.695,162.717,3706
2026.07.01,08:30,162.718,162.727,162.677,162.707,4070
2026.07.01,08:45,162.708,162.714,162.657,162.677,3858
2026.07.01,09:00,162.677,162.689,162.624,162.635,3798
2026.07.01,09:15,162.636,162.721,162.611,162.718,4629
2026.07.01,09:30,162.718,162.718,162.619,162.659,4293
2026.07.01,09:45,162.658,162.682,162.634,162.671,4230
2026.07.01,10:00,162.671,162.702,162.663,162.680,3948
2026.07.01,10:15,162.680,162.687,162.646,162.650,3173
2026.07.01,10:30,162.649,162.662,162.635,162.642,3296
2026.07.01,10:45,162.643,162.667,162.635,162.665,3444
2026.07.01,11:00,162.665,162.690,162.650,162.682,3962
2026.07.01,11:15,162.682,162.717,162.663,162.667,3799
2026.07.01,11:30,162.666,162.700,162.664,162.689,2976
2026.07.01,11:45,162.689,162.742,162.686,162.735,3298
2026.07.01,12:00,162.735,162.745,162.689,162.694,3059
2026.07.01,12:15,162.694,162.706,162.676,162.689,3108
2026.07.01,12:30,162.690,162.702,162.676,162.693,2717
2026.07.01,12:45,162.694,162.701,162.675,162.689,3344
2026.07.01,13:00,162.689,162.712,162.683,162.708,3105
2026.07.01,13:15,162.710,162.720,162.696,162.707,2332
2026.07.01,13:30,162.707,162.733,162.689,162.692,2817
2026.07.01,13:45,162.692,162.714,162.691,162.701,3083
2026.07.01,14:00,162.701,162.713,162.689,162.698,2426
2026.07.01,14:15,162.697,162.712,162.674,162.698,2734
2026.07.01,14:30,162.698,162.732,162.682,162.723,2452
2026.07.01,14:45,162.723,162.764,162.716,162.725,3059
2026.07.01,15:00,162.724,162.727,162.688,162.694,1749
2026.07.01,15:15,162.696,162.736,162.618,162.639,2714
2026.07.01,15:30,162.639,162.639,162.495,162.506,2111
2026.07.01,15:45,162.506,162.515,162.316,162.317,2927
2026.07.01,16:00,162.314,162.464,162.295,162.357,2728
2026.07.01,16:15,162.358,162.409,162.309,162.354,3014
2026.07.01,16:30,162.352,162.452,162.338,162.435,2892
2026.07.01,16:45,162.433,162.440,162.320,162.384,2616
2026.07.01,17:00,162.384,162.449,162.371,162.413,2918
2026.07.01,17:15,162.412,162.457,162.401,162.414,2737
2026.07.01,17:30,162.414,162.478,162.393,162.401,2579
2026.07.01,17:45,162.401,162.465,162.400,162.453,2783
2026.07.01,18:00,162.453,162.459,162.369,162.370,2261
2026.07.01,18:15,162.371,162.421,162.359,162.417,2294
2026.07.01,18:30,162.417,162.418,162.373,162.410,2847
2026.07.01,18:45,162.410,162.462,162.409,162.428,2072
2026.07.01,19:00,162.428,162.487,162.426,162.487,2585
2026.07.01,19:15,162.488,162.494,162.464,162.486,2597
2026.07.01,19:30,162.487,162.506,162.471,162.504,1933
2026.07.01,19:45,162.504,162.536,162.500,162.506,2648
2026.07.01,20:00,162.507,162.545,162.505,162.525,1905
2026.07.01,20:15,162.525,162.580,162.517,162.573,2281
2026.07.01,20:30,162.573,162.579,162.548,162.554,2108
2026.07.01,20:45,162.553,162.554,162.521,162.523,1630
2026.07.01,21:00,162.523,162.537,162.509,162.524,1789
2026.07.01,21:15,162.524,162.550,162.514,162.535,1264
2026.07.01,21:30,162.536,162.540,162.508,162.526,1062
2026.07.01,21:45,162.525,162.584,162.520,162.562,1476
2026.07.01,22:00,162.562,162.581,162.547,162.572,4078
2026.07.01,22:15,162.571,162.602,162.570,162.600,1619
2026.07.01,22:30,162.599,162.610,162.590,162.603,1797
2026.07.01,22:45,162.605,162.619,162.577,162.577,2143
2026.07.01,23:00,162.562,162.572,162.525,162.545,231
2026.07.01,23:15,162.549,162.561,162.533,162.543,747
2026.07.01,23:30,162.543,162.560,162.536,162.556,743
2026.07.01,23:45,162.556,162.556,162.528,162.556,271
2026.07.02,00:00,162.556,162.573,162.545,162.558,2883
2026.07.02,00:15,162.556,162.561,162.548,162.552,1078
2026.07.02,00:30,162.552,162.559,162.536,162.544,968
2026.07.02,00:45,162.545,162.548,162.536,162.544,832
2026.07.02,01:00,162.542,162.557,162.531,162.555,1057
2026.07.02,01:15,162.552,162.575,162.552,162.574,781
2026.07.02,01:30,162.574,162.588,162.553,162.569,904
2026.07.02,01:45,162.570,162.572,162.517,162.546,1796
2026.07.02,02:00,162.547,162.571,162.481,162.491,3381
2026.07.02,02:15,162.492,162.570,162.486,162.570,4822
2026.07.02,02:30,162.571,162.593,162.535,162.567,3955
2026.07.02,02:45,162.566,162.598,162.530,162.566,5567
2026.07.02,03:00,162.566,162.577,162.527,162.539,4105
2026.07.02,03:15,162.539,162.584,162.531,162.564,3198
2026.07.02,03:30,162.563,162.581,162.551,162.553,3140
2026.07.02,03:45,162.552,162.557,162.506,162.526,3736
2026.07.02,04:00,162.525,162.554,162.513,162.538,3740
2026.07.02,04:15,162.539,162.541,162.515,162.526,4130
2026.07.02,04:30,162.527,162.529,162.496,162.516,3588
2026.07.02,04:45,162.515,162.528,162.501,162.524,2946
2026.07.02,05:00,162.524,162.544,162.523,162.535,2444
2026.07.02,05:15,162.535,162.537,162.517,162.526,2232
2026.07.02,05:30,162.525,162.528,162.517,162.523,2140
2026.07.02,05:45,162.523,162.524,162.436,162.461,3103
2026.07.02,06:00,162.461,162.462,162.362,162.420,5155
2026.07.02,06:15,162.419,162.448,162.416,162.445,2854
2026.07.02,06:30,162.445,162.454,162.414,162.418,3285
2026.07.02,06:45,162.418,162.435,162.391,162.433,3684
2026.07.02,07:00,162.434,162.434,162.392,162.403,3274
2026.07.02,07:15,162.404,162.422,162.390,162.398,2924
2026.07.02,07:30,162.397,162.412,162.366,162.373,3349
2026.07.02,07:45,162.373,162.394,162.319,162.334,3819
2026.07.02,08:00,162.334,162.335,162.127,162.188,5012
2026.07.02,08:15,162.187,162.268,162.187,162.198,5186
2026.07.02,08:30,162.200,162.262,162.174,162.200,4944
2026.07.02,08:45,162.201,162.221,161.131,161.626,6475
2026.07.02,09:00,161.613,161.951,161.613,161.807,6446
2026.07.02,09:15,161.807,161.827,161.605,161.753,7397
2026.07.02,09:30,161.754,161.800,161.620,161.629,7331
2026.07.02,09:45,161.629,161.629,161.373,161.397,7943
2026.07.02,10:00,161.398,161.509,161.218,161.260,6797
2026.07.02,10:15,161.260,161.299,161.165,161.225,6080
2026.07.02,10:30,161.225,161.335,161.061,161.134,6436
2026.07.02,10:45,161.133,161.257,160.903,161.108,6751
2026.07.02,11:00,161.107,161.237,161.024,161.223,5789
2026.07.02,11:15,161.222,161.343,161.222,161.248,6666
2026.07.02,11:30,161.248,161.261,161.122,161.148,5356
2026.07.02,11:45,161.148,161.241,161.129,161.210,6366
2026.07.02,12:00,161.206,161.283,161.118,161.264,6308
2026.07.02,12:15,161.264,161.343,161.238,161.339,5206
2026.07.02,12:30,161.339,161.489,161.337,161.455,5597
2026.07.02,12:45,161.456,161.479,161.357,161.361,4651
2026.07.02,13:00,161.361,161.430,161.330,161.397,3691
2026.07.02,13:15,161.398,161.400,161.325,161.349,5327
2026.07.02,13:30,161.349,161.412,161.326,161.392,4250
2026.07.02,13:45,161.392,161.468,161.376,161.455,2810
2026.07.02,14:00,161.455,161.539,161.454,161.539,3807
2026.07.02,14:15,161.538,161.623,161.519,161.620,3839
2026.07.02,14:30,161.620,161.644,161.498,161.531,3617
2026.07.02,14:45,161.529,161.549,160.636,160.792,3648
2026.07.02,15:00,160.796,161.054,160.766,161.053,3712
2026.07.02,15:15,161.052,161.085,160.933,161.065,3664
2026.07.02,15:30,161.064,161.161,161.010,161.078,3403
2026.07.02,15:45,161.078,161.078,160.931,160.965,2761
2026.07.02,16:00,160.964,160.974,160.830,160.834,3135
2026.07.02,16:15,160.835,160.989,160.834,160.861,3067
2026.07.02,16:30,160.860,161.066,160.838,161.061,2869
2026.07.02,16:45,161.062,161.116,161.013,161.106,2549
2026.07.02,17:00,161.105,161.118,161.003,161.077,2681
2026.07.02,17:15,161.076,161.078,160.906,160.935,2820
2026.07.02,17:30,160.934,160.954,160.828,160.895,2781
2026.07.02,17:45,160.895,160.902,160.759,160.861,3493
2026.07.02,18:00,160.860,160.937,160.858,160.898,3640
2026.07.02,18:15,160.898,160.988,160.893,160.960,3755
2026.07.02,18:30,160.961,161.077,160.949,161.064,2855
2026.07.02,18:45,161.064,161.092,161.005,161.031,3163
2026.07.02,19:00,161.031,161.034,160.943,160.994,3399
2026.07.02,19:15,160.995,161.043,160.991,161.031,2788
2026.07.02,19:30,161.034,161.118,161.029,161.116,2968
2026.07.02,19:45,161.116,161.128,161.068,161.102,2887
2026.07.02,20:00,161.103,161.127,161.057,161.059,3482
2026.07.02,20:15,161.060,161.077,161.019,161.072,3526
2026.07.02,20:30,161.073,161.104,161.045,161.088,4094
2026.07.02,20:45,161.087,161.089,161.034,161.064,3562
2026.07.02,21:00,161.064,161.066,161.042,161.060,4343
2026.07.02,21:15,161.060,161.097,161.053,161.067,3159
2026.07.02,21:30,161.067,161.125,161.067,161.121,3104
2026.07.02,21:45,161.121,161.173,161.119,161.165,3719
2026.07.02,22:00,161.165,161.170,161.119,161.139,3220
2026.07.02,22:15,161.138,161.143,161.069,161.078,4950
2026.07.02,22:30,161.077,161.117,161.077,161.116,1118
2026.07.02,22:45,161.115,161.138,161.078,161.078,2552
2026.07.02,23:00,161.075,161.106,160.930,161.101,317
2026.07.02,23:15,161.097,161.109,161.023,161.102,551
2026.07.02,23:30,161.102,161.145,161.075,161.118,2175
2026.07.02,23:45,161.121,161.139,161.074,161.080,1031
2026.07.03,00:00,161.077,161.121,161.072,161.109,963
2026.07.03,00:15,161.109,161.149,161.109,161.147,1478
2026.07.03,00:30,161.146,161.280,161.145,161.255,2813
2026.07.03,00:45,161.254,161.304,161.239,161.259,2546
2026.07.03,01:00,161.260,161.277,161.235,161.253,1595
2026.07.03,01:15,161.254,161.261,161.233,161.259,1416
2026.07.03,01:30,161.260,161.356,161.258,161.354,1808
2026.07.03,01:45,161.352,161.462,161.338,161.455,2838
2026.07.03,02:00,161.454,161.469,161.393,161.445,2814
2026.07.03,02:15,161.445,161.522,161.430,161.475,3906
2026.07.03,02:30,161.475,161.487,161.407,161.417,3603
2026.07.03,02:45,161.416,161.439,161.361,161.371,3919
2026.07.03,03:00,161.371,161.397,161.180,161.215,4355
2026.07.03,03:15,161.216,161.274,161.166,161.173,3235
2026.07.03,03:30,161.172,161.174,160.925,161.104,3512
2026.07.03,03:45,161.104,161.187,161.074,161.160,3393
2026.07.03,04:00,161.160,161.261,161.158,161.227,3916
2026.07.03,04:15,161.226,161.248,161.134,161.147,3538
2026.07.03,04:30,161.146,161.229,161.121,161.222,4159
2026.07.03,04:45,161.221,161.225,161.123,161.170,4153
2026.07.03,05:00,161.169,161.223,161.146,161.183,3520
2026.07.03,05:15,161.182,161.217,161.181,161.196,2976
2026.07.03,05:30,161.195,161.214,161.170,161.199,3565
2026.07.03,05:45,161.200,161.200,161.143,161.173,2835
2026.07.03,06:00,161.174,161.210,161.169,161.180,3245
2026.07.03,06:15,161.180,161.202,161.162,161.174,3146
2026.07.03,06:30,161.175,161.208,161.170,161.184,2371
2026.07.03,06:45,161.185,161.196,161.126,161.128,2396
2026.07.03,07:00,161.129,161.131,160.981,161.055,4030
2026.07.03,07:15,161.056,161.087,161.001,161.069,2905
2026.07.03,07:30,161.069,161.152,161.043,161.131,3363
2026.07.03,07:45,161.130,161.179,161.122,161.164,3280
2026.07.03,08:00,161.162,161.163,161.041,161.087,3718
2026.07.03,08:15,161.085,161.093,160.951,160.988,4383
2026.07.03,08:30,160.985,161.015,160.482,160.826,6062
2026.07.03,08:45,160.826,160.840,160.643,160.724,5450
2026.07.03,09:00,160.724,160.924,160.711,160.868,5721
2026.07.03,09:15,160.869,160.878,160.731,160.824,5598
2026.07.03,09:30,160.824,160.902,160.715,160.880,5355
2026.07.03,09:45,160.880,160.997,160.875,160.892,5213
2026.07.03,10:00,160.892,160.894,160.754,160.835,3915
2026.07.03,10:15,160.836,160.905,160.823,160.879,3469
2026.07.03,10:30,160.878,160.936,160.823,160.902,3743
2026.07.03,10:45,160.902,161.024,160.900,161.023,3959
2026.07.03,11:00,161.022,161.068,160.966,160.968,3044
2026.07.03,11:15,160.968,161.064,160.964,161.047,2393
2026.07.03,11:30,161.047,161.051,161.018,161.035,2611
2026.07.03,11:45,161.035,161.129,161.031,161.126,3129
2026.07.03,12:00,161.127,161.168,161.107,161.120,2963
2026.07.03,12:15,161.120,161.140,161.108,161.135,2323
2026.07.03,12:30,161.135,161.158,161.120,161.136,2477
2026.07.03,12:45,161.136,161.136,161.073,161.096,1513
2026.07.03,13:00,161.096,161.129,161.056,161.069,2569
2026.07.03,13:15,161.070,161.106,161.060,161.103,2449
2026.07.03,13:30,161.103,161.142,161.102,161.134,1603
2026.07.03,13:45,161.133,161.159,161.111,161.117,2586
2026.07.03,14:00,161.113,161.150,161.104,161.135,4027
2026.07.03,14:15,161.135,161.153,161.127,161.131,2881
2026.07.03,14:30,161.131,161.146,161.111,161.134,2919
2026.07.03,14:45,161.134,161.171,161.110,161.171,2869
2026.07.03,15:00,161.170,161.246,161.170,161.245,2980
2026.07.03,15:15,161.245,161.274,161.198,161.200,3706
2026.07.03,15:30,161.199,161.256,161.194,161.252,3270
2026.07.03,15:45,161.252,161.271,161.233,161.260,3627
2026.07.03,16:00,161.260,161.279,161.234,161.256,4061
2026.07.03,16:15,161.256,161.258,161.212,161.220,4343
2026.07.03,16:30,161.220,161.249,161.208,161.239,2871
2026.07.03,16:45,161.240,161.291,161.224,161.290,3529
2026.07.03,17:00,161.291,161.345,161.275,161.296,3391
2026.07.03,17:15,161.296,161.319,161.271,161.279,2377
2026.07.03,17:30,161.279,161.308,161.277,161.304,1962
2026.07.03,17:45,161.304,161.332,161.290,161.318,1959
2026.07.03,18:00,161.319,161.342,161.305,161.339,1566
2026.07.03,18:15,161.339,161.367,161.337,161.361,1512
2026.07.03,18:30,161.360,161.395,161.358,161.392,1604
2026.07.03,18:45,161.390,161.390,161.344,161.349,1319
2026.07.03,19:00,161.350,161.358,161.303,161.339,4645
2026.07.03,19:15,161.339,161.346,161.313,161.319,5040
2026.07.03,19:30,161.319,161.336,161.281,161.307,5322
2026.07.03,19:45,161.307,161.310,161.283,161.305,5569
2026.07.03,20:00,161.305,161.340,161.291,161.325,5411
2026.07.03,20:15,161.325,161.339,161.315,161.327,3521
2026.07.03,20:30,161.326,161.338,161.319,161.331,4080
2026.07.03,20:45,161.331,161.359,161.331,161.357,1575
2026.07.03,21:00,161.358,161.363,161.341,161.355,1963
2026.07.03,21:15,161.355,161.360,161.347,161.357,1593
2026.07.03,21:30,161.357,161.380,161.352,161.374,2191
2026.07.03,21:45,161.374,161.374,161.351,161.365,1669
2026.07.03,22:00,161.365,161.385,161.355,161.374,2146
2026.07.03,22:15,161.373,161.388,161.359,161.380,2754
2026.07.03,22:30,161.384,161.386,161.328,161.369,4455
2026.07.03,22:45,161.366,161.421,161.294,161.294,2407
2026.07.06,00:00,161.310,161.474,161.292,161.408,3757
2026.07.06,00:15,161.407,161.422,161.393,161.404,1982
2026.07.06,00:30,161.404,161.419,161.392,161.418,1643
2026.07.06,00:45,161.419,161.422,161.405,161.417,1487
2026.07.06,01:00,161.418,161.477,161.416,161.470,1345
2026.07.06,01:15,161.471,161.506,161.452,161.470,1215
2026.07.06,01:30,161.470,161.487,161.455,161.458,1780
2026.07.06,01:45,161.458,161.476,161.419,161.459,2914
2026.07.06,02:00,161.461,161.588,161.459,161.537,4547
2026.07.06,02:15,161.536,161.544,161.457,161.497,5269
2026.07.06,02:30,161.500,161.546,161.475,161.525,5156
2026.07.06,02:45,161.525,161.607,161.468,161.515,6136
2026.07.06,03:00,161.515,161.621,161.515,161.601,4744
2026.07.06,03:15,161.601,161.774,161.601,161.769,4141
2026.07.06,03:30,161.769,161.774,161.700,161.705,3426
2026.07.06,03:45,161.705,161.815,161.703,161.811,3411
2026.07.06,04:00,161.811,161.851,161.780,161.829,3275
2026.07.06,04:15,161.829,161.837,161.784,161.797,2556
2026.07.06,04:30,161.796,161.826,161.793,161.798,1962
2026.07.06,04:45,161.798,161.806,161.749,161.773,2234
2026.07.06,05:00,161.774,161.803,161.763,161.800,1470
2026.07.06,05:15,161.801,161.826,161.785,161.824,2139
2026.07.06,05:30,161.826,161.835,161.796,161.797,2528
2026.07.06,05:45,161.797,161.862,161.795,161.843,2189
2026.07.06,06:00,161.846,161.850,161.809,161.824,1900
2026.07.06,06:15,161.823,161.850,161.808,161.849,1770
2026.07.06,06:30,161.849,161.934,161.836,161.914,1888
2026.07.06,06:45,161.915,161.944,161.915,161.938,2194
2026.07.06,07:00,161.938,161.989,161.885,161.940,3047
2026.07.06,07:15,161.940,161.970,161.938,161.957,2066
2026.07.06,07:30,161.956,161.966,161.938,161.945,1934
2026.07.06,07:45,161.946,162.085,161.946,162.077,2418
2026.07.06,08:00,162.078,162.156,162.028,162.127,4965
2026.07.06,08:15,162.126,162.273,162.122,162.185,5108
2026.07.06,08:30,162.186,162.211,162.114,162.120,4572
2026.07.06,08:45,162.120,162.308,162.111,162.259,3575
2026.07.06,09:00,162.260,162.315,162.230,162.238,6316
2026.07.06,09:15,162.238,162.304,162.221,162.266,3974
2026.07.06,09:30,162.265,162.266,162.160,162.175,4338
2026.07.06,09:45,162.175,162.204,162.155,162.159,3479
2026.07.06,10:00,162.159,162.294,162.159,162.251,3957
2026.07.06,10:15,162.250,162.257,162.212,162.229,3028
2026.07.06,10:30,162.230,162.266,162.227,162.249,2618
2026.07.06,10:45,162.249,162.266,162.235,162.248,2837
2026.07.06,11:00,162.249,162.301,162.229,162.280,2693
2026.07.06,11:15,162.279,162.303,162.258,162.291,2407
2026.07.06,11:30,162.293,162.302,162.253,162.272,2592
2026.07.06,11:45,162.272,162.350,162.270,162.330,2545
2026.07.06,12:00,162.330,162.411,162.257,162.258,4092
2026.07.06,12:15,162.258,162.342,162.255,162.341,4047
2026.07.06,12:30,162.339,162.352,162.304,162.311,3388
2026.07.06,12:45,162.311,162.326,162.300,162.308,3338
2026.07.06,13:00,162.308,162.323,162.282,162.302,2825
2026.07.06,13:15,162.300,162.320,162.285,162.295,2209
2026.07.06,13:30,162.296,162.325,162.290,162.320,2608
2026.07.06,13:45,162.319,162.356,162.303,162.334,2581
2026.07.06,14:00,162.333,162.350,162.303,162.321,3481
2026.07.06,14:15,162.321,162.349,162.310,162.344,2785
2026.07.06,14:30,162.344,162.410,162.324,162.401,2712
2026.07.06,14:45,162.401,162.426,162.355,162.406,3492
2026.07.06,15:00,162.406,162.419,162.372,162.374,3262
2026.07.06,15:15,162.373,162.376,162.310,162.325,3031
2026.07.06,15:30,162.325,162.363,162.311,162.356,3131
2026.07.06,15:45,162.357,162.388,162.323,162.335,2821
2026.07.06,16:00,162.336,162.361,162.296,162.296,2704
2026.07.06,16:15,162.296,162.321,162.274,162.295,3116
2026.07.06,16:30,162.295,162.312,162.281,162.297,2542
2026.07.06,16:45,162.296,162.384,162.292,162.372,3370
2026.07.06,17:00,162.371,162.374,162.293,162.331,3439
2026.07.06,17:15,162.330,162.345,162.312,162.343,3179
2026.07.06,17:30,162.340,162.354,162.290,162.295,3015
2026.07.06,17:45,162.295,162.303,162.273,162.284,2118
2026.07.06,18:00,162.284,162.318,162.280,162.288,2130
2026.07.06,18:15,162.288,162.290,162.241,162.243,2128
2026.07.06,18:30,162.243,162.284,162.243,162.278,2000
2026.07.06,18:45,162.278,162.304,162.258,162.260,2278
2026.07.06,19:00,162.260,162.273,162.250,162.254,2833
2026.07.06,19:15,162.254,162.263,162.171,162.195,2722
2026.07.06,19:30,162.195,162.211,162.145,162.155,2688
2026.07.06,19:45,162.156,162.177,162.145,162.175,2051
2026.07.06,20:00,162.176,162.189,162.159,162.162,2292
2026.07.06,20:15,162.160,162.161,162.132,162.143,1815
2026.07.06,20:30,162.143,162.164,162.101,162.105,2384
2026.07.06,20:45,162.106,162.132,162.020,162.046,3798
2026.07.06,21:00,162.046,162.100,162.046,162.086,2946
2026.07.06,21:15,162.085,162.113,162.079,162.110,2866
2026.07.06,21:30,162.110,162.116,162.038,162.107,2612
2026.07.06,21:45,162.106,162.107,162.031,162.060,3223
2026.07.06,22:00,162.060,162.099,162.030,162.091,2572
2026.07.06,22:15,162.089,162.099,162.045,162.063,1665
2026.07.06,22:30,162.064,162.111,162.064,162.096,2887
2026.07.06,22:45,162.097,162.114,162.064,162.064,2222
2026.07.06,23:00,162.015,162.092,162.015,162.069,156
2026.07.06,23:15,162.071,162.091,162.051,162.070,215
2026.07.06,23:30,162.076,162.107,162.055,162.094,1821
2026.07.06,23:45,162.091,162.192,162.059,162.104,2274
2026.07.07,00:00,162.107,162.110,162.040,162.067,3126
2026.07.07,00:15,162.067,162.099,162.053,162.082,2341
2026.07.07,00:30,162.086,162.090,162.068,162.083,1500
2026.07.07,00:45,162.083,162.085,162.059,162.069,1019
2026.07.07,01:00,162.068,162.069,162.000,162.033,1776
2026.07.07,01:15,162.033,162.037,162.013,162.032,1456
2026.07.07,01:30,162.032,162.075,162.014,162.066,1215
2026.07.07,01:45,162.066,162.111,162.051,162.097,2724
2026.07.07,02:00,162.097,162.131,162.081,162.129,3970
2026.07.07,02:15,162.128,162.182,162.127,162.168,3663
2026.07.07,02:30,162.167,162.170,162.140,162.146,3067
2026.07.07,02:45,162.146,162.175,162.088,162.130,5118
2026.07.07,03:00,162.129,162.142,162.105,162.135,3489
2026.07.07,03:15,162.134,162.147,162.024,162.024,4404
2026.07.07,03:30,162.024,162.026,161.694,161.963,5963
2026.07.07,03:45,161.964,161.978,161.777,161.860,6343
2026.07.07,04:00,161.860,161.889,161.794,161.873,5440
2026.07.07,04:15,161.873,161.912,161.846,161.911,3232
2026.07.07,04:30,161.911,161.927,161.866,161.896,2945
2026.07.07,04:45,161.896,161.926,161.885,161.921,2586
2026.07.07,05:00,161.920,161.925,161.881,161.899,3285
2026.07.07,05:15,161.899,161.900,161.792,161.827,4590
2026.07.07,05:30,161.826,161.898,161.810,161.885,3567
2026.07.07,05:45,161.884,161.888,161.854,161.874,3354
2026.07.07,06:00,161.873,161.886,161.831,161.835,2456
2026.07.07,06:15,161.834,161.850,161.791,161.806,2681
2026.07.07,06:30,161.805,161.806,161.680,161.725,4014
2026.07.07,06:45,161.725,161.798,161.682,161.798,3997
2026.07.07,07:00,161.799,161.802,161.751,161.783,4076
2026.07.07,07:15,161.783,161.893,161.776,161.857,3558
2026.07.07,07:30,161.857,161.873,161.807,161.858,3515
2026.07.07,07:45,161.858,161.892,161.814,161.864,3253
2026.07.07,08:00,161.864,161.955,161.861,161.929,4028
2026.07.07,08:15,161.930,162.034,161.919,162.031,3372
2026.07.07,08:30,162.031,162.034,161.986,162.001,3157
2026.07.07,08:45,162.001,162.044,161.993,162.025,3207
2026.07.07,09:00,162.024,162.082,161.990,161.993,3637
2026.07.07,09:15,161.992,161.997,161.657,161.964,3455
2026.07.07,09:30,161.964,161.983,161.892,161.979,3624
2026.07.07,09:45,161.980,161.992,161.854,161.963,5508
2026.07.07,10:00,161.962,161.972,161.827,161.847,4585
2026.07.07,10:15,161.848,161.929,161.833,161.926,4873
2026.07.07,10:30,161.926,161.948,161.853,161.884,4651
2026.07.07,10:45,161.885,161.925,161.851,161.902,4584
2026.07.07,11:00,161.901,161.922,161.815,161.869,4811
2026.07.07,11:15,161.869,161.897,161.841,161.878,3611
2026.07.07,11:30,161.877,161.924,161.865,161.911,3292
2026.07.07,11:45,161.910,161.967,161.898,161.939,3343
2026.07.07,12:00,161.939,161.962,161.921,161.926,2659
2026.07.07,12:15,161.926,161.926,161.883,161.890,2824
2026.07.07,12:30,161.889,161.918,161.876,161.914,3190
2026.07.07,12:45,161.913,161.943,161.906,161.937,2600
2026.07.07,13:00,161.937,161.952,161.891,161.900,2390
2026.07.07,13:15,161.900,161.911,161.845,161.904,3232
2026.07.07,13:30,161.904,161.942,161.899,161.941,2765
2026.07.07,13:45,161.941,161.957,161.916,161.916,3334
2026.07.07,14:00,161.916,161.928,161.886,161.888,3051
2026.07.07,14:15,161.888,161.904,161.786,161.788,2762
2026.07.07,14:30,161.787,161.855,161.755,161.851,3162
2026.07.07,14:45,161.852,161.873,161.833,161.845,2714
2026.07.07,15:00,161.845,161.901,161.831,161.890,2092
2026.07.07,15:15,161.889,161.896,161.849,161.868,2426
2026.07.07,15:30,161.869,161.903,161.864,161.891,3214
2026.07.07,15:45,161.889,161.893,161.813,161.843,1895
2026.07.07,16:00,161.841,161.899,161.839,161.894,1890
2026.07.07,16:15,161.895,162.021,161.881,161.941,2281
2026.07.07,16:30,161.941,161.957,161.899,161.946,2505
2026.07.07,16:45,161.946,161.960,161.884,161.885,2449
2026.07.07,17:00,161.885,161.977,161.858,161.923,3900
2026.07.07,17:15,161.923,161.937,161.884,161.908,2345
2026.07.07,17:30,161.905,161.921,161.890,161.901,2345
2026.07.07,17:45,161.902,161.925,161.857,161.884,2820
2026.07.07,18:00,161.885,161.945,161.874,161.916,2584
2026.07.07,18:15,161.916,161.918,161.872,161.902,2536
2026.07.07,18:30,161.902,161.931,161.901,161.918,2472
2026.07.07,18:45,161.918,161.960,161.908,161.926,2759
2026.07.07,19:00,161.924,161.954,161.886,161.895,3242
2026.07.07,19:15,161.895,161.939,161.895,161.939,3292
2026.07.07,19:30,161.939,161.939,161.898,161.904,2495
2026.07.07,19:45,161.904,161.915,161.879,161.891,2251
2026.07.07,20:00,161.890,161.915,161.889,161.895,2341
2026.07.07,20:15,161.894,161.897,161.875,161.890,1388
2026.07.07,20:30,161.890,161.905,161.859,161.863,2510
2026.07.07,20:45,161.862,161.939,161.860,161.938,2598
2026.07.07,21:00,161.939,161.995,161.904,161.983,2966
2026.07.07,21:15,161.979,162.076,161.977,162.075,2392
2026.07.07,21:30,162.074,162.137,162.066,162.067,2746
2026.07.07,21:45,162.069,162.072,162.029,162.059,3248
2026.07.07,22:00,162.060,162.087,162.050,162.077,2532
2026.07.07,22:15,162.076,162.105,162.050,162.075,3232
2026.07.07,22:30,162.076,162.103,162.073,162.102,1292
2026.07.07,22:45,162.102,162.131,162.071,162.074,2230
2026.07.07,23:00,162.074,162.123,161.897,162.090,304
2026.07.07,23:15,162.089,162.172,162.075,162.161,836
2026.07.07,23:30,162.162,162.175,162.119,162.139,567
2026.07.07,23:45,162.145,162.182,162.128,162.158,725
2026.07.08,00:00,162.170,162.206,162.140,162.173,1297
2026.07.08,00:15,162.173,162.173,162.112,162.140,2077
2026.07.08,00:30,162.140,162.183,162.139,162.165,1719
2026.07.08,00:45,162.165,162.197,162.164,162.181,964
2026.07.08,01:00,162.183,162.285,162.168,162.273,1499
2026.07.08,01:15,162.274,162.298,162.242,162.285,1984
2026.07.08,01:30,162.284,162.322,162.254,162.320,1379
2026.07.08,01:45,162.321,162.366,162.305,162.363,2308
2026.07.08,02:00,162.362,162.386,162.311,162.344,2981
2026.07.08,02:15,162.344,162.402,162.311,162.393,3023
2026.07.08,02:30,162.392,162.402,162.334,162.386,3218
2026.07.08,02:45,162.384,162.385,162.315,162.331,2687
2026.07.08,03:00,162.331,162.351,162.254,162.349,3496
2026.07.08,03:15,162.346,162.367,162.283,162.331,2503
2026.07.08,03:30,162.332,162.414,162.332,162.413,2630
2026.07.08,03:45,162.413,162.445,162.381,162.440,2109
2026.07.08,04:00,162.440,162.459,162.346,162.351,2291
2026.07.08,04:15,162.351,162.433,162.336,162.423,2079
2026.07.08,04:30,162.422,162.424,162.370,162.386,2603
2026.07.08,04:45,162.387,162.406,162.364,162.381,1828
2026.07.08,05:00,162.381,162.382,162.293,162.302,2175
2026.07.08,05:15,162.303,162.351,162.303,162.307,2303
2026.07.08,05:30,162.308,162.333,162.290,162.320,2211
2026.07.08,05:45,162.321,162.352,162.320,162.347,2767
2026.07.08,06:00,162.346,162.376,162.336,162.361,2332
2026.07.08,06:15,162.361,162.396,162.360,162.384,2004
2026.07.08,06:30,162.384,162.407,162.355,162.395,2349
2026.07.08,06:45,162.395,162.406,162.364,162.366,2208
2026.07.08,07:00,162.367,162.376,162.344,162.362,2618
2026.07.08,07:15,162.362,162.363,162.325,162.332,2675
2026.07.08,07:30,162.332,162.334,162.284,162.286,2416
2026.07.08,07:45,162.287,162.301,162.212,162.284,3701
2026.07.08,08:00,162.283,162.333,162.249,162.285,3941
2026.07.08,08:15,162.284,162.287,162.245,162.254,3721
2026.07.08,08:30,162.255,162.273,162.150,162.150,3720
2026.07.08,08:45,162.149,162.196,162.075,162.194,4422
2026.07.08,09:00,162.193,162.220,162.168,162.217,3399
2026.07.08,09:15,162.219,162.290,162.192,162.242,4260
2026.07.08,09:30,162.242,162.260,162.181,162.201,4678
2026.07.08,09:45,162.201,162.232,162.190,162.216,2772
2026.07.08,10:00,162.215,162.270,162.195,162.270,4114
2026.07.08,10:15,162.270,162.424,162.243,162.421,3470
2026.07.08,10:30,162.420,162.446,162.351,162.390,2360
2026.07.08,10:45,162.390,162.463,162.370,162.425,1705
2026.07.08,11:00,162.422,162.498,162.396,162.489,1488
2026.07.08,11:15,162.489,162.555,162.268,162.492,2257
2026.07.08,11:30,162.492,162.513,162.464,162.488,2980
2026.07.08,11:45,162.487,162.491,162.423,162.432,2847
2026.07.08,12:00,162.431,162.467,162.392,162.453,2463
2026.07.08,12:15,162.453,162.466,162.420,162.448,2513
2026.07.08,12:30,162.449,162.455,162.408,162.419,2785
2026.07.08,12:45,162.420,162.434,162.406,162.422,3278
2026.07.08,13:00,162.422,162.491,162.415,162.486,2490
2026.07.08,13:15,162.486,162.501,162.470,162.473,1981
2026.07.08,13:30,162.472,162.511,162.470,162.507,2357
2026.07.08,13:45,162.507,162.556,162.424,162.485,2173
2026.07.08,14:00,162.486,162.549,162.471,162.534,2069
2026.07.08,14:15,162.535,162.538,162.446,162.459,2542
2026.07.08,14:30,162.459,162.507,162.457,162.471,2693
2026.07.08,14:45,162.472,162.491,162.469,162.481,2035
2026.07.08,15:00,162.482,162.523,162.445,162.513,2083
2026.07.08,15:15,162.514,162.547,162.506,162.515,1819
2026.07.08,15:30,162.515,162.563,162.496,162.526,1727
2026.07.08,15:45,162.528,162.545,162.486,162.524,1949
2026.07.08,16:00,162.523,162.566,162.513,162.532,1731
2026.07.08,16:15,162.531,162.556,162.514,162.541,1423
2026.07.08,16:30,162.541,162.564,162.524,162.552,1457
2026.07.08,16:45,162.551,162.597,162.548,162.568,1266
2026.07.08,17:00,162.566,162.622,162.565,162.607,1551
2026.07.08,17:15,162.605,162.649,162.594,162.644,1785
2026.07.08,17:30,162.644,162.689,162.643,162.665,1249
2026.07.08,17:45,162.666,162.707,162.657,162.693,1570
2026.07.08,18:00,162.691,162.702,162.655,162.669,1438
2026.07.08,18:15,162.670,162.672,162.631,162.650,1448
2026.07.08,18:30,162.654,162.657,162.614,162.653,1569
2026.07.08,18:45,162.652,162.658,162.508,162.525,1948
2026.07.08,19:00,162.524,162.552,162.513,162.535,2020
2026.07.08,19:15,162.535,162.537,162.445,162.476,2101
2026.07.08,19:30,162.476,162.488,162.420,162.468,1911
2026.07.08,19:45,162.470,162.528,162.462,162.524,2023
2026.07.08,20:00,162.525,162.553,162.521,162.534,1815
2026.07.08,20:15,162.536,162.560,162.461,162.464,1685
2026.07.08,20:30,162.464,162.491,162.453,162.469,2075
2026.07.08,20:45,162.469,162.494,162.443,162.455,1371
2026.07.08,21:00,162.456,162.486,162.444,162.473,1689
2026.07.08,21:15,162.473,162.478,162.436,162.449,2278
2026.07.08,21:30,162.450,162.463,162.433,162.443,3143
2026.07.08,21:45,162.442,162.517,162.425,162.516,2624
2026.07.08,22:00,162.515,162.557,162.460,162.493,3162
2026.07.08,22:15,162.493,162.549,162.471,162.539,3253
2026.07.08,22:30,162.543,162.619,162.543,162.599,1944
2026.07.08,22:45,162.599,162.648,162.578,162.578,2286
2026.07.08,23:00,162.578,162.578,162.445,162.530,234
2026.07.08,23:15,162.530,162.621,162.524,162.563,791
2026.07.08,23:30,162.558,162.580,162.548,162.573,1012
2026.07.08,23:45,162.567,162.580,162.538,162.562,1724
2026.07.09,00:00,162.568,162.611,162.546,162.593,942
2026.07.09,00:15,162.596,162.596,162.591,162.592,1303
2026.07.09,00:30,162.592,162.593,162.578,162.580,1094
2026.07.09,00:45,162.579,162.582,162.558,162.566,1126
2026.07.09,01:00,162.565,162.570,162.538,162.558,1018
2026.07.09,01:15,162.557,162.577,162.541,162.572,1130
2026.07.09,01:30,162.573,162.581,162.554,162.563,1203
2026.07.09,01:45,162.562,162.563,162.533,162.542,1436
2026.07.09,02:00,162.541,162.541,162.361,162.400,3535
2026.07.09,02:15,162.402,162.428,162.365,162.389,3818
2026.07.09,02:30,162.389,162.451,162.365,162.448,4496
2026.07.09,02:45,162.448,162.485,162.400,162.443,4517
2026.07.09,03:00,162.444,162.473,162.413,162.465,3733
2026.07.09,03:15,162.465,162.538,162.454,162.527,4407
2026.07.09,03:30,162.528,162.571,162.486,162.517,4024
2026.07.09,03:45,162.516,162.527,162.442,162.443,4155
2026.07.09,04:00,162.443,162.486,162.437,162.455,2941
2026.07.09,04:15,162.455,162.478,162.442,162.465,2316
2026.07.09,04:30,162.464,162.503,162.463,162.484,2206
2026.07.09,04:45,162.483,162.484,162.453,162.472,2398
2026.07.09,05:00,162.473,162.477,162.447,162.466,1553
2026.07.09,05:15,162.465,162.497,162.446,162.448,2131
2026.07.09,05:30,162.448,162.454,162.408,162.442,2963
2026.07.09,05:45,162.442,162.455,162.424,162.451,2338
2026.07.09,06:00,162.451,162.464,162.425,162.430,1738
2026.07.09,06:15,162.430,162.433,162.414,162.424,1654
2026.07.09,06:30,162.422,162.449,162.420,162.444,1317
2026.07.09,06:45,162.443,162.445,162.410,162.433,1725
2026.07.09,07:00,162.433,162.437,162.363,162.365,2320
2026.07.09,07:15,162.365,162.414,162.365,162.372,3142
2026.07.09,07:30,162.372,162.393,162.345,162.381,3086
2026.07.09,07:45,162.380,162.387,162.361,162.370,2498
2026.07.09,08:00,162.370,162.373,162.315,162.358,2721
2026.07.09,08:15,162.358,162.371,162.253,162.276,3061
2026.07.09,08:30,162.277,162.286,162.246,162.271,3408
2026.07.09,08:45,162.272,162.337,162.271,162.297,3234
2026.07.09,09:00,162.297,162.370,162.297,162.369,2474
2026.07.09,09:15,162.370,162.399,162.355,162.373,3432
2026.07.09,09:30,162.373,162.382,162.341,162.349,3645
2026.07.09,09:45,162.348,162.372,162.326,162.346,3602
2026.07.09,10:00,162.347,162.365,162.310,162.327,3385
2026.07.09,10:15,162.326,162.343,162.302,162.319,3134
2026.07.09,10:30,162.318,162.372,162.314,162.360,3290
2026.07.09,10:45,162.361,162.404,162.352,162.381,3323
2026.07.09,11:00,162.380,162.423,162.376,162.421,2966
2026.07.09,11:15,162.420,162.433,162.400,162.410,2608
2026.07.09,11:30,162.410,162.452,162.410,162.429,3051
2026.07.09,11:45,162.430,162.445,162.396,162.400,2055
2026.07.09,12:00,162.400,162.425,162.400,162.417,1968
2026.07.09,12:15,162.417,162.450,162.411,162.444,1397
2026.07.09,12:30,162.444,162.445,162.412,162.433,1356
2026.07.09,12:45,162.432,162.505,162.430,162.498,2007
2026.07.09,13:00,162.499,162.506,162.464,162.495,3022
2026.07.09,13:15,162.495,162.498,162.467,162.481,3318
2026.07.09,13:30,162.481,162.508,162.468,162.490,2262
2026.07.09,13:45,162.490,162.495,162.455,162.479,2914
2026.07.09,14:00,162.478,162.481,162.397,162.407,2743
2026.07.09,14:15,162.408,162.423,162.391,162.403,2889
2026.07.09,14:30,162.403,162.434,162.401,162.424,2378
2026.07.09,14:45,162.423,162.455,162.413,162.440,1819
2026.07.09,15:00,162.440,162.457,162.429,162.443,2124
2026.07.09,15:15,162.442,162.453,162.372,162.374,1669
2026.07.09,15:30,162.374,162.378,162.352,162.369,2062
2026.07.09,15:45,162.369,162.376,162.308,162.324,2437
2026.07.09,16:00,162.323,162.365,162.315,162.329,1629
2026.07.09,16:15,162.329,162.384,162.288,162.365,1961
2026.07.09,16:30,162.367,162.400,162.355,162.382,1883
2026.07.09,16:45,162.382,162.395,162.324,162.369,1921
2026.07.09,17:00,162.370,162.423,162.363,162.394,2738
2026.07.09,17:15,162.393,162.412,162.367,162.395,2351
2026.07.09,17:30,162.395,162.406,162.322,162.325,1944
2026.07.09,17:45,162.326,162.330,162.256,162.286,2364
2026.07.09,18:00,162.286,162.306,162.262,162.287,2905
2026.07.09,18:15,162.286,162.318,162.257,162.310,2449
2026.07.09,18:30,162.311,162.326,162.285,162.315,2511
2026.07.09,18:45,162.315,162.327,162.283,162.290,2182
2026.07.09,19:00,162.290,162.317,162.275,162.305,2131
2026.07.09,19:15,162.306,162.330,162.274,162.276,2485
2026.07.09,19:30,162.277,162.292,162.273,162.288,1750
2026.07.09,19:45,162.288,162.305,162.273,162.285,1718
2026.07.09,20:00,162.285,162.322,162.285,162.317,2369
2026.07.09,20:15,162.318,162.376,162.313,162.369,2167
2026.07.09,20:30,162.370,162.375,162.338,162.341,2127
2026.07.09,20:45,162.342,162.349,162.325,162.334,1597
2026.07.09,21:00,162.333,162.364,162.320,162.359,1331
2026.07.09,21:15,162.360,162.390,162.349,162.385,1639
2026.07.09,21:30,162.385,162.400,162.361,162.387,1922
2026.07.09,21:45,162.387,162.415,162.377,162.379,1526
2026.07.09,22:00,162.380,162.404,162.359,162.375,1755
2026.07.09,22:15,162.375,162.383,162.367,162.374,1710
2026.07.09,22:30,162.374,162.398,162.374,162.390,798
2026.07.09,22:45,162.392,162.405,162.371,162.371,1181
2026.07.09,23:00,162.300,162.404,162.300,162.377,101
2026.07.09,23:15,162.367,162.408,162.332,162.379,177
2026.07.09,23:30,162.381,162.427,162.319,162.374,264
2026.07.09,23:45,162.370,162.405,162.348,162.372,926
2026.07.10,00:00,162.365,162.429,162.348,162.376,3620
2026.07.10,00:15,162.375,162.377,162.361,162.371,830
2026.07.10,00:30,162.372,162.374,162.354,162.355,593
2026.07.10,00:45,162.356,162.360,162.349,162.357,596
2026.07.10,01:00,162.358,162.361,162.340,162.344,676
2026.07.10,01:15,162.344,162.387,162.341,162.379,768
2026.07.10,01:30,162.382,162.384,162.360,162.364,771
2026.07.10,01:45,162.364,162.385,162.354,162.366,1499
2026.07.10,02:00,162.365,162.411,162.326,162.395,2726
2026.07.10,02:15,162.398,162.424,162.381,162.414,2452
2026.07.10,02:30,162.415,162.417,162.296,162.312,3285
2026.07.10,02:45,162.310,162.313,161.893,161.905,7038
2026.07.10,03:00,161.906,162.107,161.904,162.004,5440
2026.07.10,03:15,162.003,162.031,161.637,161.765,5740
2026.07.10,03:30,161.764,161.905,161.705,161.844,6014
2026.07.10,03:45,161.843,161.872,161.741,161.819,6277
2026.07.10,04:00,161.817,161.824,161.658,161.674,6448
2026.07.10,04:15,161.674,161.717,161.348,161.349,5958
2026.07.10,04:30,161.349,161.524,161.287,161.482,7771
2026.07.10,04:45,161.483,161.560,161.362,161.453,7448
2026.07.10,05:00,161.454,161.500,161.349,161.483,6720
2026.07.10,05:15,161.484,161.499,161.406,161.455,6843
2026.07.10,05:30,161.455,161.458,161.352,161.423,8144
2026.07.10,05:45,161.423,161.577,161.422,161.520,3804
2026.07.10,06:00,161.521,161.574,161.521,161.558,3764
2026.07.10,06:15,161.558,161.686,161.556,161.634,4537
2026.07.10,06:30,161.635,161.685,161.618,161.678,3502
2026.07.10,06:45,161.678,161.710,161.629,161.634,3094
2026.07.10,07:00,161.634,161.650,161.475,161.503,3943
2026.07.10,07:15,161.503,161.660,161.503,161.624,3905
2026.07.10,07:30,161.624,161.666,161.610,161.646,3840
2026.07.10,07:45,161.646,161.648,161.500,161.583,4617
2026.07.10,08:00,161.583,161.587,161.468,161.503,4535
2026.07.10,08:15,161.504,161.535,161.410,161.496,4524
2026.07.10,08:30,161.496,161.581,161.486,161.541,4088
2026.07.10,08:45,161.539,161.614,161.512,161.597,4911
2026.07.10,09:00,161.596,161.682,161.575,161.661,4432
2026.07.10,09:15,161.661,161.748,161.641,161.741,4816
2026.07.10,09:30,161.741,161.775,161.658,161.659,5032
2026.07.10,09:45,161.659,161.744,161.656,161.696,4977
2026.07.10,10:00,161.697,161.714,161.543,161.593,4758
2026.07.10,10:15,161.594,161.719,161.588,161.709,4859
2026.07.10,10:30,161.710,161.748,161.576,161.672,5601
2026.07.10,10:45,161.672,161.683,161.580,161.626,5764
2026.07.10,11:00,161.627,161.700,161.627,161.662,4299
2026.07.10,11:15,161.662,161.728,161.656,161.711,5071
2026.07.10,11:30,161.711,161.830,161.711,161.788,5414
2026.07.10,11:45,161.788,161.861,161.784,161.821,3737
2026.07.10,12:00,161.817,161.822,161.761,161.792,3790
2026.07.10,12:15,161.792,161.799,161.698,161.703,3614
2026.07.10,12:30,161.702,161.750,161.700,161.749,3190
2026.07.10,12:45,161.748,161.795,161.740,161.760,3311
2026.07.10,13:00,161.760,161.791,161.748,161.771,4105
2026.07.10,13:15,161.771,161.841,161.750,161.808,2722
2026.07.10,13:30,161.806,161.884,161.801,161.834,3259
2026.07.10,13:45,161.833,161.868,161.827,161.852,3913
2026.07.10,14:00,161.853,161.894,161.841,161.850,3126
2026.07.10,14:15,161.850,161.853,161.688,161.814,3725
2026.07.10,14:30,161.814,161.852,161.798,161.846,3216
2026.07.10,14:45,161.847,161.887,161.795,161.807,3476
2026.07.10,15:00,161.807,161.824,161.786,161.815,3325
2026.07.10,15:15,161.816,161.860,161.793,161.797,2727
2026.07.10,15:30,161.798,161.819,161.764,161.795,2943
2026.07.10,15:45,161.794,161.836,161.756,161.769,1949
2026.07.10,16:00,161.768,161.803,161.723,161.762,2682
2026.07.10,16:15,161.761,161.835,161.761,161.773,2063
2026.07.10,16:30,161.773,161.813,161.763,161.774,1979
2026.07.10,16:45,161.774,161.861,161.747,161.807,2229
2026.07.10,17:00,161.808,161.853,161.754,161.754,2672
2026.07.10,17:15,161.754,161.757,161.518,161.538,3662
2026.07.10,17:30,161.539,161.545,161.465,161.498,3912
2026.07.10,17:45,161.499,161.507,161.397,161.462,3803
2026.07.10,18:00,161.462,161.500,161.285,161.329,4726
2026.07.10,18:15,161.333,161.413,161.302,161.328,4880
2026.07.10,18:30,161.328,161.417,161.320,161.367,4533
2026.07.10,18:45,161.368,161.466,161.365,161.444,4306
2026.07.10,19:00,161.443,161.514,161.436,161.509,3656
2026.07.10,19:15,161.510,161.552,161.492,161.526,3121
2026.07.10,19:30,161.527,161.589,161.517,161.535,3719
2026.07.10,19:45,161.535,161.590,161.522,161.577,4182
2026.07.10,20:00,161.576,161.687,161.575,161.685,3864
2026.07.10,20:15,161.685,161.706,161.667,161.705,3645
2026.07.10,20:30,161.706,161.735,161.683,161.724,2576
2026.07.10,20:45,161.723,161.735,161.668,161.688,2793
2026.07.10,21:00,161.688,161.736,161.678,161.727,2202
2026.07.10,21:15,161.727,161.729,161.688,161.701,1945
2026.07.10,21:30,161.701,161.730,161.679,161.730,2081
2026.07.10,21:45,161.729,161.747,161.692,161.724,2802
2026.07.10,22:00,161.724,161.752,161.703,161.731,3571
2026.07.10,22:15,161.732,161.740,161.705,161.721,1767
2026.07.10,22:30,161.721,161.753,161.717,161.736,1886
2026.07.10,22:45,161.737,161.760,161.695,161.697,3088
