2026.03.12,22:00,159.386,159.421,159.299,159.307,8311
2026.03.12,23:00,159.309,159.398,159.237,159.296,229
2026.03.13,00:00,159.326,159.428,159.254,159.273,7874
2026.03.13,01:00,159.271,159.365,159.182,159.237,7070
2026.03.13,02:00,159.238,159.245,159.011,159.096,17474
2026.03.13,03:00,159.097,159.285,159.036,159.272,13987
2026.03.13,04:00,159.273,159.374,159.199,159.284,14216
2026.03.13,05:00,159.285,159.420,159.254,159.360,12175
2026.03.13,06:00,159.362,159.688,159.347,159.507,13259
2026.03.13,07:00,159.508,159.509,159.318,159.433,13342
2026.03.13,08:00,159.434,159.466,159.318,159.430,16316
2026.03.13,09:00,159.430,159.545,159.351,159.439,20415
2026.03.13,10:00,159.439,159.534,159.357,159.418,18145
2026.03.13,11:00,159.418,159.496,159.252,159.481,16850
2026.03.13,12:00,159.480,159.504,159.333,159.394,11233
2026.03.13,13:00,159.393,159.453,159.294,159.309,16647
2026.03.13,14:00,159.283,159.425,159.208,159.280,13469
2026.03.13,15:00,159.281,159.360,159.065,159.100,15703
2026.03.13,16:00,159.099,159.374,159.006,159.365,11505
2026.03.13,17:00,159.365,159.600,159.352,159.561,13853
2026.03.13,18:00,159.559,159.636,159.509,159.548,14691
2026.03.13,19:00,159.549,159.689,159.531,159.593,17825
2026.03.13,20:00,159.592,159.677,159.563,159.633,14718
2026.03.13,21:00,159.633,159.692,159.597,159.678,12391
2026.03.13,22:00,159.678,159.751,159.648,159.713,7044
2026.03.16,00:00,159.604,159.750,159.502,159.528,9573
2026.03.16,01:00,159.529,159.623,159.501,159.561,11235
2026.03.16,02:00,159.557,159.557,159.252,159.298,18957
2026.03.16,03:00,159.301,159.505,159.284,159.454,16135
2026.03.16,04:00,159.454,159.604,159.408,159.588,17502
2026.03.16,05:00,159.587,159.642,159.472,159.500,8595
2026.03.16,06:00,159.499,159.621,159.490,159.560,7335
2026.03.16,07:00,159.559,159.586,159.318,159.347,11619
2026.03.16,08:00,159.346,159.410,159.272,159.294,15055
2026.03.16,09:00,159.293,159.382,159.172,159.288,21883
2026.03.16,10:00,159.287,159.374,159.222,159.339,13862
2026.03.16,11:00,159.338,159.385,159.247,159.322,14112
2026.03.16,12:00,159.320,159.348,159.199,159.223,11180
2026.03.16,13:00,159.224,159.264,159.098,159.125,12474
2026.03.16,14:00,159.125,159.141,158.960,159.129,17199
2026.03.16,15:00,159.127,159.178,159.012,159.021,12774
2026.03.16,16:00,159.021,159.173,158.848,159.161,11650
2026.03.16,17:00,159.159,159.301,159.051,159.296,12801
2026.03.16,18:00,159.298,159.358,159.208,159.220,13342
2026.03.16,19:00,159.221,159.302,159.133,159.260,16155
2026.03.16,20:00,159.257,159.280,158.911,158.965,18440
2026.03.16,21:00,158.964,159.185,158.932,159.166,17852
2026.03.16,22:00,159.167,159.167,158.982,158.992,5781
2026.03.16,23:00,158.965,159.097,158.916,159.067,1178
2026.03.17,00:00,159.073,159.146,159.028,159.113,4078
2026.03.17,01:00,159.116,159.219,159.080,159.135,3785
2026.03.17,02:00,159.136,159.345,159.120,159.299,11328
2026.03.17,03:00,159.301,159.453,159.295,159.374,10865
2026.03.17,04:00,159.376,159.429,159.314,159.367,5821
2026.03.17,05:00,159.374,159.406,159.274,159.350,6556
2026.03.17,06:00,159.349,159.393,159.213,159.233,6462
2026.03.17,07:00,159.232,159.447,159.206,159.439,8853
2026.03.17,08:00,159.439,159.497,159.341,159.352,11167
2026.03.17,09:00,159.351,159.402,159.169,159.231,10692
2026.03.17,10:00,159.230,159.240,159.056,159.104,12546
2026.03.17,11:00,159.102,159.193,159.067,159.130,3532
2026.03.17,12:00,159.133,159.215,159.047,159.120,2975
2026.03.17,13:00,159.119,159.143,158.966,159.100,3481
2026.03.17,14:00,159.108,159.154,158.966,159.033,4001
2026.03.17,15:00,159.030,159.032,158.722,158.877,6352
2026.03.17,16:00,158.878,159.016,158.815,158.934,5463
2026.03.17,17:00,158.933,159.114,158.868,159.051,6684
2026.03.17,18:00,159.052,159.115,158.878,158.944,5234
2026.03.17,19:00,158.945,159.011,158.920,158.969,3183
2026.03.17,20:00,158.968,159.047,158.894,159.046,2708
2026.03.17,21:00,159.044,159.065,158.980,159.038,2303
2026.03.17,22:00,159.039,159.053,158.943,158.957,2092
2026.03.17,23:00,158.961,159.020,158.843,159.003,1306
2026.03.18,00:00,159.003,159.004,158.904,158.972,2333
2026.03.18,01:00,158.971,158.983,158.877,158.909,4732
2026.03.18,02:00,158.911,159.139,158.802,159.066,9385
2026.03.18,03:00,159.067,159.087,158.971,158.992,3427
2026.03.18,04:00,158.990,159.035,158.879,158.915,2602
2026.03.18,05:00,158.914,158.986,158.907,158.931,1771
2026.03.18,06:00,158.932,158.932,158.750,158.812,2367
2026.03.18,07:00,158.815,158.817,158.652,158.699,2784
2026.03.18,08:00,158.700,158.781,158.567,158.746,3436
2026.03.18,09:00,158.745,158.875,158.681,158.761,4005
2026.03.18,10:00,158.768,158.988,158.762,158.951,3578
2026.03.18,11:00,158.952,159.052,158.896,158.914,2635
2026.03.18,12:00,158.912,159.028,158.909,159.013,2167
2026.03.18,13:00,159.017,159.111,158.899,158.953,4539
2026.03.18,14:00,158.956,159.382,158.954,159.372,6678
2026.03.18,15:00,159.373,159.582,159.339,159.509,6009
2026.03.18,16:00,159.509,159.543,159.440,159.504,5797
2026.03.18,17:00,159.503,159.525,159.369,159.482,6828
2026.03.18,18:00,159.484,159.516,159.397,159.469,3969
2026.03.18,19:00,159.470,159.542,159.370,159.393,3994
2026.03.18,20:00,159.393,159.651,159.257,159.650,9227
2026.03.18,21:00,159.649,159.823,159.627,159.821,6292
2026.03.18,22:00,159.824,159.896,159.740,159.740,4839
2026.03.18,23:00,159.735,159.854,159.710,159.724,969
2026.03.19,00:00,159.722,159.842,159.722,159.769,3374
2026.03.19,01:00,159.770,159.838,159.753,159.811,4001
2026.03.19,02:00,159.812,159.847,159.685,159.776,6012
2026.03.19,03:00,159.777,159.814,159.583,159.661,4284
2026.03.19,04:00,159.660,159.705,159.543,159.660,4505
2026.03.19,05:00,159.661,159.711,159.608,159.631,2446
2026.03.19,06:00,159.630,159.676,159.590,159.655,2749
2026.03.19,07:00,159.653,159.747,159.639,159.708,2141
2026.03.19,08:00,159.707,159.804,159.606,159.696,5321
2026.03.19,09:00,159.697,159.714,159.250,159.278,10789
2026.03.19,10:00,159.277,159.387,159.037,159.262,8350
2026.03.19,11:00,159.261,159.280,159.068,159.125,8195
2026.03.19,12:00,159.124,159.247,159.101,159.124,5683
2026.03.19,13:00,159.126,159.161,159.044,159.058,4144
2026.03.19,14:00,159.059,159.293,158.948,158.991,7697
2026.03.19,15:00,158.980,159.014,158.602,158.630,6460
2026.03.19,16:00,158.631,158.633,158.067,158.287,7547
2026.03.19,17:00,158.283,158.544,158.185,158.539,7037
2026.03.19,18:00,158.537,158.556,158.057,158.116,8062
2026.03.19,19:00,158.115,158.155,157.823,157.836,6193
2026.03.19,20:00,157.837,157.913,157.690,157.703,6970
2026.03.19,21:00,157.702,157.713,157.508,157.638,7980
2026.03.19,22:00,157.637,157.718,157.589,157.690,5117
2026.03.19,23:00,157.700,157.806,157.607,157.778,1226
2026.03.20,00:00,157.779,157.894,157.700,157.874,2625
2026.03.20,01:00,157.875,157.990,157.809,157.932,3678
2026.03.20,02:00,157.931,157.982,157.804,157.853,4110
2026.03.20,03:00,157.851,158.137,157.746,158.105,4459
2026.03.20,04:00,158.107,158.347,158.106,158.306,2913
2026.03.20,05:00,158.308,158.401,158.279,158.389,2725
2026.03.20,06:00,158.390,158.413,158.343,158.379,1850
2026.03.20,07:00,158.380,158.433,158.350,158.430,1776
2026.03.20,08:00,158.429,158.433,158.335,158.422,2623
2026.03.20,09:00,158.426,158.451,158.281,158.291,4329
2026.03.20,10:00,158.294,158.491,158.258,158.486,4257
2026.03.20,11:00,158.484,158.864,158.451,158.835,4988
2026.03.20,12:00,158.834,158.900,158.683,158.719,5582
2026.03.20,13:00,158.718,158.728,158.520,158.579,4957
2026.03.20,14:00,158.581,158.714,158.521,158.699,6676
2026.03.20,15:00,158.698,158.878,158.672,158.846,5904
2026.03.20,16:00,158.847,159.178,158.836,159.120,4851
2026.03.20,17:00,159.121,159.136,158.967,159.096,5614
2026.03.20,18:00,159.098,159.275,159.037,159.226,5868
2026.03.20,19:00,159.230,159.363,159.144,159.219,6488
2026.03.20,20:00,159.221,159.324,159.187,159.265,5777
2026.03.20,21:00,159.268,159.387,159.264,159.286,4276
2026.03.20,22:00,159.287,159.327,159.212,159.224,6311
2026.03.23,00:00,159.314,159.469,159.230,159.292,6999
2026.03.23,01:00,159.291,159.305,159.106,159.146,6663
2026.03.23,02:00,159.147,159.524,159.014,159.503,7514
2026.03.23,03:00,159.504,159.529,159.335,159.475,6135
2026.03.23,04:00,159.476,159.587,159.417,159.522,3841
2026.03.23,05:00,159.524,159.617,159.327,159.453,3658
2026.03.23,06:00,159.451,159.462,159.345,159.399,3364
2026.03.23,07:00,159.398,159.585,159.355,159.577,2926
2026.03.23,08:00,159.580,159.656,159.470,159.474,5665
2026.03.23,09:00,159.473,159.627,159.382,159.583,7022
2026.03.23,10:00,159.584,159.653,159.309,159.435,7986
2026.03.23,11:00,159.436,159.602,159.404,159.541,6364
2026.03.23,12:00,159.545,159.632,159.485,159.622,5186
2026.03.23,13:00,159.624,159.629,158.250,158.845,17092
2026.03.23,14:00,158.846,159.041,158.513,158.545,12666
2026.03.23,15:00,158.545,158.720,158.427,158.497,10421
2026.03.23,16:00,158.499,158.567,158.205,158.412,9327
2026.03.23,17:00,158.417,158.644,158.216,158.601,9121
2026.03.23,18:00,158.602,158.793,158.582,158.679,9405
2026.03.23,19:00,158.678,158.732,158.405,158.446,8159
2026.03.23,20:00,158.445,158.526,158.019,158.075,6982
2026.03.23,21:00,158.076,158.422,158.066,158.421,3713
2026.03.23,22:00,158.420,158.471,158.384,158.384,2763
2026.03.23,23:00,158.405,158.421,158.257,158.381,2325
2026.03.24,00:00,158.381,158.405,158.294,158.332,1569
2026.03.24,01:00,158.331,158.508,158.274,158.483,3947
2026.03.24,02:00,158.484,158.708,158.436,158.573,8094
2026.03.24,03:00,158.571,158.643,158.447,158.583,6497
2026.03.24,04:00,158.582,158.673,158.499,158.664,4608
2026.03.24,05:00,158.663,158.744,158.610,158.728,2955
2026.03.24,06:00,158.729,158.792,158.708,158.754,2497
2026.03.24,07:00,158.756,158.784,158.572,158.629,3980
2026.03.24,08:00,158.630,158.716,158.564,158.602,4479
2026.03.24,09:00,158.609,158.640,158.404,158.494,7393
2026.03.24,10:00,158.495,158.668,158.428,158.655,6402
2026.03.24,11:00,158.647,158.775,158.613,158.636,5279
2026.03.24,12:00,158.635,158.797,158.620,158.694,4039
2026.03.24,13:00,158.692,158.795,158.617,158.757,4702
2026.03.24,14:00,158.755,158.859,158.693,158.811,6462
2026.03.24,15:00,158.814,158.955,158.769,158.893,7502
2026.03.24,16:00,158.892,158.892,158.606,158.745,6053
2026.03.24,17:00,158.746,158.806,158.561,158.800,6696
2026.03.24,18:00,158.801,158.949,158.794,158.928,6293
2026.03.24,19:00,158.927,159.189,158.914,159.060,8426
2026.03.24,20:00,159.059,159.167,158.853,158.972,7876
2026.03.24,21:00,158.966,158.998,158.850,158.989,5552
2026.03.24,22:00,158.990,159.033,158.365,158.760,6851
2026.03.24,23:00,158.759,158.761,158.564,158.635,2423
2026.03.25,00:00,158.635,158.764,158.602,158.685,3388
2026.03.25,01:00,158.684,158.758,158.633,158.706,3792
2026.03.25,02:00,158.706,158.835,158.572,158.647,6861
2026.03.25,03:00,158.652,158.757,158.611,158.716,5500
2026.03.25,04:00,158.715,158.834,158.683,158.804,3184
2026.03.25,05:00,158.811,158.824,158.755,158.802,2151
2026.03.25,06:00,158.803,158.940,158.790,158.880,2158
2026.03.25,07:00,158.881,159.020,158.881,158.994,2841
2026.03.25,08:00,158.995,159.046,158.952,159.007,3002
2026.03.25,09:00,159.008,159.148,158.946,159.135,3641
2026.03.25,10:00,159.137,159.202,158.725,158.772,7233
2026.03.25,11:00,158.775,158.961,158.729,158.897,4527
2026.03.25,12:00,158.896,158.973,158.849,158.892,3709
2026.03.25,13:00,158.889,158.951,158.821,158.861,4210
2026.03.25,14:00,158.862,159.088,158.763,159.001,7363
2026.03.25,15:00,159.002,159.139,158.936,159.118,6494
2026.03.25,16:00,159.117,159.204,159.047,159.090,6389
2026.03.25,17:00,159.083,159.200,158.998,159.166,6374
2026.03.25,18:00,159.167,159.297,159.122,159.264,7597
2026.03.25,19:00,159.262,159.290,159.151,159.255,5408
2026.03.25,20:00,159.254,159.449,159.239,159.422,3440
2026.03.25,21:00,159.421,159.500,159.412,159.459,3009
2026.03.25,22:00,159.458,159.492,159.426,159.442,2273
2026.03.25,23:00,159.446,159.468,159.329,159.377,2683
2026.03.26,00:00,159.378,159.463,159.376,159.400,3852
2026.03.26,01:00,159.402,159.428,159.371,159.390,2055
2026.03.26,02:00,159.395,159.501,159.331,159.476,3749
2026.03.26,03:00,159.475,159.511,159.387,159.475,3873
2026.03.26,04:00,159.474,159.537,159.435,159.524,2044
2026.03.26,05:00,159.522,159.526,159.406,159.451,2691
2026.03.26,06:00,159.450,159.466,159.370,159.433,1890
2026.03.26,07:00,159.434,159.491,159.374,159.488,2514
2026.03.26,08:00,159.491,159.506,159.285,159.313,2884
2026.03.26,09:00,159.308,159.501,159.301,159.496,3368
2026.03.26,10:00,159.497,159.542,159.439,159.457,3570
2026.03.26,11:00,159.461,159.537,159.435,159.490,2774
2026.03.26,12:00,159.491,159.548,159.424,159.489,3057
2026.03.26,13:00,159.487,159.668,159.469,159.656,2593
2026.03.26,14:00,159.655,159.698,159.555,159.635,4058
2026.03.26,15:00,159.638,159.658,159.468,159.544,4967
2026.03.26,16:00,159.542,159.623,159.431,159.433,4744
2026.03.26,17:00,159.434,159.694,159.434,159.692,4517
2026.03.26,18:00,159.691,159.700,159.582,159.665,4588
2026.03.26,19:00,159.662,159.750,159.616,159.748,3683
2026.03.26,20:00,159.750,159.802,159.716,159.741,2452
2026.03.26,21:00,159.740,159.832,159.733,159.826,2965
2026.03.26,22:00,159.827,159.842,159.343,159.745,6415
2026.03.26,23:00,159.745,159.788,159.615,159.658,2651
2026.03.27,00:00,159.659,159.747,159.647,159.654,2012
2026.03.27,01:00,159.656,159.726,159.638,159.724,2782
2026.03.27,02:00,159.725,159.764,159.487,159.560,4730
2026.03.27,03:00,159.559,159.595,159.453,159.477,3591
2026.03.27,04:00,159.478,159.583,159.455,159.526,2274
2026.03.27,05:00,159.527,159.624,159.501,159.616,1695
2026.03.27,06:00,159.615,159.642,159.552,159.620,1611
2026.03.27,07:00,159.621,159.649,159.573,159.626,2383
2026.03.27,08:00,159.627,159.767,159.575,159.749,2395
2026.03.27,09:00,159.753,159.976,159.737,159.950,4020
2026.03.27,10:00,159.948,159.954,159.751,159.839,4282
2026.03.27,11:00,159.832,159.941,159.764,159.868,3667
2026.03.27,12:00,159.867,159.946,159.781,159.917,2972
2026.03.27,13:00,159.916,159.937,159.810,159.860,2886
2026.03.27,14:00,159.859,159.930,159.797,159.872,3860
2026.03.27,15:00,159.876,159.952,159.836,159.906,4725
2026.03.27,16:00,159.907,159.921,159.798,159.912,4589
2026.03.27,17:00,159.911,159.926,159.699,159.842,5429
2026.03.27,18:00,159.840,160.297,159.833,160.153,8078
2026.03.27,19:00,160.150,160.411,160.072,160.337,5556
2026.03.27,20:00,160.333,160.394,160.244,160.245,4402
2026.03.27,21:00,160.248,160.292,160.143,160.147,3037
2026.03.27,22:00,160.146,160.325,160.104,160.254,3141
2026.03.30,00:00,160.275,160.459,160.275,160.405,2992
2026.03.30,01:00,160.404,160.443,160.227,160.228,3527
2026.03.30,02:00,160.229,160.251,159.879,159.890,7123
2026.03.30,03:00,159.891,159.998,159.842,159.935,3380
2026.03.30,04:00,159.934,159.986,159.756,159.843,3395
2026.03.30,05:00,159.842,159.845,159.736,159.775,2599
2026.03.30,06:00,159.774,159.797,159.654,159.792,2694
2026.03.30,07:00,159.793,159.809,159.672,159.730,3141
2026.03.30,08:00,159.729,159.836,159.610,159.804,4192
2026.03.30,09:00,159.807,159.858,159.572,159.775,4697
2026.03.30,10:00,159.772,159.811,159.583,159.686,4093
2026.03.30,11:00,159.685,159.727,159.576,159.598,4388
2026.03.30,12:00,159.597,159.645,159.487,159.602,2907
2026.03.30,13:00,159.603,159.609,159.412,159.508,4887
2026.03.30,14:00,159.507,159.563,159.338,159.357,4554
2026.03.30,15:00,159.353,159.546,159.327,159.528,4794
2026.03.30,16:00,159.527,159.618,159.496,159.526,5571
2026.03.30,17:00,159.527,159.639,159.386,159.488,4465
2026.03.30,18:00,159.486,159.510,159.410,159.443,3091
2026.03.30,19:00,159.444,159.586,159.418,159.567,3191
2026.03.30,20:00,159.566,159.640,159.452,159.624,2729
2026.03.30,21:00,159.623,159.713,159.612,159.692,2208
2026.03.30,22:00,159.691,159.739,159.636,159.707,2664
2026.03.30,23:00,159.615,159.740,159.615,159.716,1588
2026.03.31,00:00,159.716,159.811,159.708,159.811,3207
2026.03.31,01:00,159.817,159.866,159.799,159.842,2150
2026.03.31,02:00,159.843,159.940,159.692,159.879,6548
2026.03.31,03:00,159.880,159.970,159.666,159.751,5713
2026.03.31,04:00,159.750,159.781,159.590,159.603,3673
2026.03.31,05:00,159.602,159.743,159.596,159.723,1976
2026.03.31,06:00,159.724,159.730,159.603,159.622,1973
2026.03.31,07:00,159.621,159.635,159.483,159.612,2716
2026.03.31,08:00,159.612,159.742,159.496,159.726,3802
2026.03.31,09:00,159.725,159.788,159.625,159.646,3841
2026.03.31,10:00,159.645,159.679,159.522,159.571,2738
2026.03.31,11:00,159.570,159.675,159.511,159.648,2475
2026.03.31,12:00,159.647,159.772,159.639,159.733,2176
2026.03.31,13:00,159.733,159.762,159.364,159.419,6827
2026.03.31,14:00,159.417,159.565,159.346,159.362,6376
2026.03.31,15:00,159.359,159.444,159.075,159.105,5803
2026.03.31,16:00,159.106,159.320,159.053,159.254,6499
2026.03.31,17:00,159.255,159.307,158.898,158.989,8468
2026.03.31,18:00,158.988,159.205,158.822,158.992,6367
2026.03.31,19:00,158.991,159.006,158.748,158.874,7721
2026.03.31,20:00,158.875,158.967,158.791,158.875,5639
2026.03.31,21:00,158.880,158.999,158.684,158.714,4193
2026.03.31,22:00,158.711,158.760,158.658,158.677,3765
2026.03.31,23:00,158.686,158.800,158.648,158.674,5260
2026.04.01,00:00,158.677,158.820,158.671,158.730,2805
2026.04.01,01:00,158.729,158.778,158.560,158.587,2844
2026.04.01,02:00,158.586,158.841,158.451,158.786,4431
2026.04.01,03:00,158.785,159.011,158.734,158.755,4919
2026.04.01,04:00,158.752,158.787,158.661,158.733,3199
2026.04.01,05:00,158.732,158.871,158.584,158.871,2852
2026.04.01,06:00,158.870,158.934,158.781,158.785,2325
2026.04.01,07:00,158.781,158.919,158.617,158.676,3197
2026.04.01,08:00,158.677,158.687,158.290,158.311,6347
2026.04.01,09:00,158.308,158.794,158.274,158.782,7406
2026.04.01,10:00,158.789,158.872,158.424,158.579,6423
2026.04.01,11:00,158.580,158.772,158.485,158.705,5100
2026.04.01,12:00,158.706,158.732,158.516,158.516,3895
2026.04.01,13:00,158.517,158.548,158.345,158.347,3671
2026.04.01,14:00,158.345,158.572,158.311,158.526,6845
2026.04.01,15:00,158.530,158.673,158.458,158.657,6842
2026.04.01,16:00,158.655,158.762,158.467,158.535,7699
2026.04.01,17:00,158.534,158.697,158.408,158.630,6685
2026.04.01,18:00,158.631,158.729,158.545,158.553,4137
2026.04.01,19:00,158.554,158.722,158.448,158.710,4563
2026.04.01,20:00,158.711,158.862,158.693,158.853,4729
2026.04.01,21:00,158.852,158.947,158.841,158.893,3225
2026.04.01,22:00,158.894,158.905,158.748,158.798,2485
2026.04.01,23:00,158.775,158.810,158.595,158.676,3685
2026.04.02,00:00,158.686,158.735,158.582,158.608,1957
2026.04.02,01:00,158.609,158.714,158.543,158.714,3008
2026.04.02,02:00,158.715,158.763,158.581,158.669,4310
2026.04.02,03:00,158.668,159.251,158.605,159.198,8816
2026.04.02,04:00,159.197,159.476,159.156,159.419,6253
2026.04.02,05:00,159.429,159.444,159.311,159.367,2906
2026.04.02,06:00,159.366,159.431,159.333,159.343,2896
2026.04.02,07:00,159.344,159.444,159.338,159.442,3069
2026.04.02,08:00,159.430,159.465,159.303,159.385,4752
2026.04.02,09:00,159.386,159.716,159.372,159.577,5550
2026.04.02,10:00,159.578,159.705,159.551,159.680,2925
2026.04.02,11:00,159.682,159.727,159.566,159.566,2380
2026.04.02,12:00,159.563,159.699,159.546,159.683,2702
2026.04.02,13:00,159.686,159.744,159.675,159.703,2680
2026.04.02,14:00,159.702,159.708,159.563,159.626,4856
2026.04.02,15:00,159.631,159.690,159.563,159.585,4315
2026.04.02,16:00,159.584,159.592,159.253,159.279,5712
2026.04.02,17:00,159.282,159.387,159.234,159.345,5914
2026.04.02,18:00,159.346,159.506,159.311,159.506,4682
2026.04.02,19:00,159.505,159.614,159.496,159.592,3128
2026.04.02,20:00,159.593,159.727,159.581,159.625,3095
2026.04.02,21:00,159.624,159.680,159.540,159.669,3344
2026.04.02,22:00,159.662,159.675,159.530,159.530,1555
2026.04.02,23:00,159.541,159.608,159.507,159.548,838
2026.04.03,00:00,159.549,159.603,159.508,159.531,1544
2026.04.03,01:00,159.532,159.532,159.485,159.492,1843
2026.04.03,02:00,159.493,159.627,159.429,159.597,2253
2026.04.03,03:00,159.596,159.647,159.547,159.645,1479
2026.04.03,04:00,159.644,159.714,159.612,159.671,2130
2026.04.03,05:00,159.671,159.694,159.572,159.580,973
2026.04.03,06:00,159.582,159.630,159.538,159.623,1155
2026.04.03,07:00,159.624,159.656,159.603,159.651,2295
2026.04.03,08:00,159.652,159.692,159.589,159.636,1221
2026.04.03,09:00,159.635,159.636,159.546,159.598,1073
2026.04.03,10:00,159.597,159.636,159.571,159.608,2610
2026.04.03,11:00,159.610,159.616,159.581,159.593,1618
2026.04.03,12:00,159.594,159.612,159.565,159.594,2318
2026.04.03,13:00,159.595,159.596,159.540,159.558,4888
2026.04.03,14:00,159.559,159.806,159.531,159.619,4805
2026.04.03,15:00,159.620,159.631,159.485,159.518,1956
2026.04.03,16:00,159.517,159.598,159.491,159.592,1057
2026.04.03,17:00,159.591,159.644,159.565,159.642,2547
2026.04.03,18:00,159.645,159.646,159.628,159.639,1504
2026.04.03,19:00,159.637,159.646,159.631,159.634,789
2026.04.03,20:00,159.635,159.668,159.629,159.652,851
2026.04.03,21:00,159.658,159.665,159.637,159.637,557
2026.04.03,22:00,159.638,159.707,159.479,159.672,3222
2026.04.06,00:00,159.549,159.803,159.454,159.674,4161
2026.04.06,01:00,159.673,159.829,159.607,159.778,3713
2026.04.06,02:00,159.779,159.803,159.657,159.747,3275
2026.04.06,03:00,159.740,159.743,159.615,159.690,3254
2026.04.06,04:00,159.689,159.690,159.526,159.555,3136
2026.04.06,05:00,159.556,159.638,159.535,159.623,2182
2026.04.06,06:00,159.624,159.630,159.544,159.572,1617
2026.04.06,07:00,159.570,159.583,159.551,159.571,1614
2026.04.06,08:00,159.569,159.655,159.543,159.607,2527
2026.04.06,09:00,159.606,159.708,159.346,159.385,3888
2026.04.06,10:00,159.382,159.439,159.304,159.384,3444
2026.04.06,11:00,159.382,159.468,159.350,159.425,2468
2026.04.06,12:00,159.426,159.559,159.414,159.459,2134
2026.04.06,13:00,159.461,159.589,159.453,159.558,1996
2026.04.06,14:00,159.557,159.570,159.366,159.402,3028
2026.04.06,15:00,159.395,159.503,159.393,159.500,3204
2026.04.06,16:00,159.491,159.702,159.399,159.683,5903
2026.04.06,17:00,159.684,159.802,159.681,159.711,4511
2026.04.06,18:00,159.712,159.713,159.622,159.678,2696
2026.04.06,19:00,159.679,159.796,159.679,159.773,3554
2026.04.06,20:00,159.772,159.790,159.592,159.685,3836
2026.04.06,21:00,159.684,159.734,159.653,159.692,1595
2026.04.06,22:00,159.693,159.711,159.667,159.675,1304
2026.04.06,23:00,159.666,159.736,159.566,159.625,3076
2026.04.07,00:00,159.624,159.672,159.571,159.670,3073
2026.04.07,01:00,159.669,159.707,159.654,159.696,1475
2026.04.07,02:00,159.693,159.840,159.676,159.830,2927
2026.04.07,03:00,159.831,159.922,159.786,159.883,2794
2026.04.07,04:00,159.884,159.930,159.846,159.870,1803
2026.04.07,05:00,159.869,159.885,159.821,159.831,1261
2026.04.07,06:00,159.831,159.831,159.728,159.737,1676
2026.04.07,07:00,159.738,159.818,159.725,159.765,2251
2026.04.07,08:00,159.767,159.815,159.734,159.776,2713
2026.04.07,09:00,159.777,159.879,159.776,159.866,2930
2026.04.07,10:00,159.865,159.865,159.481,159.493,6526
2026.04.07,11:00,159.495,159.636,159.468,159.632,3488
2026.04.07,12:00,159.631,159.792,159.616,159.787,5541
2026.04.07,13:00,159.785,159.864,159.767,159.830,3485
2026.04.07,14:00,159.829,159.874,159.714,159.771,4359
2026.04.07,15:00,159.773,159.892,159.723,159.878,4282
2026.04.07,16:00,159.877,159.942,159.803,159.835,4014
2026.04.07,17:00,159.836,160.028,159.779,159.919,5274
2026.04.07,18:00,159.918,159.927,159.796,159.905,5465
2026.04.07,19:00,159.906,159.955,159.707,159.784,3867
2026.04.07,20:00,159.783,159.866,159.697,159.842,3296
2026.04.07,21:00,159.843,159.867,159.544,159.603,6248
2026.04.07,22:00,159.604,159.683,159.504,159.570,5649
2026.04.07,23:00,159.540,159.621,159.516,159.539,3591
2026.04.08,00:00,159.539,159.755,159.051,159.139,5706
2026.04.08,01:00,159.138,159.163,158.600,158.734,9908
2026.04.08,02:00,158.736,158.801,158.549,158.691,9287
2026.04.08,03:00,158.692,158.713,158.383,158.390,7791
2026.04.08,04:00,158.391,158.574,158.294,158.427,6310
2026.04.08,05:00,158.426,158.462,158.350,158.438,3885
2026.04.08,06:00,158.437,158.461,158.342,158.355,3310
2026.04.08,07:00,158.354,158.429,158.152,158.279,4403
2026.04.08,08:00,158.286,158.375,158.050,158.200,6253
2026.04.08,09:00,158.201,158.365,158.113,158.216,6243
2026.04.08,10:00,158.218,158.488,158.124,158.371,5104
2026.04.08,11:00,158.372,158.496,158.277,158.492,4170
2026.04.08,12:00,158.491,158.537,158.384,158.431,2711
2026.04.08,13:00,158.434,158.486,158.221,158.247,4529
2026.04.08,14:00,158.246,158.326,157.948,157.982,7349
2026.04.08,15:00,157.981,158.313,157.887,158.237,7172
2026.04.08,16:00,158.235,158.388,158.182,158.273,5426
2026.04.08,17:00,158.268,158.466,158.223,158.343,5527
2026.04.08,18:00,158.339,158.496,158.308,158.420,5349
2026.04.08,19:00,158.419,158.522,158.387,158.459,3964
2026.04.08,20:00,158.460,158.745,158.380,158.716,4920
2026.04.08,21:00,158.714,158.796,158.500,158.515,4439
2026.04.08,22:00,158.517,158.627,158.514,158.535,3101
2026.04.08,23:00,158.485,158.673,158.436,158.485,3082
2026.04.09,00:00,158.485,158.582,158.485,158.565,1539
2026.04.09,01:00,158.566,158.679,158.558,158.652,1812
2026.04.09,02:00,158.651,158.870,158.619,158.854,3623
2026.04.09,03:00,158.853,158.952,158.789,158.826,3155
2026.04.09,04:00,158.826,158.857,158.704,158.716,2222
2026.04.09,05:00,158.717,158.805,158.691,158.754,2086
2026.04.09,06:00,158.753,158.753,158.643,158.736,1825
2026.04.09,07:00,158.737,158.864,158.715,158.846,1830
2026.04.09,08:00,158.845,158.930,158.769,158.781,3176
2026.04.09,09:00,158.782,158.975,158.767,158.970,3493
2026.04.09,10:00,158.972,159.109,158.910,159.006,3117
2026.04.09,11:00,159.007,159.058,158.936,158.990,2787
2026.04.09,12:00,158.992,159.083,158.956,159.083,2239
2026.04.09,13:00,159.084,159.087,158.838,158.894,2975
2026.04.09,14:00,158.895,159.115,158.857,158.996,4750
2026.04.09,15:00,158.995,159.039,158.890,159.025,4077
2026.04.09,16:00,159.020,159.205,158.991,159.191,4265
2026.04.09,17:00,159.192,159.296,158.882,158.902,6451
2026.04.09,18:00,158.903,158.904,158.630,158.763,5898
2026.04.09,19:00,158.762,158.794,158.676,158.765,3570
2026.04.09,20:00,158.766,159.025,158.764,159.010,4216
2026.04.09,21:00,159.012,159.095,158.972,159.091,3223
2026.04.09,22:00,159.092,159.129,158.959,158.959,2068
2026.04.09,23:00,158.906,158.981,158.902,158.951,1038
2026.04.10,00:00,158.951,159.100,158.951,159.087,2014
2026.04.10,01:00,159.088,159.125,159.045,159.091,2259
2026.04.10,02:00,159.100,159.242,159.100,159.188,3370
2026.04.10,03:00,159.190,159.228,159.023,159.055,2684
2026.04.10,04:00,159.052,159.190,159.023,159.161,2208
2026.04.10,05:00,159.159,159.174,159.115,159.136,1746
2026.04.10,06:00,159.135,159.213,159.125,159.187,1741
2026.04.10,07:00,159.188,159.272,159.184,159.255,1552
2026.04.10,08:00,159.256,159.373,159.203,159.281,2976
2026.04.10,09:00,159.280,159.341,159.193,159.341,2811
2026.04.10,10:00,159.342,159.352,159.245,159.319,2383
2026.04.10,11:00,159.316,159.330,159.188,159.245,3787
2026.04.10,12:00,159.244,159.293,159.181,159.201,2561
2026.04.10,13:00,159.202,159.241,159.161,159.177,2294
2026.04.10,14:00,159.170,159.188,158.900,159.139,4804
2026.04.10,15:00,159.140,159.195,159.071,159.154,4509
2026.04.10,16:00,159.153,159.222,159.094,159.194,4558
2026.04.10,17:00,159.195,159.243,159.035,159.207,4698
2026.04.10,18:00,159.208,159.351,159.207,159.269,3496
2026.04.10,19:00,159.268,159.308,159.244,159.295,2120
2026.04.10,20:00,159.296,159.343,159.243,159.280,3284
2026.04.10,21:00,159.290,159.312,159.268,159.301,1579
2026.04.10,22:00,159.300,159.318,159.235,159.292,1372
2026.04.13,00:00,159.642,159.840,159.618,159.805,4714
2026.04.13,01:00,159.804,159.850,159.652,159.678,2829
2026.04.13,02:00,159.679,159.844,159.668,159.705,4062
2026.04.13,03:00,159.703,159.782,159.656,159.688,2851
2026.04.13,04:00,159.687,159.755,159.663,159.709,1615
2026.04.13,05:00,159.704,159.749,159.678,159.683,1395
2026.04.13,06:00,159.682,159.773,159.669,159.725,1713
2026.04.13,07:00,159.724,159.751,159.672,159.678,1578
2026.04.13,08:00,159.679,159.733,159.559,159.667,3156
2026.04.13,09:00,159.669,159.721,159.605,159.610,2844
2026.04.13,10:00,159.611,159.721,159.568,159.710,2495
2026.04.13,11:00,159.709,159.741,159.672,159.730,2149
2026.04.13,12:00,159.726,159.740,159.667,159.687,1842
2026.04.13,13:00,159.679,159.849,159.647,159.844,2949
2026.04.13,14:00,159.845,159.860,159.686,159.740,3862
2026.04.13,15:00,159.741,159.802,159.568,159.604,4486
2026.04.13,16:00,159.598,159.662,159.506,159.575,6070
2026.04.13,17:00,159.584,159.755,159.583,159.745,4322
2026.04.13,18:00,159.742,159.786,159.456,159.535,6715
2026.04.13,19:00,159.536,159.536,159.360,159.409,3527
2026.04.13,20:00,159.408,159.412,159.298,159.327,4477
2026.04.13,21:00,159.326,159.394,159.290,159.386,2860
2026.04.13,22:00,159.384,159.452,159.369,159.435,1843
2026.04.13,23:00,159.422,159.438,159.308,159.323,1520
2026.04.14,00:00,159.319,159.417,159.318,159.367,1277
2026.04.14,01:00,159.368,159.377,159.204,159.218,2357
2026.04.14,02:00,159.219,159.336,159.141,159.165,3986
2026.04.14,03:00,159.164,159.229,159.083,159.211,3600
2026.04.14,04:00,159.210,159.262,159.124,159.142,2153
2026.04.14,05:00,159.141,159.166,159.076,159.093,1995
2026.04.14,06:00,159.092,159.118,159.010,159.029,1768
2026.04.14,07:00,159.028,159.158,158.960,159.132,2213
2026.04.14,08:00,159.133,159.283,159.117,159.158,3054
2026.04.14,09:00,159.157,159.169,158.948,159.067,4977
2026.04.14,10:00,159.068,159.169,159.025,159.066,3267
2026.04.14,11:00,159.065,159.093,158.852,158.974,3450
2026.04.14,12:00,158.975,158.978,158.804,158.825,3116
2026.04.14,13:00,158.826,158.834,158.705,158.733,3397
2026.04.14,14:00,158.737,158.876,158.692,158.714,5457
2026.04.14,15:00,158.716,158.898,158.677,158.846,4973
2026.04.14,16:00,158.847,158.864,158.602,158.726,5169
2026.04.14,17:00,158.727,158.913,158.684,158.902,5395
2026.04.14,18:00,158.901,158.935,158.816,158.837,2733
2026.04.14,19:00,158.838,158.893,158.701,158.735,2295
2026.04.14,20:00,158.734,158.836,158.687,158.814,2595
2026.04.14,21:00,158.819,158.907,158.800,158.864,2059
2026.04.14,22:00,158.865,158.889,158.732,158.732,1165
2026.04.14,23:00,158.732,158.818,158.705,158.808,9181
2026.04.15,00:00,158.808,158.839,158.774,158.837,1052
2026.04.15,01:00,158.838,158.881,158.768,158.803,1761
2026.04.15,02:00,158.805,158.884,158.737,158.816,3587
2026.04.15,03:00,158.819,158.977,158.819,158.923,3231
2026.04.15,04:00,158.922,159.063,158.884,159.037,2206
2026.04.15,05:00,159.038,159.048,158.956,158.985,1966
2026.04.15,06:00,158.986,159.011,158.952,158.987,1210
2026.04.15,07:00,158.988,158.999,158.911,158.969,2175
2026.04.15,08:00,158.967,159.025,158.863,159.022,3125
2026.04.15,09:00,159.023,159.028,158.886,158.929,3368
2026.04.15,10:00,158.930,158.937,158.645,158.776,4139
2026.04.15,11:00,158.775,158.934,158.715,158.898,4796
2026.04.15,12:00,158.897,159.050,158.826,158.978,4184
2026.04.15,13:00,158.977,159.096,158.929,159.028,3413
2026.04.15,14:00,159.029,159.152,159.026,159.106,3864
2026.04.15,15:00,159.107,159.122,158.981,159.057,4151
2026.04.15,16:00,159.056,159.065,158.923,159.027,4624
2026.04.15,17:00,159.028,159.044,158.863,158.978,4994
2026.04.15,18:00,158.987,159.035,158.753,158.881,4638
2026.04.15,19:00,158.882,159.112,158.877,159.103,2844
2026.04.15,20:00,159.106,159.122,159.001,159.023,3635
2026.04.15,21:00,159.022,159.057,158.951,158.977,2070
2026.04.15,22:00,158.976,159.001,158.928,158.940,2161
2026.04.15,23:00,158.970,158.992,158.866,158.938,3164
2026.04.16,00:00,158.939,158.940,158.836,158.869,1270
2026.04.16,01:00,158.868,158.884,158.795,158.815,1792
2026.04.16,02:00,158.816,158.849,158.717,158.730,3131
2026.04.16,03:00,158.729,158.824,158.678,158.752,2968
2026.04.16,04:00,158.749,158.813,158.508,158.513,3267
2026.04.16,05:00,158.512,158.675,158.264,158.669,5179
2026.04.16,06:00,158.670,158.740,158.655,158.714,2250
2026.04.16,07:00,158.713,158.856,158.699,158.849,2420
2026.04.16,08:00,158.855,158.953,158.756,158.791,3407
2026.04.16,09:00,158.787,158.888,158.726,158.866,3625
2026.04.16,10:00,158.865,159.058,158.851,158.985,3694
2026.04.16,11:00,158.986,159.065,158.961,159.036,2514
2026.04.16,12:00,159.037,159.129,159.013,159.021,2110
2026.04.16,13:00,159.020,159.020,158.879,158.960,3214
2026.04.16,14:00,158.953,159.115,158.930,159.113,4339
2026.04.16,15:00,159.112,159.189,158.989,159.172,3415
2026.04.16,16:00,159.173,159.307,159.087,159.206,4442
2026.04.16,17:00,159.202,159.283,159.097,159.147,5301
2026.04.16,18:00,159.142,159.264,159.025,159.176,5047
2026.04.16,19:00,159.174,159.291,159.172,159.256,2648
2026.04.16,20:00,159.257,159.258,159.160,159.216,2815
2026.04.16,21:00,159.215,159.215,159.098,159.170,2223
2026.04.16,22:00,159.172,159.197,159.110,159.113,1428
2026.04.16,23:00,159.135,159.188,159.071,159.131,2173
2026.04.17,00:00,159.131,159.148,159.022,159.111,730
2026.04.17,01:00,159.112,159.225,159.085,159.211,1277
2026.04.17,02:00,159.212,159.359,159.179,159.335,2605
2026.04.17,03:00,159.336,159.427,159.301,159.362,2443
2026.04.17,04:00,159.361,159.443,159.359,159.376,1639
2026.04.17,05:00,159.375,159.463,159.365,159.389,1473
2026.04.17,06:00,159.384,159.483,159.373,159.470,1561
2026.04.17,07:00,159.471,159.531,159.454,159.479,1848
2026.04.17,08:00,159.480,159.518,159.373,159.404,2969
2026.04.17,09:00,159.403,159.404,159.270,159.270,3929
2026.04.17,10:00,159.267,159.303,159.140,159.140,3914
2026.04.17,11:00,159.141,159.188,159.007,159.040,3294
2026.04.17,12:00,159.041,159.177,159.031,159.166,2605
2026.04.17,13:00,159.167,159.226,159.136,159.170,2303
2026.04.17,14:00,159.168,159.179,158.490,158.515,4958
2026.04.17,15:00,158.514,158.530,158.080,158.097,6313
2026.04.17,16:00,158.096,158.359,157.594,157.646,6374
2026.04.17,17:00,157.647,158.174,157.633,158.102,7973
2026.04.17,18:00,158.103,158.201,157.959,158.053,4891
2026.04.17,19:00,158.059,158.277,158.058,158.164,5583
2026.04.17,20:00,158.165,158.465,158.139,158.435,4216
2026.04.17,21:00,158.433,158.586,158.369,158.560,4016
2026.04.17,22:00,158.561,158.637,158.534,158.634,2982
2026.04.20,00:00,159.004,159.049,158.881,159.010,2653
2026.04.20,01:00,159.011,159.193,158.933,159.154,3170
2026.04.20,02:00,159.162,159.201,158.893,159.006,4777
2026.04.20,03:00,159.004,159.016,158.835,158.857,3834
2026.04.20,04:00,158.859,158.911,158.790,158.879,2320
2026.04.20,05:00,158.880,158.933,158.801,158.882,2135
2026.04.20,06:00,158.881,158.945,158.845,158.897,1365
2026.04.20,07:00,158.899,159.010,158.895,158.949,2595
2026.04.20,08:00,158.947,158.996,158.820,158.884,4374
2026.04.20,09:00,158.882,159.052,158.726,158.965,6207
2026.04.20,10:00,158.966,159.075,158.916,158.981,3982
2026.04.20,11:00,158.980,159.028,158.882,158.922,4189
2026.04.20,12:00,158.921,158.972,158.856,158.909,3041
2026.04.20,13:00,158.907,158.957,158.757,158.838,3993
2026.04.20,14:00,158.837,158.973,158.812,158.878,4577
2026.04.20,15:00,158.876,158.935,158.566,158.633,6752
2026.04.20,16:00,158.634,158.892,158.631,158.719,6353
2026.04.20,17:00,158.722,158.819,158.551,158.667,6821
2026.04.20,18:00,158.666,158.709,158.616,158.651,3265
2026.04.20,19:00,158.650,158.768,158.610,158.757,3040
2026.04.20,20:00,158.753,158.921,158.667,158.908,4087
2026.04.20,21:00,158.909,158.919,158.798,158.841,2532
2026.04.20,22:00,158.839,158.901,158.735,158.735,2785
2026.04.20,23:00,158.697,158.769,158.697,158.727,2596
2026.04.21,00:00,158.727,158.815,158.715,158.772,3899
2026.04.21,01:00,158.771,158.860,158.757,158.843,1343
2026.04.21,02:00,158.836,158.992,158.835,158.952,3139
2026.04.21,03:00,158.953,158.974,158.912,158.948,2476
2026.04.21,04:00,158.949,158.994,158.920,158.951,1685
2026.04.21,05:00,158.953,158.990,158.930,158.985,1856
2026.04.21,06:00,158.984,158.991,158.947,158.958,1101
2026.04.21,07:00,158.959,158.959,158.849,158.906,1810
2026.04.21,08:00,158.908,158.915,158.794,158.815,3402
2026.04.21,09:00,158.816,159.017,158.801,159.017,3692
2026.04.21,10:00,159.019,159.215,159.017,159.179,3942
2026.04.21,11:00,159.178,159.256,159.106,159.199,2683
2026.04.21,12:00,159.200,159.231,159.185,159.190,1953
2026.04.21,13:00,159.192,159.249,159.039,159.041,2793
2026.04.21,14:00,159.040,159.243,159.016,159.179,4878
2026.04.21,15:00,159.175,159.197,159.016,159.061,4196
2026.04.21,16:00,159.059,159.381,159.040,159.375,4115
2026.04.21,17:00,159.380,159.441,159.282,159.422,4726
2026.04.21,18:00,159.423,159.496,159.347,159.474,4170
2026.04.21,19:00,159.476,159.613,159.180,159.254,4598
2026.04.21,20:00,159.255,159.494,159.253,159.446,4995
2026.04.21,21:00,159.444,159.629,159.230,159.568,6581
2026.04.21,22:00,159.571,159.637,159.288,159.288,5208
2026.04.21,23:00,159.325,159.438,159.298,159.388,2999
2026.04.22,00:00,159.386,159.418,159.358,159.412,2776
2026.04.22,01:00,159.411,159.457,159.361,159.366,1941
2026.04.22,02:00,159.366,159.368,159.173,159.289,4583
2026.04.22,03:00,159.284,159.331,159.226,159.251,2888
2026.04.22,04:00,159.250,159.372,159.249,159.354,1844
2026.04.22,05:00,159.353,159.400,159.333,159.393,1810
2026.04.22,06:00,159.391,159.392,159.296,159.344,1477
2026.04.22,07:00,159.343,159.346,159.104,159.231,3893
2026.04.22,08:00,159.231,159.256,159.130,159.133,3023
2026.04.22,09:00,159.134,159.297,159.113,159.222,3742
2026.04.22,10:00,159.219,159.368,159.201,159.358,3993
2026.04.22,11:00,159.357,159.372,159.315,159.341,3074
2026.04.22,12:00,159.342,159.371,159.214,159.228,3190
2026.04.22,13:00,159.226,159.281,159.194,159.246,3909
2026.04.22,14:00,159.249,159.362,159.150,159.361,4406
2026.04.22,15:00,159.360,159.367,159.116,159.181,6820
2026.04.22,16:00,159.182,159.392,159.141,159.387,5549
2026.04.22,17:00,159.386,159.514,159.367,159.493,4991
2026.04.22,18:00,159.487,159.531,159.447,159.507,3473
2026.04.22,19:00,159.505,159.522,159.427,159.444,3255
2026.04.22,20:00,159.442,159.492,159.416,159.481,2196
2026.04.22,21:00,159.482,159.550,159.461,159.544,1566
2026.04.22,22:00,159.543,159.571,159.443,159.449,2507
2026.04.22,23:00,159.422,159.497,159.360,159.381,2650
2026.04.23,00:00,159.380,159.490,159.380,159.474,547
2026.04.23,01:00,159.473,159.496,159.437,159.489,1201
2026.04.23,02:00,159.488,159.686,159.359,159.399,6106
2026.04.23,03:00,159.398,159.418,159.294,159.379,5112
2026.04.23,04:00,159.380,159.564,159.362,159.535,3341
2026.04.23,05:00,159.534,159.548,159.472,159.545,2946
2026.04.23,06:00,159.549,159.584,159.517,159.547,1929
2026.04.23,07:00,159.546,159.604,159.514,159.532,2065
2026.04.23,08:00,159.531,159.668,159.523,159.665,3066
2026.04.23,09:00,159.664,159.698,159.596,159.599,3999
2026.04.23,10:00,159.595,159.697,159.588,159.693,3445
2026.04.23,11:00,159.696,159.739,159.654,159.737,3683
2026.04.23,12:00,159.736,159.779,159.665,159.713,3850
2026.04.23,13:00,159.711,159.751,159.500,159.542,4820
2026.04.23,14:00,159.548,159.598,159.435,159.530,7227
2026.04.23,15:00,159.528,159.626,159.467,159.577,5649
2026.04.23,16:00,159.578,159.618,159.381,159.420,5096
2026.04.23,17:00,159.421,159.489,159.313,159.415,5852
2026.04.23,18:00,159.416,159.487,159.415,159.455,4012
2026.04.23,19:00,159.454,159.838,159.452,159.837,5957
2026.04.23,20:00,159.836,159.844,159.468,159.563,6170
2026.04.23,21:00,159.564,159.749,159.538,159.693,4831
2026.04.23,22:00,159.691,159.751,159.675,159.722,3157
2026.04.23,23:00,159.517,159.711,159.517,159.639,2181
2026.04.24,00:00,159.639,159.728,159.635,159.705,801
2026.04.24,01:00,159.704,159.783,159.701,159.753,1684
2026.04.24,02:00,159.754,159.808,159.676,159.792,3994
2026.04.24,03:00,159.791,159.810,159.754,159.758,2428
2026.04.24,04:00,159.759,159.796,159.751,159.768,1719
2026.04.24,05:00,159.765,159.838,159.764,159.789,2394
2026.04.24,06:00,159.790,159.798,159.726,159.778,2099
2026.04.24,07:00,159.779,159.816,159.750,159.770,2223
2026.04.24,08:00,159.766,159.792,159.602,159.687,3682
2026.04.24,09:00,159.686,159.718,159.629,159.670,3058
2026.04.24,10:00,159.679,159.756,159.663,159.721,4151
2026.04.24,11:00,159.717,159.760,159.691,159.745,2899
2026.04.24,12:00,159.744,159.770,159.644,159.650,2636
2026.04.24,13:00,159.651,159.674,159.334,159.415,6635
2026.04.24,14:00,159.417,159.622,159.375,159.589,6125
2026.04.24,15:00,159.590,159.652,159.476,159.578,5282
2026.04.24,16:00,159.576,159.645,159.383,159.409,5057
2026.04.24,17:00,159.413,159.587,159.332,159.388,5679
2026.04.24,18:00,159.387,159.420,159.314,159.357,5600
2026.04.24,19:00,159.355,159.429,159.308,159.412,3505
2026.04.24,20:00,159.413,159.467,159.400,159.424,2527
2026.04.24,21:00,159.414,159.447,159.376,159.424,2680
2026.04.24,22:00,159.423,159.426,159.317,159.356,1773
2026.04.27,00:00,159.511,159.589,159.505,159.544,1272
2026.04.27,01:00,159.538,159.595,159.508,159.582,1652
2026.04.27,02:00,159.583,159.583,159.448,159.475,2878
2026.04.27,03:00,159.474,159.475,159.254,159.329,4958
2026.04.27,04:00,159.328,159.365,159.267,159.299,2217
2026.04.27,05:00,159.300,159.311,159.191,159.225,2901
2026.04.27,06:00,159.224,159.258,159.149,159.239,2215
2026.04.27,07:00,159.240,159.418,159.235,159.412,2287
2026.04.27,08:00,159.413,159.481,159.260,159.263,3530
2026.04.27,09:00,159.266,159.304,159.185,159.227,3592
2026.04.27,10:00,159.229,159.268,159.110,159.149,3784
2026.04.27,11:00,159.143,159.232,159.095,159.220,2557
2026.04.27,12:00,159.219,159.272,159.131,159.151,2540
2026.04.27,13:00,159.152,159.213,159.104,159.185,2634
2026.04.27,14:00,159.184,159.230,159.105,159.230,4005
2026.04.27,15:00,159.231,159.286,159.145,159.260,4897
2026.04.27,16:00,159.261,159.290,159.106,159.216,4661
2026.04.27,17:00,159.217,159.313,159.213,159.292,4150
2026.04.27,18:00,159.293,159.386,159.277,159.386,2851
2026.04.27,19:00,159.385,159.462,159.347,159.386,2701
2026.04.27,20:00,159.387,159.452,159.387,159.447,2272
2026.04.27,21:00,159.448,159.449,159.369,159.422,2090
2026.04.27,22:00,159.421,159.424,159.385,159.413,1608
2026.04.27,23:00,159.328,159.392,159.328,159.375,1131
2026.04.28,00:00,159.376,159.460,159.359,159.404,1055
2026.04.28,01:00,159.405,159.449,159.352,159.366,1094
2026.04.28,02:00,159.367,159.484,159.310,159.468,2583
2026.04.28,03:00,159.470,159.562,159.464,159.560,2553
2026.04.28,04:00,159.561,159.567,159.489,159.517,1692
2026.04.28,05:00,159.515,159.564,158.983,159.075,5143
2026.04.28,06:00,159.074,159.088,158.960,159.084,2543
2026.04.28,07:00,159.085,159.214,159.054,159.209,2630
2026.04.28,08:00,159.210,159.358,159.032,159.355,4533
2026.04.28,09:00,159.352,159.546,159.267,159.537,4792
2026.04.28,10:00,159.530,159.686,159.456,159.475,5238
2026.04.28,11:00,159.476,159.594,159.416,159.572,4024
2026.04.28,12:00,159.574,159.645,159.536,159.633,2980
2026.04.28,13:00,159.634,159.786,159.601,159.772,2980
2026.04.28,14:00,159.773,159.784,159.415,159.479,6614
2026.04.28,15:00,159.480,159.606,159.433,159.505,6800
2026.04.28,16:00,159.509,159.730,159.493,159.675,5563
2026.04.28,17:00,159.679,159.748,159.546,159.551,6445
2026.04.28,18:00,159.550,159.624,159.507,159.559,4471
2026.04.28,19:00,159.560,159.626,159.510,159.543,2730
2026.04.28,20:00,159.542,159.630,159.521,159.622,2562
2026.04.28,21:00,159.618,159.688,159.578,159.656,1746
2026.04.28,22:00,159.657,159.661,159.589,159.596,1401
2026.04.28,23:00,159.589,159.608,159.488,159.563,1322
2026.04.29,00:00,159.564,159.607,159.545,159.567,572
2026.04.29,01:00,159.570,159.595,159.538,159.557,1334
2026.04.29,02:00,159.551,159.591,159.518,159.547,2481
2026.04.29,03:00,159.546,159.663,159.526,159.610,4201
2026.04.29,04:00,159.611,159.630,159.570,159.621,2190
2026.04.29,05:00,159.623,159.636,159.589,159.616,1665
2026.04.29,06:00,159.615,159.646,159.615,159.635,1377
2026.04.29,07:00,159.634,159.712,159.633,159.709,1925
2026.04.29,08:00,159.710,159.738,159.605,159.653,2745
2026.04.29,09:00,159.647,159.702,159.619,159.666,3702
2026.04.29,10:00,159.668,159.787,159.637,159.780,3794
2026.04.29,11:00,159.781,159.842,159.750,159.834,2797
2026.04.29,12:00,159.833,159.839,159.749,159.756,2109
2026.04.29,13:00,159.755,159.852,159.738,159.846,2711
2026.04.29,14:00,159.845,159.978,159.814,159.973,3342
2026.04.29,15:00,159.974,160.180,159.952,160.176,5045
2026.04.29,16:00,160.178,160.199,160.058,160.132,5727
2026.04.29,17:00,160.135,160.244,160.013,160.221,6032
2026.04.29,18:00,160.222,160.324,160.169,160.310,5411
2026.04.29,19:00,160.308,160.366,160.216,160.216,4463
2026.04.29,20:00,160.204,160.428,160.165,160.389,6901
2026.04.29,21:00,160.390,160.441,160.284,160.383,5451
2026.04.29,22:00,160.384,160.473,160.240,160.240,4104
2026.04.29,23:00,160.321,160.393,160.261,160.353,2207
2026.04.30,00:00,160.353,160.438,160.320,160.320,1629
2026.04.30,01:00,160.318,160.344,160.150,160.200,2815
2026.04.30,02:00,160.198,160.303,160.072,160.303,4760
2026.04.30,03:00,160.305,160.317,160.210,160.229,4473
2026.04.30,04:00,160.233,160.400,160.213,160.341,3813
2026.04.30,05:00,160.342,160.425,160.318,160.424,2607
2026.04.30,06:00,160.425,160.578,160.364,160.538,4066
2026.04.30,07:00,160.532,160.659,160.465,160.657,3375
2026.04.30,08:00,160.658,160.723,160.535,160.616,4950
2026.04.30,09:00,160.617,160.617,159.788,160.121,5187
2026.04.30,10:00,160.123,160.239,159.454,159.523,11310
2026.04.30,11:00,159.522,159.595,159.221,159.339,10248
2026.04.30,12:00,159.337,159.354,157.546,157.589,14188
2026.04.30,13:00,157.588,157.685,155.645,155.705,16537
2026.04.30,14:00,155.730,157.108,155.556,156.784,9534
2026.04.30,15:00,156.785,156.893,156.205,156.781,9021
2026.04.30,16:00,156.780,156.961,156.461,156.673,7515
2026.04.30,17:00,156.672,156.831,156.602,156.695,7138
2026.04.30,18:00,156.697,156.745,156.510,156.580,6096
2026.04.30,19:00,156.581,156.698,156.427,156.483,5233
2026.04.30,20:00,156.481,156.482,156.314,156.415,4683
2026.04.30,21:00,156.414,156.564,156.305,156.550,5098
2026.04.30,22:00,156.551,156.628,156.508,156.608,3248
2026.04.30,23:00,156.447,156.640,156.447,156.571,1469
2026.05.01,00:00,156.576,156.745,156.562,156.663,1178
2026.05.01,01:00,156.662,157.020,156.642,156.990,3426
2026.05.01,02:00,156.983,157.305,156.964,157.080,7464
2026.05.01,03:00,157.082,157.255,157.047,157.198,5063
2026.05.01,04:00,157.193,157.326,157.128,157.235,3157
2026.05.01,05:00,157.232,157.291,156.991,157.185,2973
2026.05.01,06:00,157.187,157.279,157.109,157.247,2578
2026.05.01,07:00,157.246,157.297,157.201,157.279,2367
2026.05.01,08:00,157.280,157.293,155.489,155.944,8608
2026.05.01,09:00,155.943,156.724,155.867,156.625,10325
2026.05.01,10:00,156.618,156.655,156.263,156.472,5097
2026.05.01,11:00,156.471,156.759,156.422,156.577,4163
2026.05.01,12:00,156.576,156.627,156.487,156.590,2472
2026.05.01,13:00,156.589,156.623,156.439,156.590,3187
2026.05.01,14:00,156.591,156.642,156.388,156.599,6423
2026.05.01,15:00,156.598,156.755,156.336,156.556,6125
2026.05.01,16:00,156.557,156.622,156.367,156.612,8162
2026.05.01,17:00,156.611,156.897,156.610,156.756,8378
2026.05.01,18:00,156.755,156.946,156.670,156.946,5176
2026.05.01,19:00,156.944,157.028,156.852,156.929,3613
2026.05.01,20:00,156.925,157.119,156.915,157.014,4841
2026.05.01,21:00,157.015,157.092,157.000,157.061,2822
2026.05.01,22:00,157.059,157.086,156.962,157.034,4019
2026.05.04,00:00,156.724,156.925,156.682,156.831,1865
2026.05.04,01:00,156.844,156.911,156.794,156.910,1679
2026.05.04,02:00,156.912,156.993,156.866,156.899,4097
2026.05.04,03:00,156.896,157.080,156.614,157.034,5079
2026.05.04,04:00,157.035,157.196,157.024,157.126,3803
2026.05.04,05:00,157.127,157.248,155.710,156.202,8968
2026.05.04,06:00,156.200,156.788,156.134,156.732,4883
2026.05.04,07:00,156.742,156.865,156.530,156.771,4559
2026.05.04,08:00,156.772,156.939,156.735,156.929,5415
2026.05.04,09:00,156.927,156.981,156.817,156.896,4123
2026.05.04,10:00,156.903,156.978,156.885,156.953,3660
2026.05.04,11:00,156.954,157.012,156.895,156.969,3836
2026.05.04,12:00,156.970,157.203,156.961,157.113,8504
2026.05.04,13:00,157.112,157.182,157.065,157.174,4950
2026.05.04,14:00,157.173,157.182,157.023,157.145,5025
2026.05.04,15:00,157.144,157.183,156.970,157.018,6989
2026.05.04,16:00,157.019,157.157,156.926,157.064,6539
2026.05.04,17:00,157.062,157.217,156.942,157.170,6543
2026.05.04,18:00,157.171,157.300,157.138,157.273,7266
2026.05.04,19:00,157.274,157.285,157.167,157.227,4879
2026.05.04,20:00,157.226,157.277,156.631,156.647,4874
2026.05.04,21:00,156.645,157.131,156.554,157.097,5232
2026.05.04,22:00,157.096,157.282,157.095,157.240,3447
2026.05.04,23:00,157.194,157.204,157.042,157.134,1680
2026.05.05,00:00,157.132,157.267,157.123,157.227,920
2026.05.05,01:00,157.228,157.237,157.175,157.213,1340
2026.05.05,02:00,157.214,157.256,157.168,157.211,3119
2026.05.05,03:00,157.209,157.269,157.187,157.211,2683
2026.05.05,04:00,157.210,157.231,157.186,157.220,1859
2026.05.05,05:00,157.222,157.267,157.213,157.266,1346
2026.05.05,06:00,157.267,157.296,157.237,157.285,1825
2026.05.05,07:00,157.286,157.298,157.212,157.275,2981
2026.05.05,08:00,157.279,157.296,157.193,157.226,3434
2026.05.05,09:00,157.224,157.239,157.080,157.236,4626
2026.05.05,10:00,157.237,157.284,157.203,157.279,2912
2026.05.05,11:00,157.280,157.879,157.110,157.510,6490
2026.05.05,12:00,157.506,157.670,157.490,157.617,2735
2026.05.05,13:00,157.619,157.793,157.610,157.749,3210
2026.05.05,14:00,157.750,157.839,157.640,157.772,5945
2026.05.05,15:00,157.774,157.796,157.674,157.776,5545
2026.05.05,16:00,157.758,157.827,157.673,157.678,7379
2026.05.05,17:00,157.679,157.729,157.608,157.680,4788
2026.05.05,18:00,157.681,157.802,157.654,157.789,2795
2026.05.05,19:00,157.790,157.886,157.770,157.851,2606
2026.05.05,20:00,157.851,157.918,157.837,157.874,1650
2026.05.05,21:00,157.875,157.917,157.861,157.877,1734
2026.05.05,22:00,157.878,157.896,157.710,157.710,2541
2026.05.05,23:00,157.720,157.887,157.710,157.878,959
2026.05.06,00:00,157.878,157.932,157.587,157.739,1995
2026.05.06,01:00,157.740,157.756,157.538,157.671,4314
2026.05.06,02:00,157.666,157.705,157.551,157.595,6353
2026.05.06,03:00,157.594,157.702,157.577,157.702,4961
2026.05.06,04:00,157.701,157.831,157.653,157.814,3369
2026.05.06,05:00,157.817,157.891,157.724,157.774,3735
2026.05.06,06:00,157.775,157.823,155.030,155.944,18053
2026.05.06,07:00,155.945,156.388,155.754,156.319,8954
2026.05.06,08:00,156.318,156.456,156.306,156.387,6011
2026.05.06,09:00,156.389,156.564,155.726,155.842,6898
2026.05.06,10:00,155.841,156.291,155.734,155.956,8691
2026.05.06,11:00,155.957,156.109,155.888,155.927,9274
2026.05.06,12:00,155.928,156.123,155.633,155.639,7675
2026.05.06,13:00,155.638,156.108,155.614,156.087,10367
2026.05.06,14:00,156.085,156.307,156.083,156.217,7340
2026.05.06,15:00,156.216,156.316,156.056,156.131,7464
2026.05.06,16:00,156.130,156.296,156.097,156.294,6821
2026.05.06,17:00,156.293,156.456,156.271,156.442,6212
2026.05.06,18:00,156.445,156.487,156.366,156.399,4414
2026.05.06,19:00,156.398,156.514,156.356,156.487,3953
2026.05.06,20:00,156.486,156.488,156.358,156.403,3737
2026.05.06,21:00,156.401,156.438,156.351,156.417,3733
2026.05.06,22:00,156.419,156.453,156.295,156.307,3831
2026.05.06,23:00,156.310,156.350,156.212,156.224,2318
2026.05.07,00:00,156.225,156.377,156.215,156.339,2323
2026.05.07,01:00,156.340,156.523,156.281,156.520,2025
2026.05.07,02:00,156.521,156.526,156.218,156.321,6681
2026.05.07,03:00,156.319,156.353,156.021,156.219,6079
2026.05.07,04:00,156.220,156.349,156.151,156.336,3785
2026.05.07,05:00,156.341,156.435,156.307,156.416,2751
2026.05.07,06:00,156.419,156.421,156.306,156.357,2448
2026.05.07,07:00,156.350,156.397,156.304,156.374,2504
2026.05.07,08:00,156.373,156.411,156.105,156.288,4458
2026.05.07,09:00,156.289,156.294,156.022,156.262,7101
2026.05.07,10:00,156.263,156.340,156.184,156.327,4314
2026.05.07,11:00,156.328,156.417,156.303,156.375,3765
2026.05.07,12:00,156.377,156.402,156.286,156.390,3403
2026.05.07,13:00,156.391,156.472,156.348,156.398,3540
2026.05.07,14:00,156.396,156.422,156.242,156.293,4256
2026.05.07,15:00,156.290,156.407,156.253,156.387,4804
2026.05.07,16:00,156.389,156.404,156.168,156.255,4226
2026.05.07,17:00,156.254,156.514,156.246,156.498,4974
2026.05.07,18:00,156.499,156.646,156.470,156.633,4853
2026.05.07,19:00,156.632,156.861,156.628,156.751,4966
2026.05.07,20:00,156.752,156.865,156.608,156.734,5932
2026.05.07,21:00,156.733,156.875,156.688,156.873,4684
2026.05.07,22:00,156.874,156.953,156.744,156.817,3950
2026.05.07,23:00,156.815,156.917,156.724,156.813,3934
2026.05.08,00:00,156.813,156.955,156.813,156.888,1828
2026.05.08,01:00,156.890,156.916,156.822,156.859,1236
2026.05.08,02:00,156.860,156.991,156.813,156.969,4330
2026.05.08,03:00,156.968,156.975,156.853,156.903,3311
2026.05.08,04:00,156.902,156.957,156.873,156.887,2634
2026.05.08,05:00,156.885,156.897,156.769,156.839,2300
2026.05.08,06:00,156.838,156.900,156.827,156.847,2142
2026.05.08,07:00,156.846,156.884,156.812,156.828,2331
2026.05.08,08:00,156.829,156.847,156.714,156.835,3815
2026.05.08,09:00,156.834,156.853,156.739,156.833,3703
2026.05.08,10:00,156.835,156.858,156.636,156.697,3888
2026.05.08,11:00,156.696,156.711,156.630,156.677,2920
2026.05.08,12:00,156.676,156.788,156.655,156.772,2224
2026.05.08,13:00,156.771,156.786,156.725,156.751,2389
2026.05.08,14:00,156.749,156.825,156.518,156.655,5830
2026.05.08,15:00,156.656,156.701,156.434,156.512,5910
2026.05.08,16:00,156.510,156.664,156.463,156.594,4015
2026.05.08,17:00,156.595,156.672,156.556,156.649,5503
2026.05.08,18:00,156.646,156.704,156.599,156.699,2665
2026.05.08,19:00,156.698,156.717,156.614,156.690,2038
2026.05.08,20:00,156.689,156.746,156.592,156.694,2946
2026.05.08,21:00,156.695,156.769,156.674,156.730,2365
2026.05.08,22:00,156.729,156.758,156.649,156.676,2738
2026.05.11,00:00,156.731,156.957,156.731,156.895,2645
2026.05.11,01:00,156.896,156.898,156.831,156.864,1767
2026.05.11,02:00,156.864,157.060,156.831,156.937,4176
2026.05.11,03:00,156.938,157.096,156.923,157.092,3432
2026.05.11,04:00,157.094,157.149,157.053,157.142,1970
2026.05.11,05:00,157.143,157.174,157.090,157.155,1690
2026.05.11,06:00,157.156,157.160,157.090,157.126,1531
2026.05.11,07:00,157.127,157.147,157.067,157.134,1778
2026.05.11,08:00,157.133,157.148,156.989,156.997,3248
2026.05.11,09:00,156.991,157.135,156.990,157.122,2554
2026.05.11,10:00,157.121,157.145,156.949,157.087,2980
2026.05.11,11:00,157.091,157.145,157.071,157.143,1835
2026.05.11,12:00,157.154,157.161,157.083,157.142,2382
2026.05.11,13:00,157.143,157.147,157.070,157.115,2161
2026.05.11,14:00,157.114,157.139,157.062,157.115,3407
2026.05.11,15:00,157.113,157.127,156.997,157.035,3291
2026.05.11,16:00,157.036,157.096,156.979,156.998,3753
2026.05.11,17:00,156.999,157.072,156.983,157.046,3526
2026.05.11,18:00,157.047,157.162,157.034,157.157,2355
2026.05.11,19:00,157.152,157.211,157.104,157.111,2389
2026.05.11,20:00,157.110,157.213,157.093,157.213,2098
2026.05.11,21:00,157.209,157.267,157.200,157.242,1657
2026.05.11,22:00,157.240,157.270,157.145,157.145,1824
2026.05.11,23:00,157.030,157.167,157.030,157.100,1208
2026.05.12,00:00,157.101,157.203,157.100,157.191,1208
2026.05.12,01:00,157.190,157.244,157.182,157.237,1255
2026.05.12,02:00,157.239,157.433,157.239,157.419,3040
2026.05.12,03:00,157.420,157.584,157.375,157.530,3545
2026.05.12,04:00,157.529,157.652,157.529,157.589,2079
2026.05.12,05:00,157.588,157.639,157.547,157.613,1534
2026.05.12,06:00,157.612,157.638,157.550,157.586,1920
2026.05.12,07:00,157.588,157.749,156.732,157.304,3834
2026.05.12,08:00,157.305,157.527,157.058,157.513,7947
2026.05.12,09:00,157.519,157.568,157.391,157.504,4817
2026.05.12,10:00,157.501,157.657,157.490,157.623,4135
2026.05.12,11:00,157.624,157.665,157.540,157.562,3420
2026.05.12,12:00,157.566,157.615,157.494,157.558,2551
2026.05.12,13:00,157.559,157.607,157.501,157.575,3092
2026.05.12,14:00,157.576,157.647,157.517,157.555,5146
2026.05.12,15:00,157.554,157.665,157.483,157.662,4787
2026.05.12,16:00,157.661,157.680,157.574,157.677,4397
2026.05.12,17:00,157.678,157.752,157.610,157.711,3682
2026.05.12,18:00,157.712,157.764,157.675,157.752,2298
2026.05.12,19:00,157.743,157.754,157.681,157.693,2047
2026.05.12,20:00,157.694,157.724,157.586,157.591,2643
2026.05.12,21:00,157.590,157.636,157.520,157.636,1871
2026.05.12,22:00,157.637,157.655,157.592,157.602,1749
2026.05.12,23:00,157.592,157.639,157.517,157.551,804
2026.05.13,00:00,157.549,157.617,157.532,157.599,623
2026.05.13,01:00,157.598,157.675,157.562,157.669,879
2026.05.13,02:00,157.670,157.767,157.632,157.710,2905
2026.05.13,03:00,157.711,157.778,157.561,157.651,3182
2026.05.13,04:00,157.652,157.726,157.600,157.656,1756
2026.05.13,05:00,157.655,157.686,157.624,157.680,1467
2026.05.13,06:00,157.679,157.750,157.670,157.717,1228
2026.05.13,07:00,157.719,157.736,157.684,157.685,1727
2026.05.13,08:00,157.686,157.787,157.684,157.771,2290
2026.05.13,09:00,157.772,157.842,157.676,157.834,2724
2026.05.13,10:00,157.836,157.844,157.751,157.805,2950
2026.05.13,11:00,157.806,157.896,157.784,157.837,2186
2026.05.13,12:00,157.838,157.856,157.781,157.814,2451
2026.05.13,13:00,157.816,157.837,157.744,157.766,1696
2026.05.13,14:00,157.765,157.891,157.754,157.846,3950
2026.05.13,15:00,157.845,157.863,157.758,157.772,3249
2026.05.13,16:00,157.771,157.894,157.758,157.862,3517
2026.05.13,17:00,157.863,157.876,157.776,157.839,3417
2026.05.13,18:00,157.840,157.861,157.746,157.857,2992
2026.05.13,19:00,157.855,157.923,157.833,157.922,1730
2026.05.13,20:00,157.923,157.924,157.856,157.891,2238
2026.05.13,21:00,157.893,157.901,157.838,157.871,2447
2026.05.13,22:00,157.870,157.902,157.860,157.870,1987
2026.05.13,23:00,157.800,157.863,157.628,157.813,2345
2026.05.14,00:00,157.813,157.846,157.793,157.807,916
2026.05.14,01:00,157.808,157.861,157.777,157.859,989
2026.05.14,02:00,157.858,157.873,157.808,157.850,2349
2026.05.14,03:00,157.848,157.919,157.847,157.912,2217
2026.05.14,04:00,157.913,157.949,157.885,157.921,1832
2026.05.14,05:00,157.922,157.994,157.919,157.969,2148
2026.05.14,06:00,157.968,157.973,157.514,157.869,3231
2026.05.14,07:00,157.868,157.945,157.865,157.905,2280
2026.05.14,08:00,157.906,157.917,157.808,157.848,3319
2026.05.14,09:00,157.854,157.937,157.820,157.920,2942
2026.05.14,10:00,157.923,157.948,157.853,157.895,3245
2026.05.14,11:00,157.894,157.929,157.885,157.915,2141
2026.05.14,12:00,157.916,157.942,157.875,157.933,2813
2026.05.14,13:00,157.934,157.977,157.911,157.970,2193
2026.05.14,14:00,157.971,157.992,157.904,157.972,2789
2026.05.14,15:00,157.976,158.169,157.305,157.722,6272
2026.05.14,16:00,157.724,158.043,157.657,158.032,7719
2026.05.14,17:00,158.033,158.192,158.003,158.085,5666
2026.05.14,18:00,158.086,158.202,158.080,158.167,3534
2026.05.14,19:00,158.168,158.200,158.135,158.196,2381
2026.05.14,20:00,158.195,158.203,158.170,158.181,1758
2026.05.14,21:00,158.180,158.382,158.170,158.356,2909
2026.05.14,22:00,158.354,158.419,158.344,158.375,1757
2026.05.14,23:00,158.301,158.362,158.245,158.317,1783
2026.05.15,00:00,158.305,158.391,158.293,158.374,831
2026.05.15,01:00,158.377,158.437,158.322,158.380,1502
2026.05.15,02:00,158.382,158.515,158.324,158.467,4272
2026.05.15,03:00,158.469,158.563,158.424,158.517,4364
2026.05.15,04:00,158.516,158.588,158.443,158.524,3194
2026.05.15,05:00,158.525,158.532,158.476,158.487,2061
2026.05.15,06:00,158.488,158.521,158.476,158.517,1488
2026.05.15,07:00,158.518,158.646,158.516,158.594,3003
2026.05.15,08:00,158.596,158.675,158.431,158.481,5419
2026.05.15,09:00,158.482,158.493,158.351,158.419,4687
2026.05.15,10:00,158.421,158.577,158.403,158.566,4057
2026.05.15,11:00,158.562,158.603,158.464,158.500,4250
2026.05.15,12:00,158.499,158.534,158.359,158.370,5197
2026.05.15,13:00,158.371,158.586,158.293,158.577,4062
2026.05.15,14:00,158.576,158.582,158.509,158.571,3532
2026.05.15,15:00,158.576,158.696,158.532,158.689,3162
2026.05.15,16:00,158.690,158.741,158.612,158.670,3680
2026.05.15,17:00,158.671,158.741,158.552,158.688,4005
2026.05.15,18:00,158.687,158.745,158.664,158.701,4179
2026.05.15,19:00,158.702,158.729,158.643,158.729,3242
2026.05.15,20:00,158.728,158.750,158.703,158.703,2444
2026.05.15,21:00,158.701,158.784,158.694,158.772,2190
2026.05.15,22:00,158.770,158.842,158.731,158.771,3322
2026.05.18,00:00,158.646,158.813,158.632,158.790,1977
2026.05.18,01:00,158.782,158.881,158.762,158.851,1558
2026.05.18,02:00,158.850,158.953,158.803,158.933,3703
2026.05.18,03:00,158.932,158.951,158.866,158.932,3673
2026.05.18,04:00,158.933,158.946,158.889,158.913,2510
2026.05.18,05:00,158.912,159.056,158.905,159.038,2203
2026.05.18,06:00,159.040,159.071,158.815,158.984,2805
2026.05.18,07:00,158.987,158.999,158.904,158.947,2749
2026.05.18,08:00,158.949,158.952,158.838,158.890,3637
2026.05.18,09:00,158.887,158.983,158.806,158.915,4476
2026.05.18,10:00,158.912,158.932,158.791,158.826,3705
2026.05.18,11:00,158.825,158.936,158.825,158.936,2647
2026.05.18,12:00,158.935,158.951,158.897,158.927,1928
2026.05.18,13:00,158.928,158.957,158.684,158.842,3924
2026.05.18,14:00,158.843,158.857,158.613,158.691,5934
2026.05.18,15:00,158.692,158.783,158.656,158.690,5363
2026.05.18,16:00,158.685,158.916,158.647,158.846,5408
2026.05.18,17:00,158.845,158.939,158.800,158.828,6731
2026.05.18,18:00,158.830,158.944,158.774,158.935,4756
2026.05.18,19:00,158.934,158.949,158.887,158.914,2669
2026.05.18,20:00,158.913,159.077,158.913,159.075,2955
2026.05.18,21:00,159.076,159.081,158.809,158.882,5759
2026.05.18,22:00,158.881,158.881,158.740,158.758,3484
2026.05.18,23:00,158.715,158.799,158.715,158.735,1207
2026.05.19,00:00,158.736,158.830,158.736,158.827,1016
2026.05.19,01:00,158.826,158.869,158.801,158.868,1071
2026.05.19,02:00,158.871,159.019,158.858,159.011,3015
2026.05.19,03:00,159.012,159.028,158.889,158.981,2724
2026.05.19,04:00,158.983,159.005,158.947,158.962,2022
2026.05.19,05:00,158.964,158.989,158.928,158.956,1765
2026.05.19,06:00,158.955,159.005,158.919,158.993,1597
2026.05.19,07:00,158.994,159.035,158.951,159.006,1700
2026.05.19,08:00,159.005,159.111,159.005,159.073,3410
2026.05.19,09:00,159.076,159.143,159.004,159.042,3360
2026.05.19,10:00,159.033,159.146,159.004,159.138,3190
2026.05.19,11:00,159.139,159.172,159.068,159.103,2779
2026.05.19,12:00,159.101,159.179,159.055,159.091,3007
2026.05.19,13:00,159.093,159.142,159.076,159.135,2925
2026.05.19,14:00,159.138,159.140,158.651,159.066,5699
2026.05.19,15:00,159.065,159.194,159.014,159.025,4175
2026.05.19,16:00,159.028,159.251,159.022,159.154,5460
2026.05.19,17:00,159.155,159.183,158.964,159.113,6559
2026.05.19,18:00,159.112,159.174,158.778,158.822,6021
2026.05.19,19:00,158.821,158.885,158.782,158.860,3411
2026.05.19,20:00,158.859,159.088,158.857,159.058,4098
2026.05.19,21:00,159.059,159.078,158.994,159.053,2518
2026.05.19,22:00,159.054,159.099,159.042,159.057,2358
2026.05.19,23:00,158.961,159.067,158.960,159.051,906
2026.05.20,00:00,159.051,159.104,159.046,159.068,730
2026.05.20,01:00,159.069,159.071,158.989,159.046,1547
2026.05.20,02:00,159.050,159.101,158.953,158.996,4187
2026.05.20,03:00,159.003,159.090,158.974,159.032,3248
2026.05.20,04:00,159.033,159.044,158.836,158.924,3242
2026.05.20,05:00,158.925,158.950,158.855,158.872,2595
2026.05.20,06:00,158.871,159.001,158.818,158.984,2315
2026.05.20,07:00,158.983,158.994,158.916,158.977,2224
2026.05.20,08:00,158.978,159.002,158.871,158.979,3933
2026.05.20,09:00,158.980,159.068,158.928,159.068,3264
2026.05.20,10:00,159.069,159.100,159.017,159.043,3407
2026.05.20,11:00,159.042,159.078,158.992,159.071,2481
2026.05.20,12:00,159.070,159.070,158.956,158.998,2438
2026.05.20,13:00,158.999,159.052,158.969,159.035,2669
2026.05.20,14:00,159.034,159.042,158.985,159.016,2735
2026.05.20,15:00,159.018,159.106,159.008,159.104,3467
2026.05.20,16:00,159.105,159.167,158.859,158.930,6604
2026.05.20,17:00,158.929,158.940,158.592,158.769,8587
2026.05.20,18:00,158.768,158.914,158.753,158.833,6461
2026.05.20,19:00,158.834,158.934,158.815,158.924,4606
2026.05.20,20:00,158.928,158.962,158.796,158.842,3778
2026.05.20,21:00,158.841,158.895,158.778,158.853,3122
2026.05.20,22:00,158.854,158.932,158.845,158.892,2322
2026.05.20,23:00,158.855,158.890,158.807,158.838,2319
2026.05.21,00:00,158.839,158.884,158.834,158.850,797
2026.05.21,01:00,158.852,158.922,158.823,158.886,1106
2026.05.21,02:00,158.887,158.926,158.848,158.865,3370
2026.05.21,03:00,158.863,158.899,158.806,158.884,3236
2026.05.21,04:00,158.885,158.978,158.850,158.973,2376
2026.05.21,05:00,158.974,158.984,158.920,158.966,1502
2026.05.21,06:00,158.967,159.001,158.944,158.996,1510
2026.05.21,07:00,158.998,159.050,158.977,159.010,1962
2026.05.21,08:00,159.012,159.074,158.991,159.062,2752
2026.05.21,09:00,159.063,159.086,159.000,159.027,4819
2026.05.21,10:00,159.029,159.031,158.901,158.981,4770
2026.05.21,11:00,158.984,158.991,158.910,158.974,2186
2026.05.21,12:00,158.973,159.136,158.959,159.122,4615
2026.05.21,13:00,159.121,159.168,159.042,159.156,3918
2026.05.21,14:00,159.157,159.188,159.090,159.161,4756
2026.05.21,15:00,159.162,159.347,159.121,159.187,6163
2026.05.21,16:00,159.186,159.279,159.120,159.164,6413
2026.05.21,17:00,159.163,159.256,159.146,159.169,5790
2026.05.21,18:00,159.166,159.197,159.120,159.143,3990
2026.05.21,19:00,159.142,159.174,158.819,158.888,8207
2026.05.21,20:00,158.894,159.104,158.838,159.080,6310
2026.05.21,21:00,159.082,159.095,158.878,158.921,4843
2026.05.21,22:00,158.919,159.003,158.885,158.974,2305
2026.05.21,23:00,158.865,158.973,158.860,158.949,1229
2026.05.22,00:00,158.949,159.020,158.948,159.001,790
2026.05.22,01:00,159.000,159.038,158.985,159.025,1023
2026.05.22,02:00,159.026,159.123,159.024,159.092,2533
2026.05.22,03:00,159.098,159.123,159.055,159.100,1927
2026.05.22,04:00,159.105,159.105,159.000,159.032,1566
2026.05.22,05:00,159.028,159.053,159.006,159.037,1141
2026.05.22,06:00,159.031,159.073,159.011,159.073,1355
2026.05.22,07:00,159.076,159.139,159.056,159.133,1833
2026.05.22,08:00,159.132,159.143,159.064,159.106,2602
2026.05.22,09:00,159.107,159.144,159.107,159.129,1947
2026.05.22,10:00,159.126,159.135,159.056,159.091,3071
2026.05.22,11:00,159.092,159.146,159.083,159.102,2245
2026.05.22,12:00,159.103,159.133,159.078,159.125,1962
2026.05.22,13:00,159.124,159.144,159.113,159.138,2074
2026.05.22,14:00,159.137,159.147,159.060,159.082,4134
2026.05.22,15:00,159.081,159.138,158.991,159.092,5661
2026.05.22,16:00,159.094,159.177,159.059,159.103,5073
2026.05.22,17:00,159.107,159.232,159.085,159.198,3883
2026.05.22,18:00,159.199,159.230,159.154,159.168,3121
2026.05.22,19:00,159.169,159.181,159.062,159.131,4127
2026.05.22,20:00,159.132,159.168,159.101,159.134,2671
2026.05.22,21:00,159.136,159.170,159.101,159.165,2296
2026.05.22,22:00,159.160,159.203,159.140,159.200,3214
2026.05.25,00:00,158.910,158.945,158.823,158.880,2725
2026.05.25,01:00,158.879,158.960,158.840,158.955,1574
2026.05.25,02:00,158.954,158.961,158.831,158.898,2578
2026.05.25,03:00,158.897,158.899,158.756,158.876,2628
2026.05.25,04:00,158.875,158.877,158.834,158.848,1328
2026.05.25,05:00,158.849,158.890,158.832,158.882,1386
2026.05.25,06:00,158.883,158.913,158.845,158.862,1081
2026.05.25,07:00,158.861,158.937,158.845,158.926,1427
2026.05.25,08:00,158.927,158.937,158.890,158.906,2014
2026.05.25,09:00,158.903,159.040,158.901,158.973,2682
2026.05.25,10:00,158.972,158.991,158.901,158.913,2047
2026.05.25,11:00,158.914,158.943,158.894,158.926,1466
2026.05.25,12:00,158.925,158.951,158.919,158.945,1135
2026.05.25,13:00,158.944,158.960,158.890,158.935,1617
2026.05.25,14:00,158.936,158.942,158.879,158.902,2509
2026.05.25,15:00,158.903,158.924,158.885,158.921,1973
2026.05.25,16:00,158.919,158.925,158.889,158.921,1553
2026.05.25,17:00,158.922,158.949,158.883,158.897,1751
2026.05.25,18:00,158.895,158.923,158.891,158.897,1252
2026.05.25,19:00,158.896,158.906,158.887,158.896,653
2026.05.25,20:00,158.895,158.906,158.888,158.905,355
2026.05.25,21:00,158.904,158.920,158.892,158.910,502
2026.05.25,22:00,158.911,158.936,158.906,158.916,1414
2026.05.25,23:00,158.852,158.888,158.816,158.888,1081
2026.05.26,00:00,158.887,158.969,158.883,158.925,773
2026.05.26,01:00,158.927,158.964,158.910,158.953,1349
2026.05.26,02:00,158.954,158.990,158.933,158.969,2841
2026.05.26,03:00,158.970,159.003,158.942,158.968,2508
2026.05.26,04:00,158.966,158.983,158.935,158.943,1631
2026.05.26,05:00,158.942,158.943,158.911,158.937,1202
2026.05.26,06:00,158.933,159.013,158.932,159.008,1254
2026.05.26,07:00,159.009,159.033,158.973,159.027,1868
2026.05.26,08:00,159.026,159.119,159.018,159.096,3144
2026.05.26,09:00,159.098,159.201,159.098,159.198,2792
2026.05.26,10:00,159.197,159.239,159.194,159.210,2225
2026.05.26,11:00,159.211,159.224,159.156,159.159,2100
2026.05.26,12:00,159.161,159.177,159.108,159.140,2531
2026.05.26,13:00,159.139,159.213,159.136,159.194,2251
2026.05.26,14:00,159.195,159.235,159.185,159.235,2325
2026.05.26,15:00,159.234,159.300,159.227,159.278,3205
2026.05.26,16:00,159.277,159.324,159.228,159.322,3450
2026.05.26,17:00,159.321,159.381,159.301,159.360,3429
2026.05.26,18:00,159.354,159.359,159.284,159.309,2435
2026.05.26,19:00,159.308,159.378,159.286,159.362,1699
2026.05.26,20:00,159.357,159.373,159.301,159.333,1818
2026.05.26,21:00,159.334,159.345,159.301,159.315,1834
2026.05.26,22:00,159.316,159.330,159.282,159.285,2068
2026.05.26,23:00,159.267,159.297,159.249,159.260,2559
2026.05.27,00:00,159.248,159.300,159.248,159.258,848
2026.05.27,01:00,159.259,159.274,159.200,159.252,1009
2026.05.27,02:00,159.251,159.309,159.176,159.278,3296
2026.05.27,03:00,159.279,159.303,159.215,159.298,2272
2026.05.27,04:00,159.297,159.301,159.223,159.225,2031
2026.05.27,05:00,159.224,159.229,159.187,159.203,1394
2026.05.27,06:00,159.204,159.245,159.198,159.243,1114
2026.05.27,07:00,159.244,159.350,159.231,159.348,1534
2026.05.27,08:00,159.352,159.377,159.295,159.354,2423
2026.05.27,09:00,159.353,159.366,159.305,159.357,2344
2026.05.27,10:00,159.358,159.444,159.318,159.393,2848
2026.05.27,11:00,159.394,159.399,159.318,159.355,1967
2026.05.27,12:00,159.356,159.392,159.346,159.383,1774
2026.05.27,13:00,159.384,159.448,159.372,159.431,1846
2026.05.27,14:00,159.429,159.447,159.246,159.404,6405
2026.05.27,15:00,159.405,159.436,159.383,159.395,4337
2026.05.27,16:00,159.394,159.511,159.370,159.509,4829
2026.05.27,17:00,159.510,159.536,159.435,159.469,3767
2026.05.27,18:00,159.470,159.524,159.468,159.497,2125
2026.05.27,19:00,159.498,159.579,159.496,159.524,2054
2026.05.27,20:00,159.527,159.557,159.493,159.504,1802
2026.05.27,21:00,159.503,159.550,159.501,159.537,1722
2026.05.27,22:00,159.538,159.538,159.500,159.500,2051
2026.05.27,23:00,159.463,159.487,159.417,159.468,933
2026.05.28,00:00,159.468,159.514,159.461,159.502,816
2026.05.28,01:00,159.505,159.576,159.493,159.570,1008
2026.05.28,02:00,159.574,159.600,159.543,159.559,2534
2026.05.28,03:00,159.558,159.591,159.536,159.587,1923
2026.05.28,04:00,159.587,159.602,159.524,159.557,1637
2026.05.28,05:00,159.556,159.651,159.538,159.618,2936
2026.05.28,06:00,159.617,159.617,159.524,159.576,2227
2026.05.28,07:00,159.573,159.582,159.532,159.556,1935
2026.05.28,08:00,159.558,159.572,159.471,159.490,2652
2026.05.28,09:00,159.482,159.523,159.441,159.470,2719
2026.05.28,10:00,159.469,159.525,159.450,159.455,2659
2026.05.28,11:00,159.456,159.470,159.381,159.415,2573
2026.05.28,12:00,159.416,159.468,159.379,159.468,2751
2026.05.28,13:00,159.467,159.468,159.416,159.458,2697
2026.05.28,14:00,159.459,159.460,159.315,159.375,4165
2026.05.28,15:00,159.374,159.458,159.321,159.454,3603
2026.05.28,16:00,159.455,159.492,159.178,159.279,6973
2026.05.28,17:00,159.280,159.294,159.182,159.291,5806
2026.05.28,18:00,159.290,159.338,159.112,159.161,4990
2026.05.28,19:00,159.162,159.239,159.147,159.198,2576
2026.05.28,20:00,159.197,159.284,159.175,159.259,3177
2026.05.28,21:00,159.258,159.288,159.207,159.246,2774
2026.05.28,22:00,159.245,159.271,159.221,159.221,1663
2026.05.28,23:00,159.179,159.222,159.175,159.211,1302
2026.05.29,00:00,159.212,159.278,159.201,159.262,1244
2026.05.29,01:00,159.261,159.277,159.221,159.271,1231
2026.05.29,02:00,159.273,159.323,159.247,159.289,3331
2026.05.29,03:00,159.287,159.326,159.252,159.319,2503
2026.05.29,04:00,159.319,159.320,159.272,159.313,1460
2026.05.29,05:00,159.315,159.367,159.311,159.358,1619
2026.05.29,06:00,159.359,159.377,159.298,159.300,1751
2026.05.29,07:00,159.301,159.332,159.284,159.311,1330
2026.05.29,08:00,159.312,159.331,159.200,159.212,2646
2026.05.29,09:00,159.216,159.317,159.204,159.262,2955
2026.05.29,10:00,159.267,159.318,159.210,159.296,2322
2026.05.29,11:00,159.295,159.300,159.238,159.296,2352
2026.05.29,12:00,159.297,159.320,159.263,159.287,2050
2026.05.29,13:00,159.288,159.301,159.247,159.252,2493
2026.05.29,14:00,159.254,159.307,159.252,159.258,2712
2026.05.29,15:00,159.259,159.309,159.242,159.300,2786
2026.05.29,16:00,159.301,159.356,159.181,159.182,4596
2026.05.29,17:00,159.183,159.246,159.099,159.227,6162
2026.05.29,18:00,159.228,159.251,159.181,159.199,2934
2026.05.29,19:00,159.200,159.285,159.183,159.283,2174
2026.05.29,20:00,159.284,159.305,159.224,159.264,3113
2026.05.29,21:00,159.263,159.273,159.217,159.260,2865
2026.05.29,22:00,159.261,159.289,159.244,159.277,2678
2026.06.01,00:00,159.343,159.431,159.328,159.388,3243
2026.06.01,01:00,159.387,159.396,159.296,159.360,2094
2026.06.01,02:00,159.366,159.468,159.361,159.455,4016
2026.06.01,03:00,159.454,159.495,159.448,159.486,2647
2026.06.01,04:00,159.483,159.496,159.450,159.462,1270
2026.06.01,05:00,159.461,159.485,159.440,159.478,1587
2026.06.01,06:00,159.479,159.482,159.455,159.459,1064
2026.06.01,07:00,159.462,159.480,159.437,159.457,1298
2026.06.01,08:00,159.453,159.499,159.413,159.426,2958
2026.06.01,09:00,159.425,159.484,159.409,159.462,2648
2026.06.01,10:00,159.460,159.475,159.439,159.451,1924
2026.06.01,11:00,159.452,159.483,159.444,159.457,1932
2026.06.01,12:00,159.458,159.478,159.440,159.452,1494
2026.06.01,13:00,159.453,159.494,159.445,159.483,1372
2026.06.01,14:00,159.481,159.495,159.436,159.480,3653
2026.06.01,15:00,159.480,159.745,159.479,159.745,7046
2026.06.01,16:00,159.743,159.763,159.656,159.720,5419
2026.06.01,17:00,159.719,159.735,159.581,159.660,4570
2026.06.01,18:00,159.659,159.710,159.569,159.598,4110
2026.06.01,19:00,159.601,159.681,159.573,159.633,3961
2026.06.01,20:00,159.632,159.761,159.618,159.751,2336
2026.06.01,21:00,159.749,159.756,159.649,159.692,2816
2026.06.01,22:00,159.691,159.704,159.636,159.636,2188
2026.06.01,23:00,159.615,159.680,159.569,159.637,2374
2026.06.02,00:00,159.637,159.666,159.615,159.659,1132
2026.06.02,01:00,159.657,159.657,159.617,159.644,1169
2026.06.02,02:00,159.643,159.722,159.635,159.661,2520
2026.06.02,03:00,159.658,159.722,159.636,159.705,2599
2026.06.02,04:00,159.704,159.720,159.681,159.714,1635
2026.06.02,05:00,159.715,159.722,159.690,159.716,1240
2026.06.02,06:00,159.717,159.728,159.708,159.727,1080
2026.06.02,07:00,159.728,159.742,159.713,159.740,1106
2026.06.02,08:00,159.739,159.746,159.688,159.706,2814
2026.06.02,09:00,159.703,159.727,159.693,159.694,2260
2026.06.02,10:00,159.692,159.744,159.656,159.740,2639
2026.06.02,11:00,159.741,159.749,159.696,159.739,1506
2026.06.02,12:00,159.740,159.752,159.709,159.728,1460
2026.06.02,13:00,159.727,159.750,159.716,159.744,1645
2026.06.02,14:00,159.743,159.784,159.734,159.782,2378
2026.06.02,15:00,159.780,159.835,159.765,159.806,2589
2026.06.02,16:00,159.807,159.873,159.807,159.864,2809
2026.06.02,17:00,159.862,159.900,159.857,159.874,2257
2026.06.02,18:00,159.871,159.945,159.865,159.907,1754
2026.06.02,19:00,159.908,159.970,159.890,159.963,1549
2026.06.02,20:00,159.961,159.986,159.902,159.903,1677
2026.06.02,21:00,159.902,159.953,159.889,159.926,1313
2026.06.02,22:00,159.928,159.946,159.856,159.856,2231
2026.06.02,23:00,159.809,159.929,159.809,159.899,1562
2026.06.03,00:00,159.895,159.962,159.889,159.954,808
2026.06.03,01:00,159.955,159.995,159.948,159.981,1550
2026.06.03,02:00,159.983,159.984,159.892,159.937,2258
2026.06.03,03:00,159.936,159.942,159.813,159.859,2277
2026.06.03,04:00,159.858,159.878,159.834,159.869,1426
2026.06.03,05:00,159.870,159.901,159.867,159.885,1122
2026.06.03,06:00,159.883,159.895,159.866,159.888,1086
2026.06.03,07:00,159.890,159.931,159.870,159.926,1553
2026.06.03,08:00,159.925,159.984,159.906,159.973,2617
2026.06.03,09:00,159.974,159.995,159.556,159.703,5612
2026.06.03,10:00,159.702,159.804,159.369,159.751,7910
2026.06.03,11:00,159.755,159.875,159.753,159.788,3131
2026.06.03,12:00,159.789,159.854,159.667,159.793,2940
2026.06.03,13:00,159.794,159.836,159.782,159.836,1874
2026.06.03,14:00,159.835,159.930,159.807,159.912,3486
2026.06.03,15:00,159.916,159.983,159.891,159.968,3454
2026.06.03,16:00,159.969,159.996,159.897,159.944,4681
2026.06.03,17:00,159.945,160.004,159.936,159.970,3129
2026.06.03,18:00,159.971,160.048,159.951,159.985,3413
2026.06.03,19:00,159.984,160.050,159.951,160.038,2131
2026.06.03,20:00,160.037,160.059,160.018,160.032,2092
2026.06.03,21:00,160.033,160.079,160.002,160.076,2391
2026.06.03,22:00,160.073,160.086,160.053,160.077,1748
2026.06.03,23:00,159.875,160.060,159.875,160.001,1107
2026.06.04,00:00,160.002,160.076,159.830,159.914,1926
2026.06.04,01:00,159.913,159.977,159.890,159.951,2248
2026.06.04,02:00,159.954,159.965,159.886,159.906,2941
2026.06.04,03:00,159.908,159.929,159.871,159.881,2623
2026.06.04,04:00,159.880,159.912,159.873,159.894,1560
2026.06.04,05:00,159.895,159.986,159.894,159.968,1218
2026.06.04,06:00,159.969,159.990,159.597,159.869,2566
2026.06.04,07:00,159.868,159.932,159.857,159.885,1855
2026.06.04,08:00,159.883,159.920,159.824,159.902,2996
2026.06.04,09:00,159.903,159.927,159.864,159.904,2795
2026.06.04,10:00,159.905,159.919,159.843,159.876,2681
2026.06.04,11:00,159.875,159.896,159.843,159.856,2773
2026.06.04,12:00,159.858,159.896,159.855,159.876,2323
2026.06.04,13:00,159.874,159.876,159.749,159.767,3410
2026.06.04,14:00,159.768,159.875,159.757,159.865,3923
2026.06.04,15:00,159.866,159.920,159.843,159.915,3650
2026.06.04,16:00,159.916,160.002,159.877,159.985,3297
2026.06.04,17:00,159.986,160.028,159.957,159.971,2461
2026.06.04,18:00,159.972,159.994,159.939,159.969,2440
2026.06.04,19:00,159.970,160.000,159.968,159.993,1847
2026.06.04,20:00,159.994,160.033,159.968,160.025,1805
2026.06.04,21:00,160.023,160.031,160.006,160.014,1381
2026.06.04,22:00,160.012,160.039,160.001,160.001,1742
2026.06.04,23:00,159.880,160.025,159.850,159.942,1131
2026.06.05,00:00,159.942,160.022,159.942,160.002,738
2026.06.05,01:00,160.005,160.010,159.970,159.993,1047
2026.06.05,02:00,159.991,160.005,159.943,159.958,2925
2026.06.05,03:00,159.957,159.970,159.897,159.958,2852
2026.06.05,04:00,159.957,159.973,159.937,159.973,1414
2026.06.05,05:00,159.972,159.990,159.943,159.953,1422
2026.06.05,06:00,159.949,159.969,159.941,159.960,1205
2026.06.05,07:00,159.961,159.969,159.916,159.963,1503
2026.06.05,08:00,159.960,159.972,159.925,159.938,2134
2026.06.05,09:00,159.939,159.952,159.909,159.950,2004
2026.06.05,10:00,159.951,159.952,159.922,159.946,1672
2026.06.05,11:00,159.945,159.958,159.894,159.942,2312
2026.06.05,12:00,159.940,159.948,159.904,159.912,1652
2026.06.05,13:00,159.911,159.928,159.831,159.840,2571
2026.06.05,14:00,159.842,160.044,159.835,160.020,4975
2026.06.05,15:00,160.021,160.260,159.735,160.174,5228
2026.06.05,16:00,160.175,160.239,159.949,160.234,3718
2026.06.05,17:00,160.235,160.298,160.183,160.289,4249
2026.06.05,18:00,160.290,160.342,160.212,160.320,4515
2026.06.05,19:00,160.321,160.340,160.248,160.332,3530
2026.06.05,20:00,160.333,160.339,160.089,160.165,4241
2026.06.05,21:00,160.166,160.206,160.117,160.181,2748
2026.06.05,22:00,160.180,160.327,160.175,160.321,3806
2026.06.08,00:00,160.289,160.354,160.259,160.331,2149
2026.06.08,01:00,160.330,160.342,160.237,160.335,2001
2026.06.08,02:00,160.335,160.344,160.240,160.321,4019
2026.06.08,03:00,160.322,160.349,160.264,160.332,4408
2026.06.08,04:00,160.331,160.378,160.325,160.374,1795
2026.06.08,05:00,160.375,160.391,160.337,160.338,1244
2026.06.08,06:00,160.337,160.353,160.288,160.343,1576
2026.06.08,07:00,160.342,160.345,160.200,160.261,2543
2026.06.08,08:00,160.260,160.341,160.228,160.261,3596
2026.06.08,09:00,160.260,160.265,160.150,160.227,3886
2026.06.08,10:00,160.226,160.241,159.839,160.025,4710
2026.06.08,11:00,160.024,160.074,159.982,160.009,4723
2026.06.08,12:00,160.008,160.081,159.927,160.005,3487
2026.06.08,13:00,160.004,160.011,159.887,159.969,4681
2026.06.08,14:00,159.970,159.983,159.917,159.959,3622
2026.06.08,15:00,159.958,160.031,159.938,160.019,3801
2026.06.08,16:00,160.018,160.202,160.016,160.073,4311
2026.06.08,17:00,160.074,160.140,160.039,160.119,3503
2026.06.08,18:00,160.120,160.169,160.083,160.159,2470
2026.06.08,19:00,160.160,160.204,160.123,160.166,2471
2026.06.08,20:00,160.167,160.268,160.140,160.260,1643
2026.06.08,21:00,160.261,160.269,160.207,160.212,2182
2026.06.08,22:00,160.211,160.221,160.070,160.070,2306
2026.06.08,23:00,160.052,160.163,160.052,160.123,859
2026.06.09,00:00,160.123,160.185,160.122,160.174,1185
2026.06.09,01:00,160.173,160.224,160.160,160.180,962
2026.06.09,02:00,160.183,160.279,160.133,160.235,3317
2026.06.09,03:00,160.233,160.251,160.174,160.190,2627
2026.06.09,04:00,160.189,160.221,160.184,160.220,1293
2026.06.09,05:00,160.223,160.255,160.203,160.253,1598
2026.06.09,06:00,160.252,160.255,160.183,160.192,1327
2026.06.09,07:00,160.191,160.209,160.109,160.154,2190
2026.06.09,08:00,160.152,160.179,160.053,160.169,3607
2026.06.09,09:00,160.170,160.215,160.153,160.198,3150
2026.06.09,10:00,160.197,160.222,160.169,160.175,2362
2026.06.09,11:00,160.176,160.200,160.145,160.197,1717
2026.06.09,12:00,160.198,160.214,160.150,160.167,1790
2026.06.09,13:00,160.168,160.179,160.145,160.159,1703
2026.06.09,14:00,160.166,160.197,160.146,160.190,2515
2026.06.09,15:00,160.191,160.226,160.148,160.212,3131
2026.06.09,16:00,160.211,160.218,160.148,160.189,3077
2026.06.09,17:00,160.190,160.302,160.186,160.288,2793
2026.06.09,18:00,160.289,160.443,160.215,160.406,3382
2026.06.09,19:00,160.405,160.410,160.285,160.359,4137
2026.06.09,20:00,160.358,160.375,160.332,160.358,2891
2026.06.09,21:00,160.357,160.420,160.356,160.413,2265
2026.06.09,22:00,160.411,160.420,160.334,160.334,1920
2026.06.09,23:00,160.315,160.372,160.309,160.324,827
2026.06.10,00:00,160.324,160.404,160.324,160.402,943
2026.06.10,01:00,160.405,160.418,160.374,160.388,1192
2026.06.10,02:00,160.389,160.435,160.355,160.382,2802
2026.06.10,03:00,160.383,160.393,160.239,160.379,2772
2026.06.10,04:00,160.378,160.381,160.338,160.364,1825
2026.06.10,05:00,160.365,160.371,160.340,160.357,1455
2026.06.10,06:00,160.356,160.369,160.347,160.369,1417
2026.06.10,07:00,160.370,160.377,160.328,160.345,1324
2026.06.10,08:00,160.346,160.388,160.325,160.384,2486
2026.06.10,09:00,160.383,160.398,160.349,160.392,2222
2026.06.10,10:00,160.388,160.430,160.383,160.423,2315
2026.06.10,11:00,160.422,160.479,160.406,160.444,2274
2026.06.10,12:00,160.449,160.476,160.443,160.466,1607
2026.06.10,13:00,160.464,160.529,160.457,160.495,3414
2026.06.10,14:00,160.496,160.514,160.324,160.345,4796
2026.06.10,15:00,160.343,160.455,160.343,160.370,3176
2026.06.10,16:00,160.369,160.435,160.341,160.428,2494
2026.06.10,17:00,160.431,160.493,160.405,160.480,2681
2026.06.10,18:00,160.481,160.526,160.442,160.496,2963
2026.06.10,19:00,160.497,160.545,160.458,160.505,3410
2026.06.10,20:00,160.499,160.499,160.453,160.497,2381
2026.06.10,21:00,160.496,160.540,160.493,160.537,1818
2026.06.10,22:00,160.538,160.571,160.519,160.549,1867
2026.06.10,23:00,160.490,160.520,160.415,160.507,912
2026.06.11,00:00,160.508,160.558,160.503,160.546,1314
2026.06.11,01:00,160.545,160.559,160.513,160.530,2518
2026.06.11,02:00,160.532,160.546,160.493,160.516,3006
2026.06.11,03:00,160.514,160.545,160.424,160.487,2133
2026.06.11,04:00,160.488,160.534,160.474,160.514,1646
2026.06.11,05:00,160.515,160.534,160.506,160.511,1165
2026.06.11,06:00,160.510,160.531,160.494,160.504,1096
2026.06.11,07:00,160.505,160.549,160.493,160.545,1392
2026.06.11,08:00,160.544,160.589,160.535,160.557,2126
2026.06.11,09:00,160.558,160.558,160.493,160.508,2674
2026.06.11,10:00,160.507,160.543,160.499,160.534,2092
2026.06.11,11:00,160.535,160.549,160.513,160.533,1595
2026.06.11,12:00,160.531,160.553,160.523,160.525,2011
2026.06.11,13:00,160.526,160.536,160.508,160.535,2029
2026.06.11,14:00,160.534,160.596,160.524,160.557,3603
2026.06.11,15:00,160.558,160.561,160.507,160.536,3318
2026.06.11,16:00,160.535,160.552,160.467,160.520,2196
2026.06.11,17:00,160.521,160.521,160.470,160.509,2751
2026.06.11,18:00,160.508,160.556,160.492,160.524,2178
2026.06.11,19:00,160.525,160.547,160.030,160.075,4248
2026.06.11,20:00,160.079,160.283,159.940,160.077,5301
2026.06.11,21:00,160.079,160.083,159.541,159.765,6945
2026.06.11,22:00,159.763,159.974,159.743,159.955,3815
2026.06.11,23:00,159.849,159.985,159.849,159.939,1328
2026.06.12,00:00,159.935,160.085,159.935,160.014,2199
2026.06.12,01:00,160.011,160.148,159.970,160.135,1977
2026.06.12,02:00,160.136,160.217,160.125,160.174,4105
2026.06.12,03:00,160.172,160.265,160.150,160.264,2669
2026.06.12,04:00,160.265,160.304,160.243,160.288,1945
2026.06.12,05:00,160.287,160.294,160.209,160.231,2469
2026.06.12,06:00,160.228,160.269,160.226,160.257,1793
2026.06.12,07:00,160.258,160.350,160.241,160.345,2406
2026.06.12,08:00,160.344,160.357,160.258,160.319,3372
2026.06.12,09:00,160.318,160.375,160.278,160.283,2913
2026.06.12,10:00,160.285,160.293,159.954,160.092,6533
2026.06.12,11:00,160.091,160.111,159.956,160.067,4897
2026.06.12,12:00,160.066,160.191,160.038,160.096,3565
2026.06.12,13:00,160.093,160.184,160.092,160.173,2984
2026.06.12,14:00,160.179,160.307,160.173,160.252,3710
2026.06.12,15:00,160.253,160.337,160.191,160.283,5229
2026.06.12,16:00,160.284,160.309,160.213,160.263,11138
2026.06.12,17:00,160.264,160.283,160.163,160.225,11747
2026.06.12,18:00,160.225,160.280,160.182,160.224,11296
2026.06.12,19:00,160.223,160.242,160.183,160.198,10588
2026.06.12,20:00,160.198,160.228,160.183,160.208,10466
2026.06.12,21:00,160.208,160.245,160.198,160.210,12708
2026.06.12,22:00,160.210,160.232,160.196,160.221,6943
2026.06.15,00:00,159.801,159.961,159.735,159.937,14084
2026.06.15,01:00,159.938,159.980,159.899,159.961,8299
2026.06.15,02:00,159.962,160.129,159.883,160.109,15533
2026.06.15,03:00,160.110,160.217,160.094,160.205,12486
2026.06.15,04:00,160.206,160.231,160.121,160.142,10052
2026.06.15,05:00,160.142,160.146,160.047,160.056,7896
2026.06.15,06:00,160.056,160.095,160.013,160.051,6897
2026.06.15,07:00,160.051,160.058,159.990,160.051,7342
2026.06.15,08:00,160.051,160.162,160.044,160.129,13387
2026.06.15,09:00,160.129,160.140,160.043,160.110,15343
2026.06.15,10:00,160.110,160.150,160.077,160.126,12613
2026.06.15,11:00,160.138,160.148,160.090,160.124,9533
2026.06.15,12:00,160.123,160.149,160.090,160.126,10653
2026.06.15,13:00,160.126,160.207,160.113,160.184,11373
2026.06.15,14:00,160.184,160.192,160.119,160.139,14628
2026.06.15,15:00,160.139,160.154,160.069,160.093,11243
2026.06.15,16:00,160.093,160.104,160.030,160.080,9825
2026.06.15,17:00,160.080,160.204,160.050,160.200,12611
2026.06.15,18:00,160.201,160.243,160.146,160.219,10237
2026.06.15,19:00,160.218,160.282,160.213,160.272,8140
2026.06.15,20:00,160.272,160.319,160.254,160.308,10148
2026.06.15,21:00,160.307,160.391,160.283,160.390,12159
2026.06.15,22:00,160.388,160.396,160.330,160.345,9345
2026.06.15,23:00,160.345,160.369,160.262,160.352,5567
2026.06.16,00:00,160.350,160.358,160.316,160.326,3443
2026.06.16,01:00,160.325,160.328,160.222,160.241,5239
2026.06.16,02:00,160.242,160.275,160.155,160.194,11411
2026.06.16,03:00,160.194,160.215,160.102,160.160,12813
2026.06.16,04:00,160.159,160.197,160.102,160.136,6460
2026.06.16,05:00,160.136,160.250,160.048,160.211,12601
2026.06.16,06:00,160.209,160.350,160.190,160.255,13562
2026.06.16,07:00,160.255,160.303,160.231,160.297,11564
2026.06.16,08:00,160.297,160.297,160.148,160.201,16637
2026.06.16,09:00,160.201,160.344,160.196,160.248,15498
2026.06.16,10:00,160.248,160.331,160.224,160.322,15387
2026.06.16,11:00,160.322,160.362,160.306,160.340,12312
2026.06.16,12:00,160.341,160.346,160.279,160.291,14400
2026.06.16,13:00,160.290,160.362,160.290,160.361,10784
2026.06.16,14:00,160.361,160.378,160.316,160.326,13047
2026.06.16,15:00,160.326,160.410,160.320,160.386,11169
2026.06.16,16:00,160.385,160.466,160.374,160.423,9980
2026.06.16,17:00,160.422,160.462,160.371,160.449,12738
2026.06.16,18:00,160.449,160.453,160.334,160.396,14206
2026.06.16,19:00,160.396,160.444,160.387,160.443,14193
2026.06.16,20:00,160.442,160.462,160.418,160.437,12404
2026.06.16,21:00,160.436,160.479,160.399,160.475,9398
2026.06.16,22:00,160.476,160.482,160.448,160.448,5897
2026.06.16,23:00,160.448,160.462,160.310,160.412,3265
2026.06.17,00:00,160.413,160.444,160.402,160.403,5465
2026.06.17,01:00,160.404,160.443,160.395,160.424,5519
2026.06.17,02:00,160.424,160.425,160.346,160.353,13515
2026.06.17,03:00,160.351,160.372,160.311,160.348,9938
2026.06.17,04:00,160.347,160.353,160.312,160.332,8263
2026.06.17,05:00,160.331,160.353,160.313,160.321,8106
2026.06.17,06:00,160.321,160.325,160.255,160.266,6989
2026.06.17,07:00,160.267,160.330,160.261,160.325,5466
2026.06.17,08:00,160.324,160.338,160.248,160.252,13162
2026.06.17,09:00,160.253,160.306,160.181,160.191,12945
2026.06.17,10:00,160.190,160.255,160.117,160.207,17005
2026.06.17,11:00,160.207,160.228,160.164,160.184,10339
2026.06.17,12:00,160.185,160.245,160.181,160.237,11085
2026.06.17,13:00,160.236,160.334,160.229,160.315,12538
2026.06.17,14:00,160.315,160.325,160.230,160.246,14375
2026.06.17,15:00,160.246,160.301,160.243,160.250,14528
2026.06.17,16:00,160.250,160.278,160.186,160.245,10929
2026.06.17,17:00,160.244,160.337,160.193,160.232,13076
2026.06.17,18:00,160.232,160.238,160.199,160.209,13622
2026.06.17,19:00,160.209,160.239,160.196,160.203,12828
2026.06.17,20:00,160.203,160.500,160.195,160.367,11218
2026.06.17,21:00,160.367,160.796,160.341,160.751,12854
2026.06.17,22:00,160.752,160.772,160.640,160.659,21094
2026.06.17,23:00,160.659,160.660,160.490,160.568,3987
2026.06.18,00:00,160.573,160.650,160.565,160.606,11045
2026.06.18,01:00,160.607,160.624,160.539,160.605,7392
2026.06.18,02:00,160.605,160.722,160.535,160.703,15873
2026.06.18,03:00,160.702,160.749,160.624,160.635,14579
2026.06.18,04:00,160.636,160.664,160.561,160.582,13032
2026.06.18,05:00,160.581,160.617,160.569,160.584,9823
2026.06.18,06:00,160.584,160.623,160.575,160.596,10601
2026.06.18,07:00,160.595,160.651,160.582,160.643,11327
2026.06.18,08:00,160.644,160.676,160.591,160.667,16002
2026.06.18,09:00,160.667,160.682,160.573,160.600,16386
2026.06.18,10:00,160.600,160.722,160.583,160.716,15576
2026.06.18,11:00,160.716,160.797,160.479,160.751,17623
2026.06.18,12:00,160.751,160.910,160.738,160.908,15827
2026.06.18,13:00,160.908,160.952,160.867,160.926,12662
2026.06.18,14:00,160.926,160.945,160.834,160.915,13322
2026.06.18,15:00,160.915,160.927,160.800,160.849,10851
2026.06.18,16:00,160.850,160.914,160.834,160.876,10506
2026.06.18,17:00,160.875,161.100,160.840,161.090,10976
2026.06.18,18:00,161.090,161.399,161.081,161.307,15012
2026.06.18,19:00,161.308,161.457,161.299,161.424,14612
2026.06.18,20:00,161.425,161.663,161.402,161.594,14485
2026.06.18,21:00,161.594,161.809,160.962,161.373,21744
2026.06.18,22:00,161.376,161.462,161.288,161.367,16742
2026.06.18,23:00,161.277,161.423,161.277,161.319,1659
2026.06.19,00:00,161.337,161.430,161.178,161.279,8934
2026.06.19,01:00,161.278,161.359,161.252,161.297,8681
2026.06.19,02:00,161.298,161.301,161.014,161.108,18418
2026.06.19,03:00,161.107,161.211,160.988,161.196,17851
2026.06.19,04:00,161.197,161.242,161.103,161.231,12670
2026.06.19,05:00,161.232,161.343,161.203,161.338,12615
2026.06.19,06:00,161.338,161.410,161.337,161.376,13983
2026.06.19,07:00,161.377,161.459,161.331,161.339,16408
2026.06.19,08:00,161.339,161.401,161.267,161.274,16650
2026.06.19,09:00,161.274,161.352,161.240,161.321,17159
2026.06.19,10:00,161.321,161.325,161.241,161.294,14148
2026.06.19,11:00,161.294,161.329,161.235,161.262,13957
2026.06.19,12:00,161.263,161.333,161.241,161.279,14981
2026.06.19,13:00,161.278,161.311,161.236,161.259,13326
2026.06.19,14:00,161.259,161.281,161.169,161.176,13713
2026.06.19,15:00,161.176,161.287,161.155,161.269,12281
2026.06.19,16:00,161.269,161.322,161.254,161.270,12829
2026.06.19,17:00,161.270,161.309,161.132,161.305,14295
2026.06.19,18:00,161.305,161.341,161.265,161.330,5742
2026.06.19,19:00,161.331,161.338,161.263,161.271,3059
2026.06.19,20:00,161.270,161.282,161.235,161.261,2368
2026.06.19,21:00,161.259,161.297,161.231,161.288,2320
2026.06.19,22:00,161.289,161.324,161.242,161.308,26023
2026.06.22,00:00,161.334,161.459,161.323,161.451,9120
2026.06.22,01:00,161.450,161.518,161.418,161.440,8155
2026.06.22,02:00,161.438,161.567,161.417,161.496,15035
2026.06.22,03:00,161.495,161.548,161.434,161.540,18377
2026.06.22,04:00,161.541,161.598,161.518,161.535,9450
2026.06.22,05:00,161.535,161.607,161.530,161.587,8013
2026.06.22,06:00,161.588,161.693,161.586,161.666,11217
2026.06.22,07:00,161.666,161.702,161.641,161.702,11190
2026.06.22,08:00,161.700,161.713,161.612,161.683,17245
2026.06.22,09:00,161.684,161.767,161.649,161.740,15306
2026.06.22,10:00,161.740,161.787,161.706,161.770,20729
2026.06.22,11:00,161.769,161.775,161.708,161.744,18847
2026.06.22,12:00,161.744,161.750,161.655,161.726,15506
2026.06.22,13:00,161.726,161.793,161.675,161.766,17912
2026.06.22,14:00,161.765,161.783,161.725,161.762,18526
2026.06.22,15:00,161.762,161.889,161.735,161.870,14813
2026.06.22,16:00,161.870,161.927,161.169,161.331,16171
2026.06.22,17:00,161.337,161.479,161.078,161.474,20758
2026.06.22,18:00,161.474,161.650,161.463,161.563,17097
2026.06.22,19:00,161.562,161.566,161.486,161.501,14506
2026.06.22,20:00,161.500,161.525,161.402,161.421,12648
2026.06.22,21:00,161.421,161.689,161.419,161.605,14700
2026.06.22,22:00,161.605,161.618,161.562,161.571,10511
2026.06.22,23:00,161.571,161.571,161.464,161.537,4399
2026.06.23,00:00,161.536,161.638,161.536,161.580,7124
2026.06.23,01:00,161.585,161.588,161.553,161.574,6860
2026.06.23,02:00,161.575,161.635,161.523,161.577,18514
2026.06.23,03:00,161.576,161.606,161.554,161.589,11960
2026.06.23,04:00,161.588,161.596,161.523,161.580,10955
2026.06.23,05:00,161.581,161.607,161.538,161.556,11294
2026.06.23,06:00,161.553,161.615,161.550,161.611,9369
2026.06.23,07:00,161.612,161.686,161.589,161.653,12209
2026.06.23,08:00,161.652,161.740,161.648,161.656,16953
2026.06.23,09:00,161.656,161.680,161.324,161.493,21998
2026.06.23,10:00,161.493,161.520,161.268,161.451,20933
2026.06.23,11:00,161.451,161.467,161.341,161.401,20091
2026.06.23,12:00,161.401,161.477,161.351,161.472,17876
2026.06.23,13:00,161.472,161.614,161.432,161.595,17155
2026.06.23,14:00,161.595,161.608,161.445,161.551,16491
2026.06.23,15:00,161.551,161.580,161.467,161.488,13553
2026.06.23,16:00,161.488,161.584,161.470,161.550,10910
2026.06.23,17:00,161.550,161.585,161.505,161.526,12574
2026.06.23,18:00,161.526,161.586,161.516,161.566,13412
2026.06.23,19:00,161.565,161.619,161.546,161.559,13561
2026.06.23,20:00,161.559,161.596,161.546,161.565,11018
2026.06.23,21:00,161.565,161.573,161.512,161.560,13546
2026.06.23,22:00,161.560,161.610,161.539,161.539,6417
2026.06.23,23:00,161.425,161.565,161.425,161.536,3052
2026.06.24,00:00,161.536,161.607,161.534,161.559,5196
2026.06.24,01:00,161.560,161.607,161.533,161.600,6139
2026.06.24,02:00,161.599,161.619,161.549,161.604,11923
2026.06.24,03:00,161.605,161.635,161.556,161.558,11033
2026.06.24,04:00,161.558,161.586,161.533,161.560,11290
2026.06.24,05:00,161.560,161.602,161.546,161.554,12766
2026.06.24,06:00,161.555,161.565,161.530,161.558,10593
2026.06.24,07:00,161.558,161.616,161.545,161.611,10212
2026.06.24,08:00,161.611,161.706,161.584,161.700,13286
2026.06.24,09:00,161.700,161.730,161.665,161.688,12908
2026.06.24,10:00,161.688,161.754,161.682,161.728,11861
2026.06.24,11:00,161.728,161.779,161.710,161.744,11353
2026.06.24,12:00,161.748,161.754,161.683,161.692,13064
2026.06.24,13:00,161.692,161.719,161.653,161.663,12134
2026.06.24,14:00,161.664,161.741,161.624,161.718,10740
2026.06.24,15:00,161.719,161.760,161.700,161.715,7993
2026.06.24,16:00,161.713,161.763,161.706,161.738,8078
2026.06.24,17:00,161.738,161.793,161.726,161.756,9858
2026.06.24,18:00,161.758,161.770,161.690,161.740,9736
2026.06.24,19:00,161.740,161.808,161.736,161.784,10065
2026.06.24,20:00,161.783,161.830,161.764,161.786,11604
2026.06.24,21:00,161.787,161.841,161.748,161.812,10093
2026.06.24,22:00,161.812,161.832,161.768,161.768,14021
2026.06.24,23:00,161.749,161.796,161.710,161.772,1866
2026.06.25,00:00,161.768,161.789,161.740,161.771,9529
2026.06.25,01:00,161.773,161.789,161.751,161.769,7248
2026.06.25,02:00,161.769,161.782,161.697,161.742,13016
2026.06.25,03:00,161.741,161.747,161.561,161.691,11779
2026.06.25,04:00,161.690,161.740,161.661,161.700,11327
2026.06.25,05:00,161.700,161.752,161.696,161.745,11870
2026.06.25,06:00,161.745,161.775,161.708,161.765,8186
2026.06.25,07:00,161.765,161.832,161.728,161.832,8468
2026.06.25,08:00,161.830,161.888,161.785,161.880,12327
2026.06.25,09:00,161.880,161.898,161.753,161.851,14917
2026.06.25,10:00,161.852,161.859,161.774,161.799,15838
2026.06.25,11:00,161.798,161.841,161.788,161.814,12253
2026.06.25,12:00,161.813,161.897,161.804,161.876,9926
2026.06.25,13:00,161.877,161.949,161.755,161.888,12848
2026.06.25,14:00,161.889,161.902,161.770,161.825,12588
2026.06.25,15:00,161.825,161.855,161.768,161.804,9400
2026.06.25,16:00,161.805,161.822,161.563,161.659,9121
2026.06.25,17:00,161.659,161.723,161.613,161.686,11316
2026.06.25,18:00,161.686,161.734,161.662,161.725,11326
2026.06.25,19:00,161.725,161.808,161.712,161.806,13309
2026.06.25,20:00,161.806,161.841,161.750,161.793,12689
2026.06.25,21:00,161.793,161.825,161.746,161.818,11961
2026.06.25,22:00,161.818,161.819,161.776,161.782,11133
2026.06.25,23:00,161.761,161.826,161.649,161.780,2874
2026.06.26,00:00,161.776,161.808,161.768,161.788,6254
2026.06.26,01:00,161.787,161.816,161.761,161.805,6247
2026.06.26,02:00,161.803,161.840,161.793,161.826,12770
2026.06.26,03:00,161.828,161.847,161.810,161.840,11772
2026.06.26,04:00,161.839,161.843,161.777,161.794,11477
2026.06.26,05:00,161.795,161.797,161.622,161.652,11942
2026.06.26,06:00,161.653,161.684,161.566,161.628,13759
2026.06.26,07:00,161.628,161.643,161.538,161.544,13163
2026.06.26,08:00,161.544,161.739,161.532,161.729,14987
2026.06.26,09:00,161.729,161.748,161.620,161.662,13444
2026.06.26,10:00,161.663,161.665,161.537,161.636,15726
2026.06.26,11:00,161.636,161.640,161.544,161.579,11294
2026.06.26,12:00,161.579,161.643,161.534,161.621,11337
2026.06.26,13:00,161.621,161.664,161.607,161.652,11585
2026.06.26,14:00,161.654,161.705,161.638,161.698,11578
2026.06.26,15:00,161.697,161.722,161.622,161.624,8513
2026.06.26,16:00,161.624,161.688,161.581,161.614,7519
2026.06.26,17:00,161.613,161.745,161.592,161.650,10990
2026.06.26,18:00,161.651,161.771,161.633,161.737,12479
2026.06.26,19:00,161.737,161.778,161.729,161.767,12089
2026.06.26,20:00,161.768,161.777,161.711,161.737,6197
2026.06.26,21:00,161.736,161.759,161.716,161.739,5350
2026.06.26,22:00,161.738,161.780,161.710,161.757,12178
2026.06.29,00:00,161.820,161.828,161.750,161.780,4867
2026.06.29,01:00,161.779,161.808,161.772,161.794,4564
2026.06.29,02:00,161.794,161.805,161.725,161.757,6785
2026.06.29,03:00,161.757,161.783,161.719,161.776,7139
2026.06.29,04:00,161.776,161.792,161.733,161.778,4640
2026.06.29,05:00,161.778,161.792,161.772,161.783,4810
2026.06.29,06:00,161.783,161.815,161.780,161.807,4582
2026.06.29,07:00,161.806,161.816,161.784,161.787,3785
2026.06.29,08:00,161.786,161.849,161.784,161.791,5775
2026.06.29,09:00,161.789,161.818,161.776,161.807,4653
2026.06.29,10:00,161.808,161.856,161.800,161.854,3535
2026.06.29,11:00,161.854,161.900,161.832,161.892,6699
2026.06.29,12:00,161.891,161.899,161.860,161.862,6907
2026.06.29,13:00,161.862,161.867,161.814,161.841,7656
2026.06.29,14:00,161.843,161.903,161.817,161.888,7222
2026.06.29,15:00,161.888,161.950,161.885,161.941,8266
2026.06.29,16:00,161.942,161.964,161.814,161.921,9171
2026.06.29,17:00,161.920,161.952,161.920,161.933,7129
2026.06.29,18:00,161.933,161.945,161.918,161.941,10097
2026.06.29,19:00,161.941,161.960,161.920,161.935,10273
2026.06.29,20:00,161.936,161.982,161.926,161.978,7865
2026.06.29,21:00,161.977,161.979,161.907,161.945,9804
2026.06.29,22:00,161.944,161.963,161.919,161.919,6554
2026.06.29,23:00,161.848,161.934,161.847,161.913,2019
2026.06.30,00:00,161.915,161.946,161.912,161.924,3722
2026.06.30,01:00,161.924,161.930,161.908,161.923,3102
2026.06.30,02:00,161.922,161.972,161.922,161.969,6086
2026.06.30,03:00,161.969,162.401,161.965,162.181,11453
2026.06.30,04:00,162.180,162.205,162.109,162.138,7430
2026.06.30,05:00,162.138,162.243,162.043,162.174,9141
2026.06.30,06:00,162.173,162.194,162.150,162.190,6305
2026.06.30,07:00,162.189,162.254,162.155,162.244,6807
2026.06.30,08:00,162.244,162.414,162.236,162.273,9680
2026.06.30,09:00,162.274,162.282,162.119,162.252,8373
2026.06.30,10:00,162.251,162.414,162.225,162.361,7432
2026.06.30,11:00,162.360,162.409,162.267,162.310,8440
2026.06.30,12:00,162.313,162.357,162.273,162.339,9781
2026.06.30,13:00,162.339,162.427,162.313,162.397,9773
2026.06.30,14:00,162.397,162.510,162.036,162.434,8764
2026.06.30,15:00,162.434,162.444,162.315,162.443,6651
2026.06.30,16:00,162.442,162.507,162.389,162.401,8125
2026.06.30,17:00,162.402,162.662,162.355,162.601,8755
2026.06.30,18:00,162.600,162.670,162.584,162.638,6033
2026.06.30,19:00,162.638,162.658,162.559,162.581,5793
2026.06.30,20:00,162.582,162.616,162.566,162.579,8441
2026.06.30,21:00,162.579,162.633,162.559,162.606,7479
2026.06.30,22:00,162.605,162.623,162.491,162.491,11742
2026.06.30,23:00,162.442,162.629,162.442,162.575,3377
2026.07.01,00:00,162.568,162.626,162.562,162.604,5696
2026.07.01,01:00,162.604,162.646,162.527,162.634,6618
2026.07.01,02:00,162.636,162.777,162.636,162.677,13624
2026.07.01,03:00,162.678,162.733,162.589,162.651,12415
2026.07.01,04:00,162.651,162.789,162.641,162.749,13196
2026.07.01,05:00,162.750,162.839,162.732,162.797,10701
2026.07.01,06:00,162.797,162.813,162.568,162.728,14778
2026.07.01,07:00,162.729,162.763,162.687,162.713,11466
2026.07.01,08:00,162.714,162.757,162.657,162.677,15311
2026.07.01,09:00,162.677,162.721,162.611,162.671,16950
2026.07.01,10:00,162.671,162.702,162.635,162.665,13861
2026.07.01,11:00,162.665,162.742,162.650,162.735,14035
2026.07.01,12:00,162.735,162.745,162.675,162.689,12228
2026.07.01,13:00,162.689,162.733,162.683,162.701,11337
2026.07.01,14:00,162.701,162.764,162.674,162.725,10671
2026.07.01,15:00,162.724,162.736,162.316,162.317,9501
2026.07.01,16:00,162.314,162.464,162.295,162.384,11250
2026.07.01,17:00,162.384,162.478,162.371,162.453,11017
2026.07.01,18:00,162.453,162.462,162.359,162.428,9474
2026.07.01,19:00,162.428,162.536,162.426,162.506,9763
2026.07.01,20:00,162.507,162.580,162.505,162.523,7924
2026.07.01,21:00,162.523,162.584,162.508,162.562,5591
2026.07.01,22:00,162.562,162.619,162.547,162.577,9637
2026.07.01,23:00,162.562,162.572,162.525,162.556,1992
2026.07.02,00:00,162.556,162.573,162.536,162.544,5761
2026.07.02,01:00,162.542,162.588,162.517,162.546,4538
2026.07.02,02:00,162.547,162.598,162.481,162.566,17725
2026.07.02,03:00,162.566,162.584,162.506,162.526,14179
2026.07.02,04:00,162.525,162.554,162.496,162.524,14404
2026.07.02,05:00,162.524,162.544,162.436,162.461,9919
2026.07.02,06:00,162.461,162.462,162.362,162.433,14978
2026.07.02,07:00,162.434,162.434,162.319,162.334,13366
2026.07.02,08:00,162.334,162.335,161.131,161.626,21617
2026.07.02,09:00,161.613,161.951,161.373,161.397,29117
2026.07.02,10:00,161.398,161.509,160.903,161.108,26064
2026.07.02,11:00,161.107,161.343,161.024,161.210,24177
2026.07.02,12:00,161.206,161.489,161.118,161.361,21762
2026.07.02,13:00,161.361,161.468,161.325,161.455,16078
2026.07.02,14:00,161.455,161.644,160.636,160.792,14911
2026.07.02,15:00,160.796,161.161,160.766,160.965,13540
2026.07.02,16:00,160.964,161.116,160.830,161.106,11620
2026.07.02,17:00,161.105,161.118,160.759,160.861,11775
2026.07.02,18:00,160.860,161.092,160.858,161.031,13413
2026.07.02,19:00,161.031,161.128,160.943,161.102,12042
2026.07.02,20:00,161.103,161.127,161.019,161.064,14664
2026.07.02,21:00,161.064,161.173,161.042,161.165,14325
2026.07.02,22:00,161.165,161.170,161.069,161.078,11840
2026.07.02,23:00,161.075,161.145,160.930,161.080,4074
2026.07.03,00:00,161.077,161.304,161.072,161.259,7800
2026.07.03,01:00,161.260,161.462,161.233,161.455,7657
2026.07.03,02:00,161.454,161.522,161.361,161.371,14242
2026.07.03,03:00,161.371,161.397,160.925,161.160,14495
2026.07.03,04:00,161.160,161.261,161.121,161.170,15766
2026.07.03,05:00,161.169,161.223,161.143,161.173,12896
2026.07.03,06:00,161.174,161.210,161.126,161.128,11158
2026.07.03,07:00,161.129,161.179,160.981,161.164,13578
2026.07.03,08:00,161.162,161.163,160.482,160.724,19613
2026.07.03,09:00,160.724,160.997,160.711,160.892,21887
2026.07.03,10:00,160.892,161.024,160.754,161.023,15086
2026.07.03,11:00,161.022,161.129,160.964,161.126,11177
2026.07.03,12:00,161.127,161.168,161.073,161.096,9276
2026.07.03,13:00,161.096,161.159,161.056,161.117,9207
2026.07.03,14:00,161.113,161.171,161.104,161.171,12696
2026.07.03,15:00,161.170,161.274,161.170,161.260,13583
2026.07.03,16:00,161.260,161.291,161.208,161.290,14804
2026.07.03,17:00,161.291,161.345,161.271,161.318,9689
2026.07.03,18:00,161.319,161.395,161.305,161.349,6001
2026.07.03,19:00,161.350,161.358,161.281,161.305,20576
2026.07.03,20:00,161.305,161.359,161.291,161.357,14587
2026.07.03,21:00,161.358,161.380,161.341,161.365,7416
2026.07.03,22:00,161.365,161.421,161.294,161.294,11762
2026.07.06,00:00,161.310,161.474,161.292,161.417,8869
2026.07.06,01:00,161.418,161.506,161.416,161.459,7254
2026.07.06,02:00,161.461,161.607,161.457,161.515,21108
2026.07.06,03:00,161.515,161.815,161.515,161.811,15722
2026.07.06,04:00,161.811,161.851,161.749,161.773,10027
2026.07.06,05:00,161.774,161.862,161.763,161.843,8326
2026.07.06,06:00,161.846,161.944,161.808,161.938,7752
2026.07.06,07:00,161.938,162.085,161.885,162.077,9465
2026.07.06,08:00,162.078,162.308,162.028,162.259,18220
2026.07.06,09:00,162.260,162.315,162.155,162.159,18107
2026.07.06,10:00,162.159,162.294,162.159,162.248,12440
2026.07.06,11:00,162.249,162.350,162.229,162.330,10237
2026.07.06,12:00,162.330,162.411,162.255,162.308,14865
2026.07.06,13:00,162.308,162.356,162.282,162.334,10223
2026.07.06,14:00,162.333,162.426,162.303,162.406,12470
2026.07.06,15:00,162.406,162.419,162.310,162.335,12245
2026.07.06,16:00,162.336,162.384,162.274,162.372,11732
2026.07.06,17:00,162.371,162.374,162.273,162.284,11751
2026.07.06,18:00,162.284,162.318,162.241,162.260,8536
2026.07.06,19:00,162.260,162.273,162.145,162.175,10294
2026.07.06,20:00,162.176,162.189,162.020,162.046,10289
2026.07.06,21:00,162.046,162.116,162.031,162.060,11647
2026.07.06,22:00,162.060,162.114,162.030,162.064,9346
2026.07.06,23:00,162.015,162.192,162.015,162.104,4466
2026.07.07,00:00,162.107,162.110,162.040,162.069,7986
2026.07.07,01:00,162.068,162.111,162.000,162.097,7171
2026.07.07,02:00,162.097,162.182,162.081,162.130,15818
2026.07.07,03:00,162.129,162.147,161.694,161.860,20199
2026.07.07,04:00,161.860,161.927,161.794,161.921,14203
2026.07.07,05:00,161.920,161.925,161.792,161.874,14796
2026.07.07,06:00,161.873,161.886,161.680,161.798,13148
2026.07.07,07:00,161.799,161.893,161.751,161.864,14402
2026.07.07,08:00,161.864,162.044,161.861,162.025,13764
2026.07.07,09:00,162.024,162.082,161.657,161.963,16224
2026.07.07,10:00,161.962,161.972,161.827,161.902,18693
2026.07.07,11:00,161.901,161.967,161.815,161.939,15057
2026.07.07,12:00,161.939,161.962,161.876,161.937,11273
2026.07.07,13:00,161.937,161.957,161.845,161.916,11721
2026.07.07,14:00,161.916,161.928,161.755,161.845,11689
2026.07.07,15:00,161.845,161.903,161.813,161.843,9627
2026.07.07,16:00,161.841,162.021,161.839,161.885,9125
2026.07.07,17:00,161.885,161.977,161.857,161.884,11410
2026.07.07,18:00,161.885,161.960,161.872,161.926,10351
2026.07.07,19:00,161.924,161.954,161.879,161.891,11280
2026.07.07,20:00,161.890,161.939,161.859,161.938,8837
2026.07.07,21:00,161.939,162.137,161.904,162.059,11352
2026.07.07,22:00,162.060,162.131,162.050,162.074,9286
2026.07.07,23:00,162.074,162.182,161.897,162.158,2432
2026.07.08,00:00,162.170,162.206,162.112,162.181,6057
2026.07.08,01:00,162.183,162.366,162.168,162.363,7170
2026.07.08,02:00,162.362,162.402,162.311,162.331,11909
2026.07.08,03:00,162.331,162.445,162.254,162.440,10738
2026.07.08,04:00,162.440,162.459,162.336,162.381,8801
2026.07.08,05:00,162.381,162.382,162.290,162.347,9456
2026.07.08,06:00,162.346,162.407,162.336,162.366,8893
2026.07.08,07:00,162.367,162.376,162.212,162.284,11410
2026.07.08,08:00,162.283,162.333,162.075,162.194,15804
2026.07.08,09:00,162.193,162.290,162.168,162.216,15109
2026.07.08,10:00,162.215,162.463,162.195,162.425,11649
2026.07.08,11:00,162.422,162.555,162.268,162.432,9572
2026.07.08,12:00,162.431,162.467,162.392,162.422,11039
2026.07.08,13:00,162.422,162.556,162.415,162.485,9001
2026.07.08,14:00,162.486,162.549,162.446,162.481,9339
2026.07.08,15:00,162.482,162.563,162.445,162.524,7578
2026.07.08,16:00,162.523,162.597,162.513,162.568,5877
2026.07.08,17:00,162.566,162.707,162.565,162.693,6155
2026.07.08,18:00,162.691,162.702,162.508,162.525,6403
2026.07.08,19:00,162.524,162.552,162.420,162.524,8055
2026.07.08,20:00,162.525,162.560,162.443,162.455,6946
2026.07.08,21:00,162.456,162.517,162.425,162.516,9734
2026.07.08,22:00,162.515,162.648,162.460,162.578,10645
2026.07.08,23:00,162.578,162.621,162.445,162.562,3761
2026.07.09,00:00,162.568,162.611,162.546,162.566,4465
2026.07.09,01:00,162.565,162.581,162.533,162.542,4787
2026.07.09,02:00,162.541,162.541,162.361,162.443,16366
2026.07.09,03:00,162.444,162.571,162.413,162.443,16319
2026.07.09,04:00,162.443,162.503,162.437,162.472,9861
2026.07.09,05:00,162.473,162.497,162.408,162.451,8985
2026.07.09,06:00,162.451,162.464,162.410,162.433,6434
2026.07.09,07:00,162.433,162.437,162.345,162.370,11046
2026.07.09,08:00,162.370,162.373,162.246,162.297,12424
2026.07.09,09:00,162.297,162.399,162.297,162.346,13153
2026.07.09,10:00,162.347,162.404,162.302,162.381,13132
2026.07.09,11:00,162.380,162.452,162.376,162.400,10680
2026.07.09,12:00,162.400,162.505,162.400,162.498,6728
2026.07.09,13:00,162.499,162.508,162.455,162.479,11516
2026.07.09,14:00,162.478,162.481,162.391,162.440,9829
2026.07.09,15:00,162.440,162.457,162.308,162.324,8292
2026.07.09,16:00,162.323,162.400,162.288,162.369,7394
2026.07.09,17:00,162.370,162.423,162.256,162.286,9397
2026.07.09,18:00,162.286,162.327,162.257,162.290,10047
2026.07.09,19:00,162.290,162.330,162.273,162.285,8084
2026.07.09,20:00,162.285,162.376,162.285,162.334,8260
2026.07.09,21:00,162.333,162.415,162.320,162.379,6418
2026.07.09,22:00,162.380,162.405,162.359,162.371,5444
2026.07.09,23:00,162.300,162.427,162.300,162.372,1468
2026.07.10,00:00,162.365,162.429,162.348,162.357,5639
2026.07.10,01:00,162.358,162.387,162.340,162.366,3714
2026.07.10,02:00,162.365,162.424,161.893,161.905,15501
2026.07.10,03:00,161.906,162.107,161.637,161.819,23471
2026.07.10,04:00,161.817,161.824,161.287,161.453,27625
2026.07.10,05:00,161.454,161.577,161.349,161.520,25511
2026.07.10,06:00,161.521,161.710,161.521,161.634,14897
2026.07.10,07:00,161.634,161.666,161.475,161.583,16305
2026.07.10,08:00,161.583,161.614,161.410,161.597,18058
2026.07.10,09:00,161.596,161.775,161.575,161.696,19257
2026.07.10,10:00,161.697,161.748,161.543,161.626,20982
2026.07.10,11:00,161.627,161.861,161.627,161.821,18521
2026.07.10,12:00,161.817,161.822,161.698,161.760,13905
2026.07.10,13:00,161.760,161.884,161.748,161.852,13999
2026.07.10,14:00,161.853,161.894,161.688,161.807,13543
2026.07.10,15:00,161.807,161.860,161.756,161.769,10944
2026.07.10,16:00,161.768,161.861,161.723,161.807,8953
2026.07.10,17:00,161.808,161.853,161.397,161.462,14049
2026.07.10,18:00,161.462,161.500,161.285,161.444,18445
2026.07.10,19:00,161.443,161.590,161.436,161.577,14678
2026.07.10,20:00,161.576,161.735,161.575,161.688,12878
2026.07.10,21:00,161.688,161.747,161.678,161.724,9030
2026.07.10,22:00,161.724,161.760,161.695,161.697,10312
