2018.08.20,00:00,110.577,110.682,110.015,110.063,62164
2018.08.21,00:00,110.065,110.544,109.770,110.271,80564
2018.08.22,00:00,110.272,110.612,110.024,110.545,79175
2018.08.23,00:00,110.542,111.313,110.518,111.265,74301
2018.08.24,00:00,111.267,111.483,111.099,111.255,71747
2018.08.27,00:00,111.319,111.344,110.933,111.071,62703
2018.08.28,00:00,111.071,111.353,110.951,111.185,71590
2018.08.29,00:00,111.186,111.824,111.119,111.674,84076
2018.08.30,00:00,111.674,111.754,110.950,110.970,85679
2018.08.31,00:00,110.970,111.135,110.682,111.103,91543
2018.09.03,00:00,111.043,111.183,110.847,111.033,63938
2018.09.04,00:00,111.022,111.531,110.898,111.356,79695
2018.09.05,00:00,111.350,111.754,111.313,111.522,87503
2018.09.06,00:00,111.523,111.528,110.516,110.744,92426
2018.09.07,00:00,110.744,111.245,110.377,111.033,92956
2018.09.10,00:00,111.027,111.246,110.847,111.101,63062
2018.09.11,00:00,111.101,111.639,111.057,111.624,60830
2018.09.12,00:00,111.624,111.648,111.112,111.252,66671
2018.09.13,00:00,111.250,111.995,111.156,111.915,75266
2018.09.14,00:00,111.915,112.166,111.750,112.040,73781
2018.09.17,00:00,112.009,112.119,111.758,111.838,57800
2018.09.18,00:00,111.840,112.387,111.661,112.359,89734
2018.09.19,00:00,112.353,112.443,112.158,112.266,69976
2018.09.20,00:00,112.275,112.581,112.039,112.483,86251
2018.09.21,00:00,112.485,112.870,112.424,112.554,73233
2018.09.24,00:00,112.436,112.835,112.427,112.794,51938
2018.09.25,00:00,112.795,112.980,112.738,112.971,64756
2018.09.26,00:00,112.971,113.133,112.629,112.707,75536
2018.09.27,00:00,112.707,113.463,112.558,113.354,80956
2018.09.28,00:00,113.352,113.709,113.309,113.686,88625
2018.10.01,00:00,113.703,114.059,113.694,113.890,70172
2018.10.02,00:00,113.888,114.014,113.526,113.637,78769
2018.10.03,00:00,113.636,114.539,113.519,114.530,81979
2018.10.04,00:00,114.529,114.546,113.631,113.897,102895
2018.10.05,00:00,113.892,114.099,113.556,113.697,97018
2018.10.08,00:00,113.774,113.940,112.816,113.225,80112
2018.10.09,00:00,113.225,113.389,112.866,112.947,118529
2018.10.10,00:00,112.947,113.283,112.250,112.265,113383
2018.10.11,00:00,112.265,112.531,111.828,112.156,187100
2018.10.12,00:00,112.156,112.494,111.876,112.211,130591
2018.10.15,00:00,112.133,112.231,111.622,111.762,122436
2018.10.16,00:00,111.761,112.335,111.728,112.245,96919
2018.10.17,00:00,112.247,112.672,112.012,112.632,106820
2018.10.18,00:00,112.633,112.726,111.943,112.181,134870
2018.10.19,00:00,112.183,112.644,112.138,112.536,123784
2018.10.22,00:00,112.576,112.883,112.346,112.811,101736
2018.10.23,00:00,112.807,112.838,111.951,112.436,131125
2018.10.24,00:00,112.437,112.739,112.086,112.244,143387
2018.10.25,00:00,112.242,112.671,111.818,112.401,137509
2018.10.26,00:00,112.405,112.443,111.373,111.888,180600
2018.10.29,00:00,111.858,112.563,111.774,112.354,129996
2018.10.30,00:00,112.354,113.160,112.301,113.086,129058
2018.10.31,00:00,113.085,113.381,112.802,112.930,101190
2018.11.01,00:00,112.930,113.000,112.603,112.647,98002
2018.11.02,00:00,112.646,113.318,112.556,113.204,119881
2018.11.05,00:00,113.165,113.333,113.072,113.187,83377
2018.11.06,00:00,113.187,113.502,113.097,113.424,75271
2018.11.07,00:00,113.416,113.815,112.943,113.491,132828
2018.11.08,00:00,113.506,114.080,113.468,114.062,84827
2018.11.09,00:00,114.062,114.080,113.635,113.818,88169
2018.11.12,00:00,113.854,114.236,113.656,113.832,101658
2018.11.13,00:00,113.831,114.143,113.577,113.799,114327
2018.11.14,00:00,113.799,114.005,113.294,113.609,114847
2018.11.15,00:00,113.609,113.704,113.095,113.619,112961
2018.11.16,00:00,113.619,113.636,112.640,112.858,98778
2018.11.19,00:00,112.772,112.872,112.417,112.544,100857
2018.11.20,00:00,112.546,112.839,112.301,112.752,107503
2018.11.21,00:00,112.752,113.144,112.641,113.049,86213
2018.11.22,00:00,113.049,113.129,112.881,112.929,81454
2018.11.23,00:00,112.929,113.007,112.658,112.947,72435
2018.11.26,00:00,112.910,113.648,112.872,113.573,82507
2018.11.27,00:00,113.578,113.840,113.412,113.775,87551
2018.11.28,00:00,113.775,114.033,113.433,113.672,82081
2018.11.29,00:00,113.673,113.679,113.187,113.478,83787
2018.11.30,00:00,113.478,113.717,113.338,113.539,72447
2018.12.03,00:00,113.656,113.819,113.372,113.643,74026
2018.12.04,00:00,113.645,113.657,112.573,112.769,109896
2018.12.05,00:00,112.766,113.238,112.646,113.185,63488
2018.12.06,00:00,113.185,113.209,112.228,112.664,151725
2018.12.07,00:00,112.664,112.925,112.550,112.686,117195
2018.12.10,00:00,112.648,113.372,112.237,113.325,130314
2018.12.11,00:00,113.326,113.463,113.004,113.366,109835
2018.12.12,00:00,113.363,113.516,113.138,113.278,110181
2018.12.13,00:00,113.275,113.705,113.198,113.618,95988
2018.12.14,00:00,113.620,113.671,113.209,113.399,96472
2018.12.17,00:00,113.353,113.517,112.678,112.826,101635
2018.12.18,00:00,112.826,112.849,112.244,112.512,113784
2018.12.19,00:00,112.510,112.663,112.086,112.469,122451
2018.12.20,00:00,112.470,112.601,110.809,111.280,186069
2018.12.21,00:00,111.279,111.456,110.930,111.207,165339
2018.12.24,00:00,110.996,111.189,110.264,110.327,158099
2018.12.26,00:00,110.411,111.405,110.276,111.360,100429
2018.12.27,00:00,111.360,111.360,110.452,110.970,205794
2018.12.28,00:00,110.975,111.023,110.138,110.298,148213
2018.12.31,00:00,110.306,110.472,109.631,109.683,92856
2019.01.02,00:00,109.417,109.459,108.704,108.870,118890
2019.01.03,00:00,108.872,108.907,106.385,107.666,204555
2019.01.04,00:00,107.644,108.585,107.510,108.510,167158
2019.01.07,00:00,108.494,108.744,108.017,108.706,112667
2019.01.08,00:00,108.703,109.084,108.438,108.731,109773
2019.01.09,00:00,108.729,108.998,107.969,108.150,120857
2019.01.10,00:00,108.148,108.517,107.766,108.423,123928
2019.01.11,00:00,108.423,108.595,108.142,108.543,95818
2019.01.14,00:00,108.534,108.544,107.982,108.154,81579
2019.01.15,00:00,108.153,108.762,108.129,108.663,120027
2019.01.16,00:00,108.661,109.192,108.368,109.088,99248
2019.01.17,00:00,109.086,109.399,108.682,109.241,108429
2019.01.18,00:00,109.239,109.888,109.053,109.747,106215
2019.01.21,00:00,109.722,109.760,109.471,109.655,66169
2019.01.22,00:00,109.656,109.691,109.142,109.365,86352
2019.01.23,00:00,109.363,109.996,109.312,109.603,92451
2019.01.24,00:00,109.591,109.797,109.418,109.631,94901
2019.01.25,00:00,109.632,109.949,109.452,109.551,99298
2019.01.28,00:00,109.544,109.574,109.157,109.333,87195
2019.01.29,00:00,109.336,109.539,109.126,109.386,83827
2019.01.30,00:00,109.384,109.741,108.804,109.027,97324
2019.01.31,00:00,109.029,109.064,108.493,108.853,90601
2019.02.01,00:00,108.850,109.576,108.722,109.488,84980
2019.02.04,00:00,109.512,110.159,109.430,109.862,72569
2019.02.05,00:00,109.861,110.038,109.774,109.952,69513
2019.02.06,00:00,109.952,110.050,109.555,109.959,72691
2019.02.07,00:00,109.959,110.085,109.602,109.796,87418
2019.02.08,00:00,109.783,109.895,109.644,109.739,72930
2019.02.11,00:00,109.767,110.465,109.752,110.361,74302
2019.02.12,00:00,110.362,110.649,110.328,110.468,76275
2019.02.13,00:00,110.468,111.050,110.399,110.990,68681
2019.02.14,00:00,110.993,111.126,110.440,110.459,88033
2019.02.15,00:00,110.458,110.641,110.248,110.439,84192
2019.02.18,00:00,110.442,110.649,110.438,110.583,71635
2019.02.19,00:00,110.583,110.820,110.448,110.607,72331
2019.02.20,00:00,110.607,110.947,110.524,110.836,73979
2019.02.21,00:00,110.837,110.858,110.562,110.688,80955
2019.02.22,00:00,110.685,110.904,110.556,110.654,70354
2019.02.25,00:00,110.659,111.232,110.576,111.049,77831
2019.02.26,00:00,111.048,111.073,110.419,110.567,67940
2019.02.27,00:00,110.567,111.070,110.352,110.982,70385
2019.02.28,00:00,110.981,111.489,110.657,111.373,76262
2019.03.01,00:00,111.371,112.075,111.321,111.932,70034
2019.03.04,00:00,111.850,112.010,111.637,111.730,79624
2019.03.05,00:00,111.730,112.134,111.705,111.872,66675
2019.03.06,00:00,111.869,111.918,111.611,111.752,64832
2019.03.07,00:00,111.751,111.856,111.480,111.547,70274
2019.03.08,00:00,111.546,111.646,110.778,111.169,80855
2019.03.11,00:00,111.133,111.305,110.875,111.209,65124
2019.03.12,00:00,111.209,111.464,111.107,111.338,69622
2019.03.13,00:00,111.339,111.462,111.003,111.271,67163
2019.03.14,00:00,111.272,111.831,111.142,111.649,75912
2019.03.15,00:00,111.649,111.898,111.379,111.501,64706
2019.03.18,00:00,111.486,111.626,111.294,111.436,55422
2019.03.19,00:00,111.436,111.473,111.154,111.396,54040
2019.03.20,00:00,111.395,111.691,110.533,110.645,71192
2019.03.21,00:00,110.639,110.955,110.295,110.844,74016
2019.03.22,00:00,110.844,110.893,109.739,109.935,99059
2019.03.25,00:00,109.992,110.237,109.704,109.969,94746
2019.03.26,00:00,109.968,110.687,109.952,110.620,83660
2019.03.27,00:00,110.618,110.710,110.231,110.449,100672
2019.03.28,00:00,110.449,110.828,110.014,110.637,97984
2019.03.29,00:00,110.637,110.946,110.532,110.817,83882
2019.04.01,00:00,110.968,111.441,110.805,111.336,74760
2019.04.02,00:00,111.336,111.452,111.245,111.305,56411
2019.04.03,00:00,111.302,111.576,111.205,111.476,65236
2019.04.04,00:00,111.477,111.669,111.332,111.654,55791
2019.04.05,00:00,111.654,111.820,111.537,111.704,54999
2019.04.08,00:00,111.696,111.736,111.278,111.456,53880
2019.04.09,00:00,111.447,111.576,110.975,111.124,54810
2019.04.10,00:00,111.124,111.277,110.841,110.996,57693
2019.04.11,00:00,110.995,111.692,110.897,111.639,55768
2019.04.12,00:00,111.638,112.091,111.582,112.003,61620
2019.04.15,00:00,111.955,112.091,111.884,112.024,45055
2019.04.16,00:00,112.023,112.041,111.843,111.997,57230
2019.04.17,00:00,111.994,112.162,111.917,112.050,52532
2019.04.18,00:00,112.047,112.059,111.763,111.971,57911
2019.04.19,00:00,111.972,112.003,111.891,111.906,106961
2019.04.22,00:00,111.862,111.988,111.842,111.925,35631
2019.04.23,00:00,111.928,112.029,111.646,111.852,48439
2019.04.24,00:00,111.851,112.397,111.678,112.177,56106
2019.04.25,00:00,112.177,112.236,111.365,111.614,66948
2019.04.26,00:00,111.621,112.022,111.425,111.604,68822
2019.04.29,00:00,111.559,111.896,111.541,111.635,36538
2019.04.30,00:00,111.637,111.688,111.233,111.419,52616
2019.05.01,00:00,111.415,111.611,111.046,111.371,47310
2019.05.02,00:00,111.368,111.664,111.346,111.502,56990
2019.05.03,00:00,111.500,111.693,111.065,111.100,50763
2019.05.06,00:00,110.635,110.956,110.278,110.761,77948
2019.05.07,00:00,110.759,110.850,110.166,110.234,80426
2019.05.08,00:00,110.249,110.285,109.899,110.085,89041
2019.05.09,00:00,110.084,110.123,109.467,109.770,100380
2019.05.10,00:00,109.762,110.046,109.470,109.968,115671
2019.05.13,00:00,109.772,109.835,109.017,109.292,100069
2019.05.14,00:00,109.292,109.769,109.142,109.598,73727
2019.05.15,00:00,109.596,109.699,109.151,109.586,78308
2019.05.16,00:00,109.582,109.965,109.333,109.834,67359
2019.05.17,00:00,109.838,110.191,109.490,110.037,93059
2019.05.20,00:00,110.151,110.315,109.805,110.053,80499
2019.05.21,00:00,110.051,110.669,110.019,110.484,70360
2019.05.22,00:00,110.483,110.623,110.238,110.340,65942
2019.05.23,00:00,110.337,110.361,109.456,109.593,92312
2019.05.24,00:00,109.594,109.742,109.269,109.286,70138
2019.05.27,00:00,109.311,109.582,109.276,109.512,53073
2019.05.28,00:00,109.485,109.626,109.206,109.362,85564
2019.05.29,00:00,109.363,109.696,109.147,109.582,96504
2019.05.30,00:00,109.579,109.924,109.470,109.611,80504
2019.05.31,00:00,109.613,109.619,108.278,108.311,124672
2019.06.03,00:00,108.278,108.443,107.880,108.057,115829
2019.06.04,00:00,108.050,108.355,107.842,108.135,103261
2019.06.05,00:00,108.135,108.482,107.811,108.447,103443
2019.06.06,00:00,108.448,108.559,108.022,108.395,97398
2019.06.07,00:00,108.398,108.615,107.877,108.206,93221
2019.06.10,00:00,108.458,108.712,108.311,108.433,74448
2019.06.11,00:00,108.432,108.797,108.347,108.509,81610
2019.06.12,00:00,108.508,108.561,108.215,108.494,93448
2019.06.13,00:00,108.493,108.534,108.161,108.381,91391
2019.06.14,00:00,108.330,108.585,108.155,108.538,88664
2019.06.17,00:00,108.491,108.721,108.461,108.538,64899
2019.06.18,00:00,108.536,108.673,108.057,108.435,100221
2019.06.19,00:00,108.437,108.614,107.898,108.093,90682
2019.06.20,00:00,108.094,108.140,107.206,107.287,125359
2019.06.21,00:00,107.286,107.730,107.044,107.330,113955
2019.06.24,00:00,107.303,107.534,107.244,107.287,81420
2019.06.25,00:00,107.283,107.408,106.774,107.171,112897
2019.06.26,00:00,107.172,107.846,107.094,107.779,77853
2019.06.27,00:00,107.781,108.157,107.645,107.784,72444
2019.06.28,00:00,107.788,107.928,107.558,107.922,68173
2019.07.01,00:00,108.194,108.528,108.098,108.434,81752
2019.07.02,00:00,108.433,108.471,107.763,107.879,63243
2019.07.03,00:00,107.871,107.904,107.529,107.811,59830
2019.07.04,00:00,107.809,107.839,107.704,107.802,35410
2019.07.05,00:00,107.806,108.633,107.777,108.479,62381
2019.07.08,00:00,108.433,108.800,108.277,108.713,49145
2019.07.09,00:00,108.712,108.960,108.674,108.845,44992
2019.07.10,00:00,108.844,108.987,108.344,108.455,62901
2019.07.11,00:00,108.454,108.528,107.855,108.482,63049
2019.07.12,00:00,108.481,108.605,107.798,107.886,64366
2019.07.15,00:00,107.878,108.105,107.794,107.901,52217
2019.07.16,00:00,107.902,108.373,107.817,108.227,62939
2019.07.17,00:00,108.233,108.324,107.927,107.935,49562
2019.07.18,00:00,107.934,108.013,107.206,107.284,71276
2019.07.19,00:00,107.285,107.975,107.213,107.732,71036
2019.07.22,00:00,107.762,108.066,107.696,107.857,57257
2019.07.23,00:00,107.853,108.285,107.822,108.213,53752
2019.07.24,00:00,108.212,108.271,107.933,108.170,55603
2019.07.25,00:00,108.170,108.752,108.037,108.621,67356
2019.07.26,00:00,108.622,108.825,108.558,108.669,51193
2019.07.29,00:00,108.648,108.895,108.416,108.770,36681
2019.07.30,00:00,108.769,108.945,108.449,108.593,62021
2019.07.31,00:00,108.592,108.997,108.487,108.756,80861
2019.08.01,00:00,108.747,109.312,107.250,107.332,114295
2019.08.02,00:00,107.320,107.564,106.505,106.586,165724
2019.08.05,00:00,106.560,106.678,105.782,105.941,167722
2019.08.06,00:00,105.939,107.086,105.517,106.461,157788
2019.08.07,00:00,106.461,106.466,105.491,106.258,169629
2019.08.08,00:00,106.257,106.298,105.891,106.064,115021
2019.08.09,00:00,106.064,106.083,105.264,105.655,92608
2019.08.12,00:00,105.601,105.688,105.045,105.294,86909
2019.08.13,00:00,105.293,106.973,105.062,106.734,120212
2019.08.14,00:00,106.735,106.759,105.647,105.899,128501
2019.08.15,00:00,105.898,106.776,105.698,106.112,160727
2019.08.16,00:00,106.111,106.490,106.023,106.348,97263
2019.08.19,00:00,106.249,106.693,106.233,106.623,78254
2019.08.20,00:00,106.622,106.687,106.158,106.216,90483
2019.08.21,00:00,106.217,106.642,106.211,106.609,74355
2019.08.22,00:00,106.610,106.649,106.248,106.431,87416
2019.08.23,00:00,106.433,106.730,105.250,105.388,127646
2019.08.26,00:00,104.951,106.410,104.447,106.096,190826
2019.08.27,00:00,106.114,106.150,105.586,105.742,123278
2019.08.28,00:00,105.736,106.227,105.647,106.116,101343
2019.08.29,00:00,106.106,106.679,105.825,106.513,92051
2019.08.30,00:00,106.514,106.542,106.100,106.257,94749
2019.09.02,00:00,106.068,106.397,105.918,106.207,55685
2019.09.03,00:00,106.192,106.382,105.736,105.922,97517
2019.09.04,00:00,105.924,106.440,105.825,106.380,78844
2019.09.05,00:00,106.378,107.229,106.322,106.933,95161
2019.09.06,00:00,106.919,107.098,106.619,106.912,82645
2019.09.09,00:00,106.821,107.270,106.759,107.231,71133
2019.09.10,00:00,107.232,107.584,107.178,107.540,81821
2019.09.11,00:00,107.540,107.852,107.483,107.813,76681
2019.09.12,00:00,107.811,108.185,107.517,108.096,108523
2019.09.13,00:00,108.077,108.257,107.902,108.104,78141
2019.09.16,00:00,107.535,108.164,107.493,108.127,85871
2019.09.17,00:00,108.127,108.367,108.017,108.112,74882
2019.09.18,00:00,108.113,108.474,108.081,108.442,66726
2019.09.19,00:00,108.440,108.469,107.785,108.009,85881
2019.09.20,00:00,108.008,108.083,107.518,107.538,76082
2019.09.23,00:00,107.703,107.765,107.308,107.540,60092
2019.09.24,00:00,107.540,107.795,106.958,107.047,85220
2019.09.25,00:00,107.047,107.880,106.986,107.766,88620
2019.09.26,00:00,107.767,107.956,107.422,107.829,75333
2019.09.27,00:00,107.829,108.177,107.654,107.936,81989
2019.09.30,00:00,107.969,108.175,107.741,108.070,60063
2019.10.01,00:00,108.070,108.467,107.624,107.739,69627
2019.10.02,00:00,107.727,107.889,107.044,107.176,74692
2019.10.03,00:00,107.168,107.295,106.479,106.910,99770
2019.10.04,00:00,106.898,107.131,106.561,106.907,75560
2019.10.07,00:00,106.682,107.463,106.650,107.241,63343
2019.10.08,00:00,107.241,107.442,106.800,107.072,87739
2019.10.09,00:00,107.066,107.624,106.931,107.472,66199
2019.10.10,00:00,107.469,108.014,107.031,107.954,102824
2019.10.11,00:00,107.954,108.627,107.845,108.406,101716
2019.10.14,00:00,108.339,108.520,108.027,108.390,57976
2019.10.15,00:00,108.388,108.896,108.153,108.851,73175
2019.10.16,00:00,108.851,108.863,108.556,108.754,81461
2019.10.17,00:00,108.739,108.936,108.451,108.630,79146
2019.10.18,00:00,108.635,108.718,108.385,108.413,66923
2019.10.21,00:00,108.435,108.661,108.289,108.598,64151
2019.10.22,00:00,108.597,108.726,108.438,108.480,51382
2019.10.23,00:00,108.474,108.701,108.246,108.690,60813
2019.10.24,00:00,108.689,108.751,108.494,108.598,54129
2019.10.25,00:00,108.598,108.771,108.508,108.670,49105
2019.10.28,00:00,108.708,109.036,108.656,108.973,42164
2019.10.29,00:00,108.974,109.067,108.748,108.884,46443
2019.10.30,00:00,108.885,109.284,108.717,108.852,56123
2019.10.31,00:00,108.854,108.877,107.924,108.018,66485
2019.11.01,00:00,108.020,108.321,107.883,108.146,49715
2019.11.04,00:00,108.226,108.647,108.190,108.572,36747
2019.11.05,00:00,108.572,109.239,108.542,109.143,57712
2019.11.06,00:00,109.130,109.181,108.815,108.964,50391
2019.11.07,00:00,108.963,109.485,108.644,109.281,67981
2019.11.08,00:00,109.271,109.472,109.072,109.231,57845
2019.11.11,00:00,109.214,109.250,108.893,109.040,35650
2019.11.12,00:00,109.041,109.289,108.920,108.991,49953
2019.11.13,00:00,108.989,109.146,108.652,108.811,53402
2019.11.14,00:00,108.807,108.859,108.230,108.407,53601
2019.11.15,00:00,108.407,108.853,108.371,108.787,43851
2019.11.18,00:00,108.799,109.068,108.509,108.674,46845
2019.11.19,00:00,108.674,108.833,108.449,108.533,49486
2019.11.20,00:00,108.532,108.735,108.342,108.604,64931
2019.11.21,00:00,108.586,108.694,108.273,108.615,68876
2019.11.22,00:00,108.615,108.728,108.473,108.616,49809
2019.11.25,00:00,108.671,108.976,108.648,108.917,42656
2019.11.26,00:00,108.902,109.205,108.872,109.026,52019
2019.11.27,00:00,109.021,109.606,109.006,109.538,43084
2019.11.28,00:00,109.538,109.551,109.329,109.503,34377
2019.11.29,00:00,109.505,109.667,109.394,109.433,48073
2019.12.02,00:00,109.517,109.724,108.922,108.970,52967
2019.12.03,00:00,108.970,109.204,108.480,108.632,63426
2019.12.04,00:00,108.622,108.959,108.424,108.852,60154
2019.12.05,00:00,108.852,108.997,108.651,108.750,52468
2019.12.06,00:00,108.750,108.920,108.474,108.565,45294
2019.12.09,00:00,108.627,108.675,108.427,108.553,33634
2019.12.10,00:00,108.553,108.763,108.510,108.716,45663
2019.12.11,00:00,108.707,108.852,108.461,108.552,43761
2019.12.12,00:00,108.550,109.447,108.451,109.278,60922
2019.12.13,00:00,109.281,109.704,109.050,109.346,80911
2019.12.16,00:00,109.277,109.674,109.277,109.535,36969
2019.12.17,00:00,109.534,109.631,109.440,109.473,35759
2019.12.18,00:00,109.468,109.625,109.398,109.549,36779
2019.12.19,00:00,109.539,109.684,109.179,109.367,39216
2019.12.20,00:00,109.361,109.523,109.254,109.448,32497
2019.12.23,00:00,109.391,109.535,109.337,109.396,31645
2019.12.24,00:00,109.389,109.439,109.324,109.353,29406
2019.12.26,00:00,109.543,109.681,109.526,109.634,18510
2019.12.27,00:00,109.611,109.624,109.387,109.459,47546
2019.12.30,00:00,109.413,109.483,108.764,108.874,41697
2019.12.31,00:00,108.874,108.883,108.466,108.620,35178
2020.01.02,00:00,108.704,108.863,108.209,108.567,33385
2020.01.03,00:00,108.556,108.626,107.838,108.102,70534
2020.01.06,00:00,107.895,108.503,107.768,108.363,59650
2020.01.07,00:00,108.361,108.627,108.258,108.440,56942
2020.01.08,00:00,108.440,109.242,107.646,109.104,105731
2020.01.09,00:00,109.104,109.579,109.009,109.514,54803
2020.01.10,00:00,109.512,109.687,109.431,109.503,42209
2020.01.13,00:00,109.523,109.945,109.500,109.943,32236
2020.01.14,00:00,109.940,110.211,109.849,109.983,49097
2020.01.15,00:00,109.974,110.009,109.787,109.893,44223
2020.01.16,00:00,109.884,110.177,109.849,110.152,38073
2020.01.17,00:00,110.137,110.286,110.045,110.162,37709
2020.01.20,00:00,110.097,110.214,110.097,110.179,27575
2020.01.21,00:00,110.179,110.219,109.759,109.860,50086
2020.01.22,00:00,109.858,110.098,109.828,109.835,45153
2020.01.23,00:00,109.830,109.861,109.264,109.486,57686
2020.01.24,00:00,109.486,109.650,109.170,109.279,53773
2020.01.27,00:00,108.959,109.135,108.729,108.884,78772
2020.01.28,00:00,108.885,109.200,108.754,109.138,57559
2020.01.29,00:00,109.138,109.264,108.974,109.010,53657
2020.01.30,00:00,109.010,109.064,108.579,108.950,81907
2020.01.31,00:00,108.951,109.134,108.305,108.347,81325
2020.02.03,00:00,108.391,108.797,108.311,108.667,74780
2020.02.04,00:00,108.681,109.543,108.547,109.519,61644
2020.02.05,00:00,109.518,109.843,109.302,109.816,68657
2020.02.06,00:00,109.815,110.005,109.747,109.987,53398
2020.02.07,00:00,109.986,110.020,109.531,109.777,70428
2020.02.10,00:00,109.686,109.876,109.559,109.772,58617
2020.02.11,00:00,109.766,109.961,109.725,109.776,46018
2020.02.12,00:00,109.783,110.134,109.757,110.098,50051
2020.02.13,00:00,110.096,110.096,109.616,109.816,70709
2020.02.14,00:00,109.788,109.910,109.696,109.773,50564
2020.02.17,00:00,109.797,109.960,109.717,109.872,41547
2020.02.18,00:00,109.867,109.946,109.655,109.867,61350
2020.02.19,00:00,109.867,111.589,109.835,111.363,60273
2020.02.20,00:00,111.357,112.225,111.110,112.064,91306
2020.02.21,00:00,112.092,112.185,111.469,111.567,87423
2020.02.24,00:00,111.393,111.681,110.330,110.709,112722
2020.02.25,00:00,110.698,111.039,109.888,110.191,151523
2020.02.26,00:00,110.190,110.699,110.128,110.420,161049
2020.02.27,00:00,110.419,110.453,109.566,109.577,180691
2020.02.28,00:00,109.575,109.678,107.506,108.063,219255
2020.03.02,00:00,107.619,108.575,107.362,108.310,188058
2020.03.03,00:00,108.310,108.532,106.925,107.087,176991
2020.03.04,00:00,107.086,107.692,106.843,107.519,156771
2020.03.05,00:00,107.521,107.740,105.965,106.149,145072
2020.03.06,00:00,106.149,106.340,104.992,105.348,196579
2020.03.09,00:00,104.379,104.509,101.177,102.269,237225
2020.03.10,00:00,102.269,105.916,101.998,105.253,265816
2020.03.11,00:00,105.238,105.380,104.091,104.429,253536
2020.03.12,00:00,104.429,106.100,103.089,104.829,276848
2020.03.13,00:00,104.820,108.496,104.503,107.998,304701
2020.03.16,00:00,106.808,107.564,105.137,105.877,307257
2020.03.17,00:00,105.882,107.861,105.879,107.632,408746
2020.03.18,00:00,107.632,108.651,106.751,107.973,388765
2020.03.19,00:00,108.020,110.954,107.990,110.869,415159
2020.03.20,00:00,110.892,111.504,109.326,110.854,331159
2020.03.23,00:00,110.533,111.596,109.663,111.227,328527
2020.03.24,00:00,111.256,111.711,110.081,111.288,293906
2020.03.25,00:00,111.298,111.676,110.752,111.138,297980
2020.03.26,00:00,111.155,111.241,109.204,109.408,290681
2020.03.27,00:00,109.403,109.472,107.756,107.975,237143
2020.03.30,00:00,107.678,108.293,107.120,107.731,198664
2020.03.31,00:00,107.728,108.725,107.458,107.523,210925
2020.04.01,00:00,107.534,107.936,106.918,107.150,175110
2020.04.02,00:00,107.152,108.091,107.013,107.857,177047
2020.04.03,00:00,107.857,108.676,107.797,108.456,149447
2020.04.06,00:00,108.348,109.379,108.346,109.211,178041
2020.04.07,00:00,109.211,109.276,108.668,108.741,175968
2020.04.08,00:00,108.734,109.095,108.502,108.812,146512
2020.04.09,00:00,108.812,109.062,108.206,108.448,140586
2020.04.10,00:00,108.472,108.587,108.327,108.460,43249
2020.04.13,00:00,108.430,108.524,107.499,107.750,217458
2020.04.14,00:00,107.748,107.758,106.978,107.205,186636
2020.04.15,00:00,107.204,107.868,106.925,107.425,222079
2020.04.16,00:00,107.422,108.081,107.162,107.916,253237
2020.04.17,00:00,107.916,108.084,107.297,107.551,255478
2020.04.20,00:00,107.509,107.946,107.456,107.606,173344
2020.04.21,00:00,107.612,107.891,107.279,107.784,230014
2020.04.22,00:00,107.787,107.937,107.513,107.748,174114
2020.04.23,00:00,107.743,108.042,107.344,107.556,227461
2020.04.24,00:00,107.564,107.758,107.368,107.487,176557
2020.04.27,00:00,107.591,107.620,106.991,107.250,179822
2020.04.28,00:00,107.254,107.338,106.558,106.858,138405
2020.04.29,00:00,106.858,106.893,106.356,106.664,115404
2020.04.30,00:00,106.665,107.496,106.403,107.158,159531
2020.05.01,00:00,107.159,107.404,106.603,106.914,131025
2020.05.04,00:00,106.845,107.067,106.630,106.701,91968
2020.05.05,00:00,106.698,106.892,106.414,106.520,71764
2020.05.06,00:00,106.499,106.616,105.985,106.088,83731
2020.05.07,00:00,106.088,106.653,105.988,106.273,79608
2020.05.08,00:00,106.273,106.745,106.220,106.682,74534
2020.05.11,00:00,106.534,107.766,106.506,107.643,70374
2020.05.12,00:00,107.647,107.692,107.119,107.127,61195
2020.05.13,00:00,107.120,107.275,106.741,107.023,67610
2020.05.14,00:00,107.024,107.363,106.773,107.247,67892
2020.05.15,00:00,107.249,107.431,106.854,107.164,58683
2020.05.18,00:00,107.083,107.503,107.063,107.330,55243
2020.05.19,00:00,107.328,108.085,107.261,107.695,61170
2020.05.20,00:00,107.695,107.981,107.334,107.518,50423
2020.05.21,00:00,107.494,107.847,107.478,107.604,52988
2020.05.22,00:00,107.601,107.762,107.321,107.607,47091
2020.05.25,00:00,107.580,107.779,107.550,107.701,30625
2020.05.26,00:00,107.699,107.921,107.399,107.537,49310
2020.05.27,00:00,107.533,107.944,107.364,107.718,68403
2020.05.28,00:00,107.715,107.899,107.571,107.630,64698
2020.05.29,00:00,107.634,107.893,107.077,107.785,78426
2020.06.01,00:00,107.682,107.854,107.381,107.583,59826
2020.06.02,00:00,107.587,108.770,107.511,108.665,66748
2020.06.03,00:00,108.666,108.980,108.422,108.898,76721
2020.06.04,00:00,108.895,109.195,108.613,109.138,78719
2020.06.05,00:00,109.120,109.848,109.041,109.587,81858
2020.06.08,00:00,109.590,109.689,108.232,108.423,68434
2020.06.09,00:00,108.433,108.540,107.618,107.748,81407
2020.06.10,00:00,107.749,107.871,106.984,107.115,80488
2020.06.11,00:00,107.108,107.231,106.569,106.860,90224
2020.06.12,00:00,106.856,107.552,106.583,107.348,95104
2020.06.15,00:00,107.325,107.565,106.998,107.334,79150
2020.06.16,00:00,107.332,107.637,107.209,107.315,84003
2020.06.17,00:00,107.313,107.440,106.949,107.002,61788
2020.06.18,00:00,107.001,107.126,106.666,106.975,70809
2020.06.19,00:00,106.973,107.056,106.764,106.870,55561
2020.06.22,00:00,106.768,107.009,106.751,106.903,52546
2020.06.23,00:00,106.905,107.219,106.071,106.515,75059
2020.06.24,00:00,106.514,107.069,106.382,107.039,66759
2020.06.25,00:00,107.039,107.451,106.974,107.190,57443
2020.06.26,00:00,107.189,107.358,106.798,107.219,53828
2020.06.29,00:00,107.100,107.883,107.039,107.572,55471
2020.06.30,00:00,107.569,107.982,107.520,107.922,65415
2020.07.01,00:00,107.922,108.162,107.359,107.463,59537
2020.07.02,00:00,107.462,107.722,107.330,107.498,50091
2020.07.03,00:00,107.499,107.567,107.420,107.488,30102
2020.07.06,00:00,107.451,107.772,107.255,107.342,41437
2020.07.07,00:00,107.352,107.790,107.245,107.514,43806
2020.07.08,00:00,107.540,107.711,107.202,107.252,42061
2020.07.09,00:00,107.250,107.397,107.097,107.195,51739
2020.07.10,00:00,107.196,107.263,106.638,106.914,44439
2020.07.13,00:00,106.885,107.318,106.787,107.289,42079
2020.07.14,00:00,107.287,107.429,107.118,107.230,49024
2020.07.15,00:00,107.230,107.308,106.663,106.929,45110
2020.07.16,00:00,106.932,107.403,106.831,107.262,47853
2020.07.17,00:00,107.241,107.359,106.938,107.018,38597
2020.07.20,00:00,107.091,107.531,107.012,107.240,49539
2020.07.21,00:00,107.228,107.364,106.682,106.795,54358
2020.07.22,00:00,106.789,107.288,106.708,107.148,60244
2020.07.23,00:00,107.147,107.228,106.709,106.855,50662
2020.07.24,00:00,106.853,106.880,105.679,106.126,68464
2020.07.27,00:00,106.018,106.100,105.115,105.367,76271
2020.07.28,00:00,105.366,105.684,104.955,105.084,77317
2020.07.29,00:00,105.089,105.240,104.770,104.913,73572
2020.07.30,00:00,104.915,105.291,104.677,104.722,73325
2020.07.31,00:00,104.703,106.053,104.185,105.928,99458
2020.08.03,00:00,105.765,106.470,105.579,105.946,97491
2020.08.04,00:00,105.946,106.192,105.636,105.711,67842
2020.08.05,00:00,105.710,105.870,105.318,105.593,72849
2020.08.06,00:00,105.592,105.694,105.299,105.546,71953
2020.08.07,00:00,105.542,106.053,105.479,105.912,71823
2020.08.10,00:00,105.859,106.199,105.706,105.957,50494
2020.08.11,00:00,105.954,106.681,105.908,106.485,72802
2020.08.12,00:00,106.485,107.011,106.438,106.906,84434
2020.08.13,00:00,106.906,107.049,106.563,106.921,137141
2020.08.14,00:00,106.923,107.036,106.434,106.570,131981
2020.08.17,00:00,106.634,106.652,105.942,105.999,130838
2020.08.18,00:00,105.996,106.051,105.284,105.400,156921
2020.08.19,00:00,105.399,106.152,105.103,106.101,166602
2020.08.20,00:00,106.097,106.215,105.744,105.796,172653
2020.08.21,00:00,105.775,106.070,105.441,105.817,154892
2020.08.24,00:00,105.763,105.996,105.688,105.970,138650
2020.08.25,00:00,105.970,106.575,105.871,106.381,148287
2020.08.26,00:00,106.371,106.556,105.955,105.981,146189
2020.08.27,00:00,105.988,106.699,105.602,106.558,185779
2020.08.28,00:00,106.562,106.946,105.201,105.344,196978
2020.08.31,00:00,105.350,106.093,105.291,105.897,166620
2020.09.01,00:00,105.899,106.152,105.588,105.949,172724
2020.09.02,00:00,105.949,106.300,105.850,106.178,151311
2020.09.03,00:00,106.179,106.549,106.002,106.182,154902
2020.09.04,00:00,106.183,106.503,106.056,106.234,140143
2020.09.07,00:00,106.248,106.385,106.131,106.240,121643
2020.09.08,00:00,106.234,106.382,105.860,106.022,156818
2020.09.09,00:00,106.022,106.274,105.791,106.172,158021
2020.09.10,00:00,106.174,106.301,105.980,106.126,149781
2020.09.11,00:00,106.128,106.263,106.056,106.145,141768
2020.09.14,00:00,106.095,106.165,105.546,105.722,63598
2020.09.15,00:00,105.722,105.812,105.300,105.438,54260
2020.09.16,00:00,105.435,105.435,104.800,104.944,69260
2020.09.17,00:00,104.944,105.172,104.525,104.737,69140
2020.09.18,00:00,104.736,104.869,104.271,104.563,53678
2020.09.21,00:00,104.516,104.856,103.999,104.640,62279
2020.09.22,00:00,104.637,105.075,104.403,104.922,56014
2020.09.23,00:00,104.925,105.494,104.862,105.383,65188
2020.09.24,00:00,105.386,105.528,105.203,105.412,65066
2020.09.25,00:00,105.411,105.698,105.239,105.548,56487
2020.09.28,00:00,105.481,105.690,105.262,105.478,47981
2020.09.29,00:00,105.478,105.732,105.340,105.647,61556
2020.09.30,00:00,105.646,105.801,105.401,105.444,71961
2020.10.01,00:00,105.473,105.725,105.401,105.518,68572
2020.10.02,00:00,105.515,105.664,104.941,105.329,77179
2020.10.05,00:00,105.266,105.793,105.256,105.746,54999
2020.10.06,00:00,105.749,105.782,105.468,105.629,58268
2020.10.07,00:00,105.624,106.106,105.595,105.974,56590
2020.10.08,00:00,105.964,106.107,105.922,106.021,73378
2020.10.09,00:00,106.021,106.038,105.579,105.626,65824
2020.10.12,00:00,105.749,105.780,105.240,105.339,44035
2020.10.13,00:00,105.339,105.625,105.271,105.470,51645
2020.10.14,00:00,105.471,105.514,105.034,105.165,45556
2020.10.15,00:00,105.163,105.491,105.059,105.421,53520
2020.10.16,00:00,105.421,105.447,105.188,105.398,49814
2020.10.19,00:00,105.375,105.500,105.299,105.435,41776
2020.10.20,00:00,105.427,105.744,105.343,105.494,51272
2020.10.21,00:00,105.494,105.523,104.339,104.587,59040
2020.10.22,00:00,104.591,104.920,104.475,104.859,44516
2020.10.23,00:00,104.854,104.935,104.545,104.713,40928
2020.10.26,00:00,104.667,105.052,104.652,104.834,45775
2020.10.27,00:00,104.837,104.890,104.372,104.466,35629
2020.10.28,00:00,104.466,104.556,104.113,104.303,59036
2020.10.29,00:00,104.304,104.727,104.026,104.590,59243
2020.10.30,00:00,104.588,104.742,104.124,104.667,60580
2020.11.02,00:00,104.537,104.948,104.537,104.721,51538
2020.11.03,00:00,104.723,104.801,104.432,104.452,83273
2020.11.04,00:00,104.452,105.343,104.148,104.521,160587
2020.11.05,00:00,104.525,104.536,103.440,103.459,101048
2020.11.06,00:00,103.459,103.762,103.175,103.367,100330
2020.11.09,00:00,103.322,105.647,103.182,105.357,118635
2020.11.10,00:00,105.363,105.487,104.820,105.279,102044
2020.11.11,00:00,105.274,105.676,105.004,105.426,69893
2020.11.12,00:00,105.425,105.477,105.069,105.128,66636
2020.11.13,00:00,105.125,105.158,104.564,104.612,65685
2020.11.16,00:00,104.709,105.132,104.362,104.571,67740
2020.11.17,00:00,104.571,104.603,104.070,104.203,62894
2020.11.18,00:00,104.202,104.202,103.651,103.826,59712
2020.11.19,00:00,103.826,104.216,103.717,103.735,66926
2020.11.20,00:00,103.736,103.910,103.681,103.833,75997
2020.11.23,00:00,103.793,104.636,103.684,104.496,90331
2020.11.24,00:00,104.495,104.760,104.146,104.446,104120
2020.11.25,00:00,104.438,104.599,104.254,104.459,99144
2020.11.26,00:00,104.460,104.472,104.217,104.256,77763
2020.11.27,00:00,104.265,104.280,103.907,104.094,73976
2020.11.30,00:00,104.052,104.411,103.830,104.314,99179
2020.12.01,00:00,104.305,104.577,104.183,104.313,99857
2020.12.02,00:00,104.311,104.751,104.225,104.410,101459
2020.12.03,00:00,104.413,104.536,103.672,103.833,107492
2020.12.04,00:00,103.831,104.242,103.738,104.188,95108
2020.12.07,00:00,104.128,104.312,103.921,104.049,94370
2020.12.08,00:00,104.050,104.205,103.954,104.160,99322
2020.12.09,00:00,104.160,104.406,104.053,104.223,88917
2020.12.10,00:00,104.224,104.579,104.166,104.246,100111
2020.12.11,00:00,104.245,104.267,103.824,104.033,92041
2020.12.14,00:00,103.935,104.105,103.512,104.032,87694
2020.12.15,00:00,104.046,104.152,103.608,103.674,74456
2020.12.16,00:00,103.673,103.919,103.261,103.462,93301
2020.12.17,00:00,103.467,103.561,102.875,103.091,95456
2020.12.18,00:00,103.082,103.596,103.056,103.313,86999
2020.12.21,00:00,103.511,103.891,103.251,103.317,131837
2020.12.22,00:00,103.320,103.734,103.279,103.638,97381
2020.12.23,00:00,103.633,103.652,103.357,103.544,90349
2020.12.24,00:00,103.530,103.765,103.501,103.672,58469
2020.12.28,00:00,103.555,103.898,103.403,103.777,80609
2020.12.29,00:00,103.787,103.814,103.463,103.568,70679
2020.12.30,00:00,103.575,103.585,102.961,103.181,87333
2020.12.31,00:00,103.182,103.313,102.995,103.253,69892
2021.01.04,00:00,103.193,103.316,102.712,103.125,104018
2021.01.05,00:00,103.099,103.191,102.605,102.707,102313
2021.01.06,00:00,102.694,103.444,102.591,103.035,134458
2021.01.07,00:00,103.031,103.956,102.950,103.794,114834
2021.01.08,00:00,103.795,104.093,103.603,103.967,128182
2021.01.11,00:00,103.882,104.399,103.859,104.254,90951
2021.01.12,00:00,104.260,104.332,103.720,103.752,90853
2021.01.13,00:00,103.751,103.995,103.526,103.877,90031
2021.01.14,00:00,103.879,104.198,103.563,103.798,96424
2021.01.15,00:00,103.798,103.913,103.615,103.869,82008
2021.01.18,00:00,103.827,103.930,103.638,103.687,78739
2021.01.19,00:00,103.686,104.085,103.651,103.898,79907
2021.01.20,00:00,103.899,103.927,103.446,103.537,74786
2021.01.21,00:00,103.529,103.668,103.328,103.495,84449
2021.01.22,00:00,103.505,103.886,103.476,103.769,68890
2021.01.25,00:00,103.777,103.937,103.673,103.744,54087
2021.01.26,00:00,103.732,103.828,103.555,103.611,55065
2021.01.27,00:00,103.612,104.200,103.587,104.091,64015
2021.01.28,00:00,104.083,104.462,104.048,104.228,66542
2021.01.29,00:00,104.228,104.940,104.194,104.723,73277
2021.02.01,00:00,104.757,105.034,104.608,104.925,51467
2021.02.02,00:00,104.927,105.174,104.828,104.968,55412
2021.02.03,00:00,104.969,105.106,104.921,105.028,45842
2021.02.04,00:00,105.024,105.564,104.973,105.519,49080
2021.02.05,00:00,105.513,105.768,105.334,105.382,70950
2021.02.08,00:00,105.314,105.671,105.150,105.207,61091
2021.02.09,00:00,105.206,105.264,104.499,104.562,73444
2021.02.10,00:00,104.593,104.844,104.408,104.587,54064
2021.02.11,00:00,104.587,104.804,104.550,104.718,44179
2021.02.12,00:00,104.742,105.181,104.708,104.924,58593
2021.02.15,00:00,104.930,105.416,104.917,105.367,55723
2021.02.16,00:00,105.366,106.075,105.179,106.037,76154
2021.02.17,00:00,106.033,106.223,105.777,105.863,85345
2021.02.18,00:00,105.861,105.924,105.600,105.701,67767
2021.02.19,00:00,105.702,105.743,105.238,105.421,70653
2021.02.22,00:00,105.388,105.843,104.982,105.070,80834
2021.02.23,00:00,105.069,105.429,104.922,105.248,73802
2021.02.24,00:00,105.219,106.104,105.188,105.872,94247
2021.02.25,00:00,105.868,106.404,105.827,106.198,127157
2021.02.26,00:00,106.198,106.694,105.848,106.552,144780
2021.03.01,00:00,106.516,106.889,106.365,106.756,87166
2021.03.02,00:00,106.760,106.957,106.677,106.683,72221
2021.03.03,00:00,106.686,107.152,106.669,107.002,66160
2021.03.04,00:00,107.002,107.986,106.958,107.971,77829
2021.03.05,00:00,107.971,108.645,107.819,108.379,93523
2021.03.08,00:00,108.349,108.942,108.295,108.865,95629
2021.03.09,00:00,108.866,109.235,108.414,108.476,110339
2021.03.10,00:00,108.472,108.920,108.336,108.371,102255
2021.03.11,00:00,108.368,108.812,108.354,108.498,104170
2021.03.12,00:00,108.498,109.164,108.485,109.028,101188
2021.03.15,00:00,109.015,109.364,108.913,109.134,86609
2021.03.16,00:00,109.136,109.287,108.771,108.994,81023
2021.03.17,00:00,108.992,109.325,108.742,108.847,80998
2021.03.18,00:00,108.844,109.302,108.624,108.929,107371
2021.03.19,00:00,108.929,109.129,108.608,108.879,90509
2021.03.22,00:00,108.769,108.956,108.617,108.831,69666
2021.03.23,00:00,108.832,108.873,108.406,108.614,74465
2021.03.24,00:00,108.616,108.955,108.451,108.725,77783
2021.03.25,00:00,108.722,109.236,108.712,109.165,72635
2021.03.26,00:00,109.163,109.847,109.132,109.676,69043
2021.03.29,00:00,109.696,109.845,109.373,109.802,73261
2021.03.30,00:00,109.793,110.427,109.713,110.350,73152
2021.03.31,00:00,110.356,110.965,110.273,110.707,85144
2021.04.01,00:00,110.709,110.847,110.545,110.603,66941
2021.04.02,00:00,110.600,110.747,110.372,110.637,57010
2021.04.05,00:00,110.628,110.749,109.962,110.172,60035
2021.04.06,00:00,110.171,110.552,109.667,109.742,80499
2021.04.07,00:00,109.739,109.942,109.578,109.848,86533
2021.04.08,00:00,109.845,109.904,108.999,109.269,75377
2021.04.09,00:00,109.267,109.959,109.208,109.658,74922
2021.04.12,00:00,109.718,109.770,109.245,109.377,69897
2021.04.13,00:00,109.383,109.752,109.018,109.058,88266
2021.04.14,00:00,109.058,109.095,108.751,108.915,62643
2021.04.15,00:00,108.911,108.979,108.611,108.761,52653
2021.04.16,00:00,108.761,108.964,108.610,108.793,47327
2021.04.19,00:00,108.781,108.833,108.008,108.156,61662
2021.04.20,00:00,108.137,108.546,107.970,108.100,57281
2021.04.21,00:00,108.098,108.280,107.875,108.065,48280
2021.04.22,00:00,108.073,108.232,107.814,107.961,52757
2021.04.23,00:00,107.961,108.145,107.477,107.875,51802
2021.04.26,00:00,107.935,108.196,107.643,108.088,50061
2021.04.27,00:00,108.089,108.777,108.066,108.701,46579
2021.04.28,00:00,108.670,109.077,108.571,108.587,64755
2021.04.29,00:00,108.588,109.223,108.436,108.925,52648
2021.04.30,00:00,108.924,109.342,108.711,109.329,58256
2021.05.03,00:00,109.276,109.696,108.894,109.073,48361
2021.05.04,00:00,109.070,109.487,109.027,109.315,63672
2021.05.05,00:00,109.322,109.479,109.143,109.192,48580
2021.05.06,00:00,109.193,109.428,109.001,109.088,70008
2021.05.07,00:00,109.089,109.287,108.338,108.604,71345
2021.05.10,00:00,108.576,109.056,108.466,108.809,62511
2021.05.11,00:00,108.812,108.982,108.348,108.614,71846
2021.05.12,00:00,108.608,109.706,108.579,109.663,77256
2021.05.13,00:00,109.663,109.786,109.405,109.452,74357
2021.05.14,00:00,109.441,109.656,109.187,109.363,62671
2021.05.17,00:00,109.282,109.500,109.074,109.214,56373
2021.05.18,00:00,109.215,109.283,108.834,108.887,61684
2021.05.19,00:00,108.894,109.337,108.571,109.223,84713
2021.05.20,00:00,109.220,109.308,108.748,108.767,72722
2021.05.21,00:00,108.772,109.003,108.610,108.945,62744
2021.05.24,00:00,108.918,108.996,108.696,108.741,72206
2021.05.25,00:00,108.743,109.069,108.558,108.768,84675
2021.05.26,00:00,108.767,109.178,108.722,109.138,73491
2021.05.27,00:00,109.137,109.923,109.037,109.807,82053
2021.05.28,00:00,109.816,110.200,109.744,109.872,78155
2021.05.31,00:00,109.828,109.933,109.352,109.575,53670
2021.06.01,00:00,109.578,109.707,109.329,109.471,71491
2021.06.02,00:00,109.474,109.885,109.402,109.558,68565
2021.06.03,00:00,109.563,110.321,109.526,110.286,73143
2021.06.04,00:00,110.291,110.329,109.363,109.524,68813
2021.06.07,00:00,109.531,109.637,109.189,109.243,65346
2021.06.08,00:00,109.245,109.557,109.199,109.491,74044
2021.06.09,00:00,109.490,109.657,109.225,109.631,69281
2021.06.10,00:00,109.628,109.797,109.306,109.324,95375
2021.06.11,00:00,109.323,109.840,109.313,109.682,88293
2021.06.14,00:00,109.630,110.098,109.610,110.071,77939
2021.06.15,00:00,110.070,110.168,109.987,110.056,76356
2021.06.16,00:00,110.055,110.721,109.804,110.706,95463
2021.06.17,00:00,110.707,110.823,110.166,110.221,119755
2021.06.18,00:00,110.220,110.484,109.939,110.211,129899
2021.06.21,00:00,110.239,110.353,109.716,110.314,124106
2021.06.22,00:00,110.313,110.793,110.211,110.658,86074
2021.06.23,00:00,110.658,111.103,110.608,110.949,92328
2021.06.24,00:00,110.948,111.115,110.688,110.873,100621
2021.06.25,00:00,110.872,110.984,110.480,110.778,90287
2021.06.28,00:00,110.784,110.976,110.496,110.614,91415
2021.06.29,00:00,110.617,110.759,110.430,110.538,97486
2021.06.30,00:00,110.528,111.121,110.418,111.100,106034
2021.07.01,00:00,111.101,111.638,111.027,111.521,96623
2021.07.02,00:00,111.519,111.659,110.951,111.020,101048
2021.07.05,00:00,110.977,111.190,110.796,110.962,89718
2021.07.06,00:00,110.950,110.965,110.521,110.610,109139
2021.07.07,00:00,110.609,110.815,110.394,110.608,117650
2021.07.08,00:00,110.605,110.674,109.532,109.752,131988
2021.07.09,00:00,109.748,110.258,109.705,110.102,117566
2021.07.12,00:00,110.089,110.401,109.976,110.349,80860
2021.07.13,00:00,110.348,110.647,110.198,110.628,91580
2021.07.14,00:00,110.617,110.698,109.934,109.950,90882
2021.07.15,00:00,109.937,110.089,109.714,109.831,97022
2021.07.16,00:00,109.806,110.340,109.732,110.081,91515
2021.07.19,00:00,110.030,110.096,109.065,109.447,107984
2021.07.20,00:00,109.443,109.956,109.327,109.843,104626
2021.07.21,00:00,109.837,110.386,109.800,110.286,86766
2021.07.22,00:00,110.279,110.359,110.013,110.149,80907
2021.07.23,00:00,110.148,110.593,110.087,110.547,67176
2021.07.26,00:00,110.492,110.584,110.116,110.381,75627
2021.07.27,00:00,110.366,110.392,109.582,109.774,94209
2021.07.28,00:00,109.745,110.286,109.711,109.909,92291
2021.07.29,00:00,109.908,109.946,109.421,109.470,82636
2021.07.30,00:00,109.451,109.827,109.360,109.656,72143
2021.08.02,00:00,109.699,109.769,109.186,109.303,66555
2021.08.03,00:00,109.294,109.339,108.877,109.042,72647
2021.08.04,00:00,109.020,109.676,108.721,109.473,77313
2021.08.05,00:00,109.469,109.788,109.403,109.761,77621
2021.08.06,00:00,109.753,110.355,109.697,110.217,73389
2021.08.09,00:00,110.221,110.354,110.025,110.267,64617
2021.08.10,00:00,110.251,110.598,110.244,110.560,63021
2021.08.11,00:00,110.551,110.800,110.308,110.428,73053
2021.08.12,00:00,110.401,110.546,110.316,110.386,59329
2021.08.13,00:00,110.365,110.456,109.545,109.592,61047
2021.08.16,00:00,109.636,109.750,109.114,109.243,70584
2021.08.17,00:00,109.265,109.656,109.118,109.595,74791
2021.08.18,00:00,109.564,110.066,109.478,109.763,79029
2021.08.19,00:00,109.762,110.228,109.482,109.745,96528
2021.08.20,00:00,109.730,109.885,109.569,109.799,70246
2021.08.23,00:00,109.745,110.147,109.652,109.695,74092
2021.08.24,00:00,109.689,109.881,109.413,109.664,68113
2021.08.25,00:00,109.643,110.124,109.613,110.023,74336
2021.08.26,00:00,109.999,110.229,109.926,110.081,87582
2021.08.27,00:00,110.083,110.267,109.779,109.850,82513
2021.08.30,00:00,109.852,109.962,109.703,109.916,52761
2021.08.31,00:00,109.907,110.079,109.586,110.007,88539
2021.09.01,00:00,109.991,110.418,109.880,110.027,88720
2021.09.02,00:00,110.008,110.120,109.916,109.937,66873
2021.09.03,00:00,109.927,110.073,109.591,109.712,84948
2021.09.06,00:00,109.713,109.948,109.669,109.845,47121
2021.09.07,00:00,109.818,110.317,109.685,110.281,84846
2021.09.08,00:00,110.267,110.447,110.141,110.257,91272
2021.09.09,00:00,110.225,110.272,109.620,109.722,97728
2021.09.10,00:00,109.718,109.990,109.692,109.904,81094
2021.09.13,00:00,109.876,110.159,109.824,110.004,68708
2021.09.14,00:00,109.988,110.161,109.526,109.684,90699
2021.09.15,00:00,109.682,109.742,109.113,109.368,93413
2021.09.16,00:00,109.367,109.829,109.214,109.728,84949
2021.09.17,00:00,109.722,110.082,109.666,109.969,82476
2021.09.20,00:00,109.931,110.036,109.322,109.400,92712
2021.09.21,00:00,109.378,109.707,109.182,109.213,101571
2021.09.22,00:00,109.206,109.900,109.119,109.783,122560
2021.09.23,00:00,109.766,110.348,109.716,110.322,94426
2021.09.24,00:00,110.320,110.793,110.252,110.735,86269
2021.09.27,00:00,110.705,111.065,110.534,110.997,88856
2021.09.28,00:00,110.981,111.639,110.934,111.496,106309
2021.09.29,00:00,111.494,112.048,111.207,111.965,106734
2021.09.30,00:00,111.958,112.081,111.237,111.293,108504
2021.10.01,00:00,111.251,111.488,110.905,111.066,115274
2021.10.04,00:00,110.912,111.303,110.821,110.921,106411
2021.10.05,00:00,110.912,111.563,110.869,111.463,96372
2021.10.06,00:00,111.456,111.788,111.202,111.405,110354
2021.10.07,00:00,111.382,111.650,111.230,111.621,86326
2021.10.08,00:00,111.606,112.249,111.509,112.225,98958
2021.10.11,00:00,112.160,113.413,112.152,113.311,81135
2021.10.12,00:00,113.287,113.787,113.001,113.602,107217
2021.10.13,00:00,113.600,113.803,113.227,113.244,102686
2021.10.14,00:00,113.243,113.718,113.209,113.672,88242
2021.10.15,00:00,113.668,114.466,113.642,114.249,111911
2021.10.18,00:00,114.185,114.451,114.014,114.317,113398
2021.10.19,00:00,114.313,114.394,113.878,114.367,93674
2021.10.20,00:00,114.351,114.698,114.080,114.288,90896
2021.10.21,00:00,114.287,114.413,113.651,113.996,82443
2021.10.22,00:00,113.995,114.207,113.411,113.487,86377
2021.10.25,00:00,113.543,113.924,113.458,113.708,75607
2021.10.26,00:00,113.695,114.311,113.679,114.147,59818
2021.10.27,00:00,114.126,114.221,113.388,113.823,89676
2021.10.28,00:00,113.790,113.867,113.255,113.570,96039
2021.10.29,00:00,113.551,114.096,113.390,113.961,91408
2021.11.01,00:00,114.104,114.444,113.939,114.006,61439
2021.11.02,00:00,113.991,114.134,113.463,113.950,75147
2021.11.03,00:00,113.943,114.218,113.720,113.990,100953
2021.11.04,00:00,113.975,114.279,113.506,113.752,111461
2021.11.05,00:00,113.746,114.029,113.299,113.387,121912
2021.11.08,00:00,113.353,113.666,113.079,113.217,93568
2021.11.09,00:00,113.209,113.288,112.725,112.868,121265
2021.11.10,00:00,112.855,114.015,112.772,113.900,123782
2021.11.11,00:00,113.896,114.154,113.805,114.052,83778
2021.11.12,00:00,114.053,114.300,113.759,113.919,96121
2021.11.15,00:00,113.948,114.216,113.751,114.116,96220
2021.11.16,00:00,114.101,114.846,114.084,114.814,104167
2021.11.17,00:00,114.807,114.967,113.932,114.090,111478
2021.11.18,00:00,114.070,114.487,113.875,114.251,107675
2021.11.19,00:00,114.233,114.538,113.586,114.017,144003
2021.11.22,00:00,113.921,114.960,113.910,114.869,116666
2021.11.23,00:00,114.865,115.192,114.480,115.139,142696
2021.11.24,00:00,115.111,115.521,114.823,115.423,137328
2021.11.25,00:00,115.401,115.454,115.241,115.360,87505
2021.11.26,00:00,115.317,115.366,113.050,113.351,219608
2021.11.29,00:00,113.536,113.955,112.991,113.524,159235
2021.11.30,00:00,113.510,113.888,112.530,113.160,197300
2021.12.01,00:00,113.140,113.630,112.670,112.772,148522
2021.12.02,00:00,112.751,113.328,112.634,113.191,144765
2021.12.03,00:00,113.180,113.611,112.555,112.831,136063
2021.12.06,00:00,112.847,113.555,112.841,113.474,101994
2021.12.07,00:00,113.467,113.781,113.396,113.571,86366
2021.12.08,00:00,113.562,113.955,113.311,113.698,112802
2021.12.09,00:00,113.668,113.810,113.271,113.477,89487
2021.12.10,00:00,113.446,113.789,113.220,113.383,92541
2021.12.13,00:00,113.342,113.729,113.320,113.580,75431
2021.12.14,00:00,113.557,113.756,113.426,113.734,82061
2021.12.15,00:00,113.722,114.266,113.627,114.045,89131
2021.12.16,00:00,114.027,114.245,113.562,113.696,100683
2021.12.17,00:00,113.694,113.854,113.139,113.702,105164
2021.12.20,00:00,113.581,113.728,113.327,113.629,102333
2021.12.21,00:00,113.615,114.220,113.553,114.083,70428
2021.12.22,00:00,114.071,114.369,113.945,114.095,64750
2021.12.23,00:00,114.084,114.467,114.060,114.399,57323
2021.12.24,00:00,114.388,114.511,114.296,114.346,58814
2021.12.27,00:00,114.348,114.913,114.306,114.873,47746
2021.12.28,00:00,114.856,114.948,114.705,114.815,54807
2021.12.29,00:00,114.800,115.038,114.664,114.960,62825
2021.12.30,00:00,114.948,115.206,114.916,115.052,64156
2021.12.31,00:00,115.036,115.199,115.000,115.053,46945
2022.01.03,00:00,115.083,115.368,114.946,115.328,59632
2022.01.04,00:00,115.308,116.350,115.282,116.140,78581
2022.01.05,00:00,116.126,116.253,115.619,116.114,78701
2022.01.06,00:00,116.078,116.181,115.623,115.839,86715
2022.01.07,00:00,115.838,116.048,115.535,115.551,60541
2022.01.10,00:00,115.613,115.850,115.041,115.203,58585
2022.01.11,00:00,115.185,115.681,115.122,115.289,59843
2022.01.12,00:00,115.274,115.468,114.377,114.630,62951
2022.01.13,00:00,114.616,114.703,113.997,114.170,54636
2022.01.14,00:00,114.160,114.262,113.481,114.198,72758
2022.01.17,00:00,114.146,114.649,114.118,114.617,35854
2022.01.18,00:00,114.598,115.058,114.449,114.599,80045
2022.01.19,00:00,114.589,114.790,114.206,114.323,72458
2022.01.20,00:00,114.321,114.548,113.962,114.099,80150
2022.01.21,00:00,114.077,114.149,113.603,113.692,86160
2022.01.24,00:00,113.660,113.999,113.468,113.954,100845
2022.01.25,00:00,113.937,114.157,113.667,113.863,102630
2022.01.26,00:00,113.850,114.694,113.778,114.650,96047
2022.01.27,00:00,114.627,115.490,114.473,115.357,135994
2022.01.28,00:00,115.358,115.687,115.121,115.234,117789
2022.01.31,00:00,115.276,115.593,114.924,115.118,94838
2022.02.01,00:00,115.098,115.192,114.567,114.680,94340
2022.02.02,00:00,114.654,114.805,114.153,114.455,74865
2022.02.03,00:00,114.439,114.985,114.325,114.966,101082
2022.02.04,00:00,114.951,115.431,114.774,115.182,100608
2022.02.07,00:00,115.267,115.379,114.913,115.091,89615
2022.02.08,00:00,115.095,115.628,115.047,115.534,84022
2022.02.09,00:00,115.516,115.676,115.318,115.529,80414
2022.02.10,00:00,115.508,116.342,115.481,115.996,119538
2022.02.11,00:00,115.971,116.176,115.012,115.432,123976
2022.02.14,00:00,115.363,115.746,115.009,115.540,144742
2022.02.15,00:00,115.512,115.874,115.257,115.602,115436
2022.02.16,00:00,115.581,115.789,115.352,115.476,102908
2022.02.17,00:00,115.453,115.537,114.844,114.927,139100
2022.02.18,00:00,114.926,115.296,114.787,115.036,108477
2022.02.21,00:00,115.031,115.128,114.713,114.734,82485
2022.02.22,00:00,114.720,115.242,114.496,115.076,149091
2022.02.23,00:00,115.054,115.201,114.925,115.003,81970
2022.02.24,00:00,114.977,115.697,114.407,115.530,234017
2022.02.25,00:00,115.492,115.760,115.149,115.526,145602
2022.02.28,00:00,115.478,115.745,114.858,114.983,153341
2022.03.01,00:00,114.956,115.289,114.699,114.904,126445
2022.03.02,00:00,114.903,115.686,114.789,115.511,136160
2022.03.03,00:00,115.499,115.807,115.383,115.455,113481
2022.03.04,00:00,115.447,115.557,114.649,114.854,154049
2022.03.07,00:00,114.939,115.474,114.813,115.310,157685
2022.03.08,00:00,115.311,115.791,115.237,115.661,143017
2022.03.09,00:00,115.642,115.942,115.555,115.845,108106
2022.03.10,00:00,115.815,116.195,115.807,116.130,106453
2022.03.11,00:00,116.128,117.357,116.077,117.293,103650
2022.03.14,00:00,117.359,118.218,117.308,118.184,93993
2022.03.15,00:00,118.178,118.451,117.696,118.295,106920
2022.03.16,00:00,118.292,119.123,118.174,118.766,115371
2022.03.17,00:00,118.760,119.027,118.366,118.608,98685
2022.03.18,00:00,118.601,119.397,118.468,119.154,81504
2022.03.21,00:00,119.146,119.499,119.101,119.461,56716
2022.03.22,00:00,119.457,121.027,119.432,120.826,119187
2022.03.23,00:00,120.818,121.412,120.592,121.120,110338
2022.03.24,00:00,121.121,122.408,120.950,122.369,109851
2022.03.25,00:00,122.352,122.437,121.178,122.089,137647
2022.03.28,00:00,122.035,125.100,122.006,123.874,213057
2022.03.29,00:00,123.888,124.302,121.975,122.868,223063
2022.03.30,00:00,122.848,123.205,121.309,121.836,202538
2022.03.31,00:00,121.830,122.450,121.281,121.695,195138
2022.04.01,00:00,121.654,123.035,121.652,122.559,138180
2022.04.04,00:00,122.625,122.959,122.261,122.786,108818
2022.04.05,00:00,122.777,123.668,122.369,123.599,111174
2022.04.06,00:00,123.579,124.050,123.451,123.786,139387
2022.04.07,00:00,123.778,124.002,123.467,123.953,111973
2022.04.08,00:00,123.934,124.676,123.660,124.281,104412
2022.04.11,00:00,124.049,125.772,124.049,125.362,141537
2022.04.12,00:00,125.344,125.758,124.763,125.368,150066
2022.04.13,00:00,125.348,126.321,125.320,125.632,145509
2022.04.14,00:00,125.613,126.014,125.081,125.868,141904
2022.04.15,00:00,125.854,126.685,125.844,126.356,134649
2022.04.18,00:00,126.406,127.001,126.231,126.984,112968
2022.04.19,00:00,126.983,128.974,126.961,128.901,169419
2022.04.20,00:00,128.871,129.400,127.458,127.882,198691
2022.04.21,00:00,127.827,128.705,127.802,128.380,167176
2022.04.22,00:00,128.381,129.111,127.737,128.536,182737
2022.04.25,00:00,128.511,128.866,127.521,128.127,201019
2022.04.26,00:00,128.124,128.220,127.023,127.217,215259
2022.04.27,00:00,127.202,128.590,126.927,128.420,208715
2022.04.28,00:00,128.402,131.253,128.340,130.795,252915
2022.04.29,00:00,130.831,130.944,129.315,129.863,221156
2022.05.02,00:00,129.763,130.478,129.611,130.159,182476
2022.05.03,00:00,130.149,130.291,129.696,130.131,136147
2022.05.04,00:00,130.125,130.391,128.619,129.081,136960
2022.05.05,00:00,129.046,130.559,128.753,130.184,176520
2022.05.06,00:00,130.166,130.808,130.093,130.553,176181
2022.05.09,00:00,130.509,131.349,130.111,130.319,167557
2022.05.10,00:00,130.285,130.570,129.794,130.439,174524
2022.05.11,00:00,130.416,130.813,129.443,129.967,184200
2022.05.12,00:00,129.893,130.049,127.519,128.303,220587
2022.05.13,00:00,128.230,129.454,128.227,129.257,169172
2022.05.16,00:00,129.269,129.636,128.697,129.129,133788
2022.05.17,00:00,129.103,129.781,128.824,129.368,136320
2022.05.18,00:00,129.351,129.537,128.006,128.221,128707
2022.05.19,00:00,128.224,128.943,127.025,127.788,176368
2022.05.20,00:00,127.786,128.299,127.524,127.925,152445
2022.05.23,00:00,127.906,128.060,127.149,127.891,123411
2022.05.24,00:00,127.890,128.089,126.361,126.833,147128
2022.05.25,00:00,126.837,127.497,126.651,127.291,138363
2022.05.26,00:00,127.309,127.583,126.552,127.097,126321
2022.05.27,00:00,127.093,127.253,126.676,127.112,106981
2022.05.30,00:00,127.049,127.825,126.858,127.554,98419
2022.05.31,00:00,127.572,128.891,127.530,128.648,148089
2022.06.01,00:00,128.646,130.187,128.646,130.112,134779
2022.06.02,00:00,130.111,130.242,129.513,129.836,120084
2022.06.03,00:00,129.833,130.982,129.682,130.812,116524
2022.06.06,00:00,130.888,132.009,130.431,131.872,93788
2022.06.07,00:00,131.870,133.003,131.861,132.586,144853
2022.06.08,00:00,132.581,134.475,132.572,134.246,155192
2022.06.09,00:00,134.245,134.558,133.186,134.356,172778
2022.06.10,00:00,134.342,134.482,133.366,134.355,168249
2022.06.13,00:00,134.357,135.201,133.595,134.412,195866
2022.06.14,00:00,134.408,135.470,133.868,135.466,210762
2022.06.15,00:00,135.467,135.595,133.505,133.828,217726
2022.06.16,00:00,133.830,134.678,131.493,132.201,273379
2022.06.17,00:00,132.206,135.425,132.166,134.945,279272
2022.06.20,00:00,134.947,135.443,134.533,135.082,151950
2022.06.21,00:00,135.037,136.706,134.923,136.646,184337
2022.06.22,00:00,136.618,136.713,135.684,136.257,191934
2022.06.23,00:00,136.250,136.283,134.263,134.940,235172
2022.06.24,00:00,134.939,135.396,134.354,135.190,195254
2022.06.27,00:00,135.119,135.551,134.523,135.465,192394
2022.06.28,00:00,135.469,136.384,135.107,136.130,196969
2022.06.29,00:00,136.124,137.002,135.765,136.590,221676
2022.06.30,00:00,136.584,136.811,135.550,135.727,210453
2022.07.01,00:00,135.726,135.987,134.743,135.257,209763
2022.07.04,00:00,135.293,135.775,134.782,135.667,158592
2022.07.05,00:00,135.610,136.362,135.518,135.872,200962
2022.07.06,00:00,135.877,136.005,134.953,135.946,234953
2022.07.07,00:00,135.947,136.223,135.549,135.995,180573
2022.07.08,00:00,136.000,136.566,135.326,136.107,211497
2022.07.11,00:00,136.069,137.751,136.027,137.436,190236
2022.07.12,00:00,137.439,137.533,136.474,136.864,199409
2022.07.13,00:00,136.869,137.867,136.691,137.396,212645
2022.07.14,00:00,137.347,139.388,137.284,138.958,236602
2022.07.15,00:00,138.953,139.127,138.389,138.536,172184
2022.07.18,00:00,138.582,138.594,137.892,138.132,152610
2022.07.19,00:00,138.129,138.393,137.381,138.182,173020
2022.07.20,00:00,138.181,138.372,137.901,138.278,162628
2022.07.21,00:00,138.269,138.879,137.292,137.366,221456
2022.07.22,00:00,137.348,137.957,135.568,136.070,200392
2022.07.25,00:00,136.121,136.790,135.888,136.668,157678
2022.07.26,00:00,136.653,136.968,136.271,136.938,146591
2022.07.27,00:00,136.950,137.457,136.322,136.581,171387
2022.07.28,00:00,136.584,136.604,134.199,134.258,184017
2022.07.29,00:00,134.256,134.675,132.505,133.225,199129
2022.08.01,00:00,133.286,133.561,131.600,131.602,180153
2022.08.02,00:00,131.605,133.174,130.396,133.164,213916
2022.08.03,00:00,133.161,134.550,132.287,133.850,228261
2022.08.04,00:00,133.851,134.423,132.760,132.905,189796
2022.08.05,00:00,132.863,135.505,132.517,134.988,172177
2022.08.08,00:00,135.017,135.579,134.355,135.007,207983
2022.08.09,00:00,134.988,135.201,134.666,135.114,192200
2022.08.10,00:00,135.073,135.305,132.029,132.894,227880
2022.08.11,00:00,132.891,133.314,131.733,133.009,226283
2022.08.12,00:00,132.993,133.893,132.880,133.490,217250
2022.08.15,00:00,133.434,133.594,132.555,133.304,205246
2022.08.16,00:00,133.301,134.685,132.951,134.223,201637
2022.08.17,00:00,134.221,135.501,133.906,135.056,212995
2022.08.18,00:00,135.074,135.903,134.649,135.887,193967
2022.08.19,00:00,135.884,137.230,135.711,136.878,179537
2022.08.22,00:00,136.868,137.652,136.699,137.485,190488
2022.08.23,00:00,137.487,137.709,135.812,136.760,222217
2022.08.24,00:00,136.762,137.243,136.174,137.123,205471
2022.08.25,00:00,137.127,137.202,136.319,136.475,177551
2022.08.26,00:00,136.487,137.531,136.186,137.508,178144
2022.08.29,00:00,137.648,139.003,137.577,138.766,182212
2022.08.30,00:00,138.753,139.078,138.052,138.778,191783
2022.08.31,00:00,138.784,139.007,138.273,138.955,171039
2022.09.01,00:00,138.937,140.231,138.844,140.194,182222
2022.09.02,00:00,140.198,140.802,139.872,140.223,167046
2022.09.05,00:00,140.152,140.663,140.119,140.575,156200
2022.09.06,00:00,140.565,143.074,140.250,142.788,193441
2022.09.07,00:00,142.765,144.992,142.666,143.743,240737
2022.09.08,00:00,143.751,144.559,143.318,144.103,205879
2022.09.09,00:00,144.109,144.120,141.502,142.631,243240
2022.09.12,00:00,142.126,143.495,142.119,142.815,182678
2022.09.13,00:00,142.829,144.687,141.614,144.577,237927
2022.09.14,00:00,144.604,144.957,142.550,143.131,250596
2022.09.15,00:00,143.135,143.801,142.795,143.524,171330
2022.09.16,00:00,143.476,143.693,142.826,142.957,157274
2022.09.19,00:00,142.909,143.644,142.640,143.199,141899
2022.09.20,00:00,143.193,143.923,142.932,143.718,144391
2022.09.21,00:00,143.710,144.692,143.343,144.091,224471
2022.09.22,00:00,144.037,145.903,140.349,142.407,245901
2022.09.23,00:00,142.362,143.458,141.762,143.333,214521
2022.09.26,00:00,143.645,144.788,143.229,144.761,244531
2022.09.27,00:00,144.714,144.905,144.058,144.809,188589
2022.09.28,00:00,144.789,144.869,143.904,144.123,195786
2022.09.29,00:00,144.096,144.814,144.034,144.421,212838
2022.09.30,00:00,144.428,144.810,144.204,144.794,191263
2022.10.03,00:00,144.766,145.317,144.155,144.536,175852
2022.10.04,00:00,144.522,144.933,143.891,144.096,170689
2022.10.05,00:00,144.078,144.848,143.526,144.676,180470
2022.10.06,00:00,144.614,145.140,144.383,145.136,187897
2022.10.07,00:00,145.116,145.442,144.719,145.385,160449
2022.10.10,00:00,145.245,145.805,145.235,145.715,203098
2022.10.11,00:00,145.712,145.898,145.424,145.849,213405
2022.10.12,00:00,145.852,146.973,145.699,146.897,241309
2022.10.13,00:00,146.890,147.668,146.433,147.187,232264
2022.10.14,00:00,146.980,148.863,146.969,148.744,168838
2022.10.17,00:00,148.593,149.090,148.409,149.031,191570
2022.10.18,00:00,149.012,149.392,148.129,149.240,190221
2022.10.19,00:00,149.249,149.908,149.101,149.900,168554
2022.10.20,00:00,149.873,150.287,149.554,150.126,177655
2022.10.21,00:00,150.133,151.945,146.194,147.659,250681
2022.10.24,00:00,147.666,149.706,145.503,148.942,224541
2022.10.25,00:00,148.848,149.095,147.512,147.897,173057
2022.10.26,00:00,147.914,148.414,146.223,146.386,222381
2022.10.27,00:00,146.306,146.936,145.105,146.286,160998
2022.10.28,00:00,146.256,147.861,145.984,147.477,145848
2022.10.31,00:00,147.610,148.851,147.544,148.757,163813
2022.11.01,00:00,148.757,148.826,146.988,148.227,196156
2022.11.02,00:00,148.219,148.359,145.672,147.790,215810
2022.11.03,00:00,147.770,148.452,147.109,148.200,196261
2022.11.04,00:00,148.177,148.407,146.552,146.657,193494
2022.11.07,00:00,147.010,147.570,146.083,146.555,175152
2022.11.08,00:00,146.595,146.937,145.310,145.655,169932
2022.11.09,00:00,145.667,146.793,145.165,146.402,138470
2022.11.10,00:00,146.396,146.590,140.199,140.949,123709
2022.11.11,00:00,140.952,142.480,138.463,138.767,170412
2022.11.14,00:00,139.083,140.801,138.797,139.896,215508
2022.11.15,00:00,139.868,140.627,137.685,139.274,220411
2022.11.16,00:00,139.243,140.292,138.723,139.520,220584
2022.11.17,00:00,139.494,140.742,138.879,140.194,192406
2022.11.18,00:00,140.162,140.500,139.634,140.378,196760
2022.11.21,00:00,140.256,142.254,140.156,142.142,178463
2022.11.22,00:00,142.117,142.242,141.083,141.212,174041
2022.11.23,00:00,141.232,141.611,139.166,139.593,168372
2022.11.24,00:00,139.610,139.610,138.048,138.609,165711
2022.11.25,00:00,138.457,139.598,138.340,139.170,149537
2022.11.28,00:00,139.262,139.427,137.500,138.937,191849
2022.11.29,00:00,138.873,139.357,137.868,138.696,170973
2022.11.30,00:00,138.664,139.893,137.652,138.036,117377
2022.12.01,00:00,137.980,138.103,135.211,135.292,132449
2022.12.02,00:00,135.251,135.979,133.626,134.314,106362
2022.12.05,00:00,134.567,136.860,134.128,136.777,111998
2022.12.06,00:00,136.561,137.427,135.962,137.056,117808
2022.12.07,00:00,136.787,137.855,136.216,136.605,114884
2022.12.08,00:00,136.596,137.246,136.239,136.696,92835
2022.12.09,00:00,136.623,136.909,135.605,136.575,96279
2022.12.12,00:00,136.442,137.851,136.442,137.635,91361
2022.12.13,00:00,137.644,137.968,134.652,135.590,108683
2022.12.14,00:00,135.443,135.987,134.511,135.471,106834
2022.12.15,00:00,135.432,138.173,135.230,137.755,111164
2022.12.16,00:00,137.872,137.872,136.292,136.718,104400
2022.12.19,00:00,135.816,137.162,135.749,136.906,113110
2022.12.20,00:00,136.894,137.472,130.567,131.706,163262
2022.12.21,00:00,131.541,132.528,131.400,132.429,112599
2022.12.22,00:00,132.411,132.718,131.640,132.330,86567
2022.12.23,00:00,132.471,133.136,132.146,132.789,89429
2022.12.26,00:00,132.663,133.225,132.473,132.890,5947
2022.12.27,00:00,132.867,133.596,132.632,133.475,56257
2022.12.28,00:00,133.452,134.500,133.210,134.476,77418
2022.12.29,00:00,134.428,134.428,132.879,133.019,83860
2022.12.30,00:00,132.995,133.095,130.769,131.109,113378
2023.01.02,00:00,130.921,131.051,130.622,130.668,19983
2023.01.03,00:00,130.671,131.398,129.506,131.011,149364
2023.01.04,00:00,131.020,132.714,129.924,132.621,123291
2023.01.05,00:00,132.552,134.050,131.679,133.402,113419
2023.01.06,00:00,133.384,134.775,131.993,132.138,116023
2023.01.09,00:00,131.867,132.655,131.304,131.882,113039
2023.01.10,00:00,131.773,132.473,131.380,132.236,99133
2023.01.11,00:00,132.225,132.873,131.947,132.480,84491
2023.01.12,00:00,132.390,132.485,128.861,129.257,118606
2023.01.13,00:00,129.233,129.406,127.460,127.856,109067
2023.01.16,00:00,127.752,128.863,127.218,128.556,82805
2023.01.17,00:00,128.460,129.155,127.989,128.139,90092
2023.01.18,00:00,128.111,131.574,127.563,128.906,134278
2023.01.19,00:00,128.876,128.888,127.761,128.419,84869
2023.01.20,00:00,128.391,130.612,128.348,129.585,86799
2023.01.23,00:00,129.456,130.886,129.041,130.664,77802
2023.01.24,00:00,130.627,131.112,129.727,130.159,63988
2023.01.25,00:00,130.158,130.583,129.272,129.579,71512
2023.01.26,00:00,129.558,130.618,129.022,130.218,70848
2023.01.27,00:00,130.209,130.272,129.495,129.833,72013
2023.01.30,00:00,129.617,130.568,129.200,130.442,77822
2023.01.31,00:00,130.404,130.530,129.745,130.102,60695
2023.02.01,00:00,130.067,130.411,128.545,128.948,68626
2023.02.02,00:00,128.937,129.131,128.081,128.686,74487
2023.02.03,00:00,128.677,131.199,128.328,131.180,104597
2023.02.06,00:00,132.292,132.903,131.506,132.652,168875
2023.02.07,00:00,132.626,132.704,130.478,131.035,168921
2023.02.08,00:00,131.058,131.538,130.597,131.379,169284
2023.02.09,00:00,131.362,131.828,130.344,131.556,162697
2023.02.10,00:00,131.564,131.889,129.803,131.372,202929
2023.02.13,00:00,131.335,132.911,131.335,132.408,148082
2023.02.14,00:00,132.373,133.315,131.525,133.106,169893
2023.02.15,00:00,133.135,134.359,132.544,134.158,148906
2023.02.16,00:00,134.136,134.463,133.605,133.941,159282
2023.02.17,00:00,133.958,135.107,133.912,134.146,136842
2023.02.20,00:00,134.202,134.538,133.923,134.220,109204
2023.02.21,00:00,134.208,135.229,134.145,135.012,96025
2023.02.22,00:00,134.996,135.060,134.365,134.922,105189
2023.02.23,00:00,134.855,135.364,134.487,134.670,77960
2023.02.24,00:00,134.684,136.519,134.052,136.483,124827
2023.02.27,00:00,136.404,136.556,135.929,136.229,92964
2023.02.28,00:00,136.219,136.908,135.730,136.217,103072
2023.03.01,00:00,136.224,136.467,135.255,136.217,114158
2023.03.02,00:00,136.186,137.098,136.018,136.752,121264
2023.03.03,00:00,136.743,136.768,135.743,135.826,112367
2023.03.06,00:00,135.940,136.189,135.364,135.929,95739
2023.03.07,00:00,135.916,137.194,135.540,137.153,101497
2023.03.08,00:00,137.144,137.911,136.478,137.376,85097
2023.03.09,00:00,137.341,137.354,135.944,136.114,81504
2023.03.10,00:00,136.115,136.994,134.113,135.060,151464
2023.03.13,00:00,133.857,135.050,132.282,133.193,292813
2023.03.14,00:00,133.202,134.900,133.026,134.230,244711
2023.03.15,00:00,134.232,135.113,132.219,133.313,244616
2023.03.16,00:00,133.311,133.823,131.716,133.583,265913
2023.03.17,00:00,133.561,133.656,131.552,131.820,246434
2023.03.20,00:00,131.766,132.652,130.538,131.309,287763
2023.03.21,00:00,131.275,132.628,131.029,132.420,206953
2023.03.22,00:00,132.449,133.003,131.005,131.342,171805
2023.03.23,00:00,131.342,131.664,130.318,130.803,241579
2023.03.24,00:00,130.803,130.937,129.640,130.725,222515
2023.03.27,00:00,130.640,131.758,130.501,131.539,185904
2023.03.28,00:00,131.540,131.560,130.402,130.835,203351
2023.03.29,00:00,130.835,132.886,130.754,132.727,179225
2023.03.30,00:00,132.736,132.967,132.206,132.643,172159
2023.03.31,00:00,132.653,133.593,132.579,132.819,178527
2023.04.03,00:00,133.206,133.757,132.201,132.410,191249
2023.04.04,00:00,132.420,133.170,131.520,131.714,178241
2023.04.05,00:00,131.712,131.844,130.637,131.239,187320
2023.04.06,00:00,131.239,131.904,130.774,131.695,138942
2023.04.07,00:00,131.694,132.380,131.522,132.176,129442
2023.04.10,00:00,132.113,133.870,131.824,133.556,190288
2023.04.11,00:00,133.556,133.806,132.972,133.635,166362
2023.04.12,00:00,133.635,134.047,132.732,133.122,130582
2023.04.13,00:00,133.123,133.395,132.023,132.563,110008
2023.04.14,00:00,132.562,133.838,132.169,133.745,136913
2023.04.17,00:00,133.820,134.569,133.711,134.435,135178
2023.04.18,00:00,134.437,134.705,133.863,134.086,148760
2023.04.19,00:00,134.089,135.139,133.953,134.619,157261
2023.04.20,00:00,134.619,134.973,134.013,134.199,182124
2023.04.21,00:00,134.199,134.490,133.547,134.125,153318
2023.04.24,00:00,134.009,134.731,133.891,134.184,155082
2023.04.25,00:00,134.175,134.476,133.366,133.721,172388
2023.04.26,00:00,133.722,133.936,133.014,133.629,203264
2023.04.27,00:00,133.629,134.194,133.212,133.872,175841
2023.04.28,00:00,133.874,136.561,133.333,136.278,172619
2023.05.01,00:00,136.250,137.540,136.161,137.476,159251
2023.05.02,00:00,137.457,137.775,136.312,136.526,195028
2023.05.03,00:00,136.526,136.574,134.551,134.597,181519
2023.05.04,00:00,134.582,134.877,133.500,134.234,211008
2023.05.05,00:00,134.238,135.119,133.883,134.832,164216
2023.05.08,00:00,134.856,135.296,134.640,135.061,178783
2023.05.09,00:00,135.042,135.356,134.721,135.209,190409
2023.05.10,00:00,135.210,135.471,134.111,134.281,196066
2023.05.11,00:00,134.282,134.844,133.743,134.485,195547
2023.05.12,00:00,134.492,135.752,134.400,135.723,175696
2023.05.15,00:00,135.730,136.324,135.711,136.083,175622
2023.05.16,00:00,136.081,136.682,135.686,136.365,159712
2023.05.17,00:00,136.365,137.707,136.302,137.572,169782
2023.05.18,00:00,137.571,138.745,137.286,138.676,158825
2023.05.19,00:00,138.675,138.682,137.462,137.964,132353
2023.05.22,00:00,137.905,138.688,137.491,138.560,137807
2023.05.23,00:00,138.559,138.910,138.242,138.528,160247
2023.05.24,00:00,138.530,139.471,138.229,139.370,151272
2023.05.25,00:00,139.369,140.227,138.811,140.055,152458
2023.05.26,00:00,140.055,140.723,139.494,140.592,136051
2023.05.29,00:00,140.632,140.916,140.111,140.369,76017
2023.05.30,00:00,140.366,140.930,139.570,139.781,127694
2023.05.31,00:00,139.785,140.377,139.233,139.314,123729
2023.06.01,00:00,139.316,139.950,138.436,138.809,112508
2023.06.02,00:00,138.802,140.068,138.604,139.964,95649
2023.06.05,00:00,140.021,140.453,139.250,139.531,111241
2023.06.06,00:00,139.531,139.992,139.103,139.634,104699
2023.06.07,00:00,139.621,140.244,139.022,140.116,110545
2023.06.08,00:00,140.116,140.220,138.807,138.891,107174
2023.06.09,00:00,138.892,139.724,138.758,139.373,103925
2023.06.12,00:00,139.426,139.766,139.062,139.576,116385
2023.06.13,00:00,139.575,140.309,139.010,140.209,113634
2023.06.14,00:00,140.209,140.273,139.282,140.028,124366
2023.06.15,00:00,140.017,141.505,139.938,140.269,133539
2023.06.16,00:00,140.270,141.910,139.851,141.882,148072
2023.06.19,00:00,141.789,142.001,141.440,141.933,95015
2023.06.20,00:00,141.933,142.249,141.213,141.399,145874
2023.06.21,00:00,141.398,142.367,141.280,141.850,134243
2023.06.22,00:00,141.847,143.227,141.609,143.060,114412
2023.06.23,00:00,143.065,143.870,142.679,143.696,132798
2023.06.26,00:00,143.606,143.712,142.938,143.461,144556
2023.06.27,00:00,143.462,144.175,143.282,144.020,155166
2023.06.28,00:00,144.019,144.616,143.729,144.376,161502
2023.06.29,00:00,144.377,144.898,144.130,144.729,156480
2023.06.30,00:00,144.728,145.069,144.200,144.297,150268
2023.07.03,00:00,144.287,144.911,143.981,144.648,120891
2023.07.04,00:00,144.652,144.699,144.204,144.434,66682
2023.07.05,00:00,144.434,144.733,144.078,144.552,116490
2023.07.06,00:00,144.554,144.652,143.553,144.022,145327
2023.07.07,00:00,144.023,144.196,142.068,142.086,132372
2023.07.10,00:00,142.135,143.005,141.262,141.312,134095
2023.07.11,00:00,141.310,141.457,140.159,140.337,140868
2023.07.12,00:00,140.338,140.341,138.153,138.413,155849
2023.07.13,00:00,138.415,138.950,137.910,138.042,146282
2023.07.14,00:00,138.055,139.154,137.233,138.874,159510
2023.07.17,00:00,138.708,139.405,137.994,138.698,125418
2023.07.18,00:00,138.699,139.132,137.703,138.818,134524
2023.07.19,00:00,138.818,139.992,138.749,139.593,140721
2023.07.20,00:00,139.598,140.497,139.107,140.043,130288
2023.07.21,00:00,140.046,141.952,139.747,141.778,132258
2023.07.24,00:00,141.702,141.810,140.749,141.426,125603
2023.07.25,00:00,141.425,141.743,140.849,140.905,115472
2023.07.26,00:00,140.903,141.182,139.925,140.179,110154
2023.07.27,00:00,140.176,141.317,138.765,139.423,155326
2023.07.28,00:00,139.420,141.177,138.060,141.158,216845
2023.07.31,00:00,141.058,142.688,140.688,142.256,133438
2023.08.01,00:00,142.253,143.542,142.204,142.741,115723
2023.08.02,00:00,142.742,143.475,142.229,143.275,131663
2023.08.03,00:00,143.276,143.888,142.065,142.509,166070
2023.08.04,00:00,142.501,142.880,141.549,141.702,111565
2023.08.07,00:00,141.728,142.583,141.510,142.479,109029
2023.08.08,00:00,142.483,143.490,142.397,143.331,134057
2023.08.09,00:00,143.325,143.748,142.996,143.662,99546
2023.08.10,00:00,143.656,144.814,143.297,144.692,108353
2023.08.11,00:00,144.686,144.999,144.416,144.942,82155
2023.08.14,00:00,144.960,145.577,144.651,145.534,109792
2023.08.15,00:00,145.540,145.864,145.101,145.550,111773
2023.08.16,00:00,145.542,146.406,145.307,146.254,97281
2023.08.17,00:00,146.255,146.561,145.621,145.810,91022
2023.08.18,00:00,145.809,145.836,144.927,145.373,94601
2023.08.21,00:00,145.404,146.404,145.140,146.200,84965
2023.08.22,00:00,146.199,146.400,145.497,145.856,81330
2023.08.23,00:00,145.858,145.874,144.538,144.793,87505
2023.08.24,00:00,144.792,145.958,144.602,145.808,83749
2023.08.25,00:00,145.806,146.463,145.800,146.395,68214
2023.08.28,00:00,146.405,146.745,146.273,146.522,68831
2023.08.29,00:00,146.530,147.375,145.667,145.905,89007
2023.08.30,00:00,145.905,146.537,145.559,146.160,93824
2023.08.31,00:00,146.157,146.224,145.335,145.517,88930
2023.09.01,00:00,145.511,146.294,144.439,146.212,83817
2023.09.04,00:00,146.191,146.498,146.021,146.445,45663
2023.09.05,00:00,146.443,147.801,146.441,147.670,77652
2023.09.06,00:00,147.671,147.817,147.016,147.613,74422
2023.09.07,00:00,147.623,147.873,147.043,147.261,72951
2023.09.08,00:00,147.258,147.869,146.583,147.788,78525
2023.09.11,00:00,146.993,147.260,145.899,146.537,117357
2023.09.12,00:00,146.544,147.234,146.434,147.098,71772
2023.09.13,00:00,147.105,147.731,147.011,147.352,85228
2023.09.14,00:00,147.358,147.566,147.015,147.409,72054
2023.09.15,00:00,147.408,147.950,147.338,147.828,83907
2023.09.18,00:00,147.780,147.877,147.543,147.589,62829
2023.09.19,00:00,147.596,147.921,147.502,147.759,61814
2023.09.20,00:00,147.766,148.352,147.473,148.182,72383
2023.09.21,00:00,148.182,148.461,147.320,147.557,73625
2023.09.22,00:00,147.556,148.419,147.505,148.365,70216
2023.09.25,00:00,148.413,148.961,148.371,148.848,32755
2023.09.26,00:00,149.161,149.170,148.759,148.981,34700
2023.09.27,00:00,148.993,149.708,148.858,149.472,47722
2023.09.28,00:00,149.461,149.557,149.146,149.268,51772
2023.09.29,00:00,149.266,149.503,148.523,149.325,61148
2023.10.02,00:00,149.436,149.875,149.404,149.824,47021
2023.10.03,00:00,149.819,150.158,147.370,149.042,61323
2023.10.04,00:00,149.036,149.318,148.732,149.003,57708
2023.10.05,00:00,148.999,149.117,148.254,148.485,98021
2023.10.06,00:00,148.484,149.530,148.360,149.255,92526
2023.10.09,00:00,149.010,149.234,148.427,148.517,98382
2023.10.10,00:00,148.517,149.097,148.161,148.670,112064
2023.10.11,00:00,148.675,149.323,148.424,149.066,109319
2023.10.12,00:00,149.070,149.828,148.955,149.759,100966
2023.10.13,00:00,149.760,149.828,149.456,149.563,86243
2023.10.16,00:00,149.517,149.762,149.371,149.519,113616
2023.10.17,00:00,149.520,149.848,148.959,149.766,91676
2023.10.18,00:00,149.767,149.933,149.481,149.804,97944
2023.10.19,00:00,149.796,149.959,149.663,149.750,101150
2023.10.20,00:00,149.751,149.989,149.632,149.845,78886
2023.10.23,00:00,149.792,149.986,149.551,149.693,65431
2023.10.24,00:00,149.692,149.936,149.317,149.835,76944
2023.10.25,00:00,149.839,150.313,149.791,150.152,62862
2023.10.26,00:00,150.143,150.775,149.880,150.362,62577
2023.10.27,00:00,150.362,150.408,149.456,149.604,72989
2023.10.30,00:00,149.584,149.851,148.802,149.061,69516
2023.10.31,00:00,149.022,151.712,149.013,151.618,118314
2023.11.01,00:00,151.604,151.624,150.659,150.902,79095
2023.11.02,00:00,150.889,150.924,149.842,150.425,71169
2023.11.03,00:00,150.424,150.513,149.199,149.352,56881
2023.11.06,00:00,149.317,150.074,149.299,150.055,49805
2023.11.07,00:00,150.068,150.689,149.862,150.322,36887
2023.11.08,00:00,150.294,151.053,150.288,150.960,37182
2023.11.09,00:00,150.972,151.384,150.766,151.342,42714
2023.11.10,00:00,151.331,151.600,151.219,151.521,43830
2023.11.13,00:00,151.443,151.906,151.207,151.715,54731
2023.11.14,00:00,151.718,151.782,150.150,150.376,67088
2023.11.15,00:00,150.369,151.418,150.048,151.362,84020
2023.11.16,00:00,151.210,151.427,150.283,150.711,46755
2023.11.17,00:00,150.716,150.770,149.192,149.576,59420
2023.11.20,00:00,149.503,149.986,148.100,148.339,72682
2023.11.21,00:00,148.348,148.591,147.150,148.385,79783
2023.11.22,00:00,148.271,149.746,148.014,149.520,66423
2023.11.23,00:00,149.499,149.685,148.887,149.547,22510
2023.11.24,00:00,149.525,149.708,149.194,149.408,25591
2023.11.27,00:00,149.392,149.670,148.541,148.668,37595
2023.11.28,00:00,148.667,148.828,147.320,147.464,45778
2023.11.29,00:00,147.454,147.902,146.669,147.231,55896
2023.11.30,00:00,147.232,148.509,146.838,148.179,79326
2023.12.01,00:00,148.168,148.348,146.660,146.788,79027
2023.12.04,00:00,146.695,147.452,146.226,147.204,87891
2023.12.05,00:00,147.203,147.387,146.558,147.134,78654
2023.12.06,00:00,147.139,147.497,146.897,147.293,66209
2023.12.07,00:00,147.307,147.309,141.633,144.093,107479
2023.12.08,00:00,144.120,145.218,142.496,144.900,114329
2023.12.11,00:00,144.908,146.586,144.813,146.147,84819
2023.12.12,00:00,146.148,146.176,144.735,145.431,78456
2023.12.13,00:00,145.453,145.992,142.638,142.884,91940
2023.12.14,00:00,142.885,142.912,140.959,141.855,117303
2023.12.15,00:00,141.848,142.466,141.432,142.099,138111
2023.12.18,00:00,142.078,143.158,142.013,142.761,217984
2023.12.19,00:00,142.725,144.958,142.240,143.814,359624
2023.12.20,00:00,143.816,144.096,143.262,143.550,226465
2023.12.21,00:00,143.571,143.571,142.044,142.101,224510
2023.12.22,00:00,142.064,142.660,141.858,142.389,200866
2023.12.26,00:00,142.277,142.635,142.090,142.395,108619
2023.12.27,00:00,142.394,142.846,141.542,141.812,170469
2023.12.28,00:00,141.818,141.824,140.249,141.368,212138
2023.12.29,00:00,141.338,141.913,140.791,140.991,178700
2024.01.02,00:00,140.830,142.216,140.807,141.970,195459
2024.01.03,00:00,141.773,143.729,141.771,143.288,217689
2024.01.04,00:00,143.289,144.852,142.850,144.622,241011
2024.01.05,00:00,144.518,145.977,143.809,144.558,225131
2024.01.08,00:00,144.441,144.918,143.662,144.220,186525
2024.01.09,00:00,144.195,144.620,143.417,144.464,224732
2024.01.10,00:00,144.440,145.827,144.316,145.749,177051
2024.01.11,00:00,145.736,146.415,145.251,145.274,191729
2024.01.12,00:00,145.256,145.568,144.350,144.906,188250
2024.01.15,00:00,144.849,145.942,144.749,145.708,170997
2024.01.16,00:00,145.709,147.311,145.582,147.182,241505
2024.01.17,00:00,147.182,148.523,147.042,148.154,234570
2024.01.18,00:00,148.141,148.299,147.654,148.154,222901
2024.01.19,00:00,148.154,148.804,147.835,148.112,219551
2024.01.22,00:00,148.197,148.304,147.620,148.092,210188
2024.01.23,00:00,148.093,148.693,146.983,148.321,271655
2024.01.24,00:00,148.319,148.396,146.646,147.497,201622
2024.01.25,00:00,147.497,147.931,147.085,147.652,202718
2024.01.26,00:00,147.634,148.204,147.422,148.150,205279
2024.01.29,00:00,148.066,148.332,147.250,147.487,182799
2024.01.30,00:00,147.496,147.927,147.097,147.594,173261
2024.01.31,00:00,147.592,147.901,146.006,146.894,229652
2024.02.01,00:00,146.890,147.114,145.896,146.412,224298
2024.02.02,00:00,146.421,148.586,146.198,148.383,182949
2024.02.05,00:00,148.412,148.894,148.264,148.669,206096
2024.02.06,00:00,148.669,148.788,147.815,147.933,151440
2024.02.07,00:00,147.935,148.258,147.617,148.177,106860
2024.02.08,00:00,148.173,149.479,147.928,149.308,115532
2024.02.09,00:00,149.309,149.576,149.012,149.251,97674
2024.02.12,00:00,149.283,149.478,148.926,149.320,101594
2024.02.13,00:00,149.323,150.881,149.214,150.818,108939
2024.02.14,00:00,150.798,150.806,150.340,150.547,115914
2024.02.15,00:00,150.544,150.573,149.531,149.899,119810
2024.02.16,00:00,149.894,150.645,149.823,150.176,110650
2024.02.19,00:00,150.009,150.190,149.871,150.109,69721
2024.02.20,00:00,150.108,150.436,149.682,149.996,117539
2024.02.21,00:00,149.996,150.390,149.849,150.280,109787
2024.02.22,00:00,150.289,150.686,150.015,150.520,123397
2024.02.23,00:00,150.524,150.768,150.292,150.504,103190
2024.02.26,00:00,150.490,150.835,150.239,150.676,105057
2024.02.27,00:00,150.683,150.704,150.074,150.486,98471
2024.02.28,00:00,150.502,150.843,150.369,150.679,98374
2024.02.29,00:00,150.684,150.692,149.205,149.955,133864
2024.03.01,00:00,149.968,150.721,149.903,150.062,118694
2024.03.04,00:00,149.935,150.568,149.836,150.502,106117
2024.03.05,00:00,150.523,150.541,149.702,150.049,109199
2024.03.06,00:00,150.046,150.081,149.090,149.366,115711
2024.03.07,00:00,149.367,149.387,147.584,148.022,144956
2024.03.08,00:00,148.040,148.114,146.480,147.050,138737
2024.03.11,00:00,146.992,147.147,146.483,146.953,118048
2024.03.12,00:00,146.952,148.175,146.615,147.607,103376
2024.03.13,00:00,147.623,148.043,147.232,147.623,87394
2024.03.14,00:00,147.622,148.356,147.437,148.281,88335
2024.03.15,00:00,148.281,149.163,148.031,149.005,80276
2024.03.18,00:00,149.047,149.329,148.906,149.101,72708
2024.03.19,00:00,149.100,150.962,149.000,150.770,85693
2024.03.20,00:00,150.769,151.817,150.715,151.191,85967
2024.03.21,00:00,151.190,151.756,150.261,151.583,92268
2024.03.22,00:00,151.585,151.860,151.001,151.415,82308
2024.03.25,00:00,151.411,151.542,151.051,151.399,66454
2024.03.26,00:00,151.398,151.603,151.207,151.508,64114
2024.03.27,00:00,151.516,151.968,151.025,151.256,76980
2024.03.28,00:00,151.254,151.542,151.148,151.371,70182
2024.03.29,00:00,151.369,151.497,151.173,151.321,23028
2024.04.01,00:00,151.273,151.770,151.218,151.630,54945
2024.04.02,00:00,151.619,151.802,151.462,151.562,63414
2024.04.03,00:00,151.557,151.954,151.439,151.632,58985
2024.04.04,00:00,151.632,151.770,151.119,151.295,61316
2024.04.05,00:00,151.299,151.750,150.810,151.617,74549
2024.04.08,00:00,151.597,151.942,151.594,151.815,58120
2024.04.09,00:00,151.810,151.935,151.568,151.743,58609
2024.04.10,00:00,151.741,153.235,151.679,152.987,71352
2024.04.11,00:00,152.981,153.317,152.757,153.210,76586
2024.04.12,00:00,153.206,153.383,152.592,153.262,81387
2024.04.15,00:00,153.173,154.442,153.094,154.219,81538
2024.04.16,00:00,154.217,154.784,153.893,154.645,80668
2024.04.17,00:00,154.646,154.732,154.155,154.322,69764
2024.04.18,00:00,154.321,154.676,153.957,154.591,78206
2024.04.19,00:00,154.588,154.671,153.588,154.625,98658
2024.04.22,00:00,154.566,154.851,154.496,154.806,43022
2024.04.23,00:00,154.805,154.875,154.556,154.762,42854
2024.04.24,00:00,154.757,155.371,154.728,155.219,43482
2024.04.25,00:00,155.218,155.745,155.196,155.570,49120
2024.04.26,00:00,155.569,158.440,154.963,158.333,53557
2024.04.29,00:00,157.981,160.222,154.530,156.281,70483
2024.04.30,00:00,156.259,157.841,156.051,157.700,51467
2024.05.01,00:00,157.696,157.986,152.996,154.251,53258
2024.05.02,00:00,154.193,156.279,153.053,153.707,68604
2024.05.03,00:00,153.703,153.703,151.860,152.946,62452
2024.05.06,00:00,152.862,154.008,152.822,153.862,48334
2024.05.07,00:00,153.861,154.745,153.854,154.575,51874
2024.05.08,00:00,154.579,155.678,154.579,155.489,45349
2024.05.09,00:00,155.495,155.952,155.159,155.464,42979
2024.05.10,00:00,155.464,155.904,155.262,155.751,41033
2024.05.13,00:00,155.714,156.245,155.507,156.189,38601
2024.05.14,00:00,156.188,156.790,156.170,156.409,36837
2024.05.15,00:00,156.409,156.558,154.688,154.765,49743
2024.05.16,00:00,154.767,155.528,153.597,155.355,64402
2024.05.17,00:00,155.339,155.979,155.248,155.613,47291
2024.05.20,00:00,155.640,156.300,155.497,156.216,44613
2024.05.21,00:00,156.210,156.544,155.847,156.141,51881
2024.05.22,00:00,156.139,156.832,156.129,156.677,48607
2024.05.23,00:00,156.675,157.194,156.526,156.967,52496
2024.05.24,00:00,156.967,157.143,156.822,156.987,43744
2024.05.27,00:00,156.913,156.957,156.662,156.874,30543
2024.05.28,00:00,156.874,157.198,156.580,157.157,46224
2024.05.29,00:00,157.147,157.708,156.894,157.582,45846
2024.05.30,00:00,157.589,157.667,156.372,156.775,58183
2024.05.31,00:00,156.780,157.365,156.557,157.220,59973
2024.06.03,00:00,157.209,157.472,155.949,156.102,58203
2024.06.04,00:00,156.099,156.484,154.544,154.824,69489
2024.06.05,00:00,154.811,156.482,154.783,156.041,63083
2024.06.06,00:00,156.032,156.444,155.355,155.607,63994
2024.06.07,00:00,155.595,157.074,155.123,156.762,65610
2024.06.10,00:00,156.755,157.194,156.705,157.009,56801
2024.06.11,00:00,156.998,157.402,156.806,157.122,54013
2024.06.12,00:00,157.116,157.370,155.718,156.576,60542
2024.06.13,00:00,156.582,157.312,156.568,156.985,60791
2024.06.14,00:00,156.988,158.255,156.810,157.355,70993
2024.06.17,00:00,157.324,157.958,157.155,157.732,53348
2024.06.18,00:00,157.725,158.228,157.516,157.826,54489
2024.06.19,00:00,157.820,158.129,157.603,157.990,31550
2024.06.20,00:00,157.995,158.945,157.920,158.903,47485
2024.06.21,00:00,158.904,159.826,158.670,159.783,51117
2024.06.24,00:00,159.721,159.928,158.737,159.596,52598
2024.06.25,00:00,159.585,159.756,159.189,159.648,50098
2024.06.26,00:00,159.640,160.865,159.607,160.759,53574
2024.06.27,00:00,160.756,160.824,160.285,160.733,50775
2024.06.28,00:00,160.729,161.282,160.261,160.826,61806
2024.07.01,00:00,160.810,161.727,160.747,161.451,52198
2024.07.02,00:00,161.453,161.743,161.267,161.440,43524
2024.07.03,00:00,161.420,161.950,160.773,161.546,45860
2024.07.04,00:00,161.552,161.670,160.946,161.228,35754
2024.07.05,00:00,161.238,161.394,160.331,160.739,58488
2024.07.08,00:00,160.754,161.118,160.261,160.782,53114
2024.07.09,00:00,160.786,161.516,160.729,161.276,48692
2024.07.10,00:00,161.275,161.804,161.271,161.572,40958
2024.07.11,00:00,161.570,161.759,157.410,158.935,54292
2024.07.12,00:00,158.949,159.446,157.371,157.861,72852
2024.07.15,00:00,158.136,158.418,157.150,158.077,56816
2024.07.16,00:00,158.066,158.854,158.059,158.305,50023
2024.07.17,00:00,158.311,158.615,156.063,156.135,71063
2024.07.18,00:00,156.139,157.400,155.370,157.358,77753
2024.07.19,00:00,157.351,157.862,156.966,157.445,66835
2024.07.22,00:00,157.388,157.613,156.285,156.931,66847
2024.07.23,00:00,156.921,157.101,155.517,155.580,73315
2024.07.24,00:00,155.578,155.991,153.106,153.716,79536
2024.07.25,00:00,153.731,154.315,151.942,153.920,95202
2024.07.26,00:00,153.916,154.737,153.110,153.723,80553
2024.07.29,00:00,153.654,154.353,153.014,154.003,81570
2024.07.30,00:00,154.009,155.214,152.659,152.700,79736
2024.07.31,00:00,152.694,153.920,149.609,149.888,106936
2024.08.01,00:00,149.866,150.888,148.512,149.314,105607
2024.08.02,00:00,149.310,149.771,146.418,146.485,103150
2024.08.05,00:00,146.448,146.564,141.689,144.080,114672
2024.08.06,00:00,144.081,146.373,143.627,144.502,108495
2024.08.07,00:00,144.500,147.897,144.302,146.717,105576
2024.08.08,00:00,146.711,147.541,145.431,147.178,95325
2024.08.09,00:00,147.202,147.813,146.271,146.586,69429
2024.08.12,00:00,146.793,148.220,146.697,147.170,73250
2024.08.13,00:00,147.186,147.945,146.558,146.846,73582
2024.08.14,00:00,146.839,147.574,146.072,147.242,79773
2024.08.15,00:00,147.242,149.389,147.053,149.290,68074
2024.08.16,00:00,149.290,149.310,147.567,147.590,69638
2024.08.19,00:00,147.626,148.050,145.187,146.582,81550
2024.08.20,00:00,146.588,147.342,145.083,145.143,81089
2024.08.21,00:00,145.119,146.885,144.454,145.176,89148
2024.08.22,00:00,145.149,146.529,144.846,146.237,78449
2024.08.23,00:00,146.238,146.479,144.046,144.336,74133
2024.08.26,00:00,144.063,144.650,143.447,144.500,76721
2024.08.27,00:00,144.487,145.173,143.898,143.936,70614
2024.08.28,00:00,143.941,145.036,143.684,144.436,74732
2024.08.29,00:00,144.445,145.550,144.220,144.964,78123
2024.08.30,00:00,144.964,146.246,144.658,146.151,67777
2024.09.02,00:00,146.068,147.172,145.776,146.893,51108
2024.09.03,00:00,146.894,147.206,145.106,145.433,81669
2024.09.04,00:00,145.431,145.557,143.579,143.637,88799
2024.09.05,00:00,143.635,144.224,142.849,143.416,92831
2024.09.06,00:00,143.417,144.063,141.751,142.257,90278
2024.09.09,00:00,142.162,143.794,141.949,143.129,87941
2024.09.10,00:00,143.134,143.708,142.195,142.410,80382
2024.09.11,00:00,142.408,142.545,140.709,142.269,100020
2024.09.12,00:00,142.256,143.042,141.724,141.823,94860
2024.09.13,00:00,141.820,141.877,140.282,140.793,88656
2024.09.16,00:00,140.668,140.908,139.578,140.606,81176
2024.09.17,00:00,140.604,142.464,140.320,142.333,86321
2024.09.18,00:00,142.346,142.707,140.440,142.123,87445
2024.09.19,00:00,142.102,143.942,141.881,142.631,126258
2024.09.20,00:00,142.609,144.494,141.737,143.845,90846
2024.09.23,00:00,143.941,144.457,143.164,143.569,83631
2024.09.24,00:00,143.569,144.677,143.099,143.186,85218
2024.09.25,00:00,143.158,144.842,142.889,144.689,81945
2024.09.26,00:00,144.669,145.210,144.109,144.790,82886
2024.09.27,00:00,144.783,146.492,142.067,142.169,98697
2024.09.30,00:00,142.238,143.914,141.643,143.575,84232
2024.10.01,00:00,143.607,144.534,142.971,143.637,90087
2024.10.02,00:00,143.643,146.510,143.421,146.399,85847
2024.10.03,00:00,146.425,147.241,146.283,146.869,87114
2024.10.04,00:00,146.851,149.002,145.918,148.661,85162
2024.10.07,00:00,148.761,149.123,147.851,148.136,85132
2024.10.08,00:00,148.165,148.379,147.344,148.224,82021
2024.10.09,00:00,148.218,149.362,148.011,149.196,68942
2024.10.10,00:00,149.225,149.601,148.239,148.519,75127
2024.10.11,00:00,148.588,149.283,148.401,149.102,60006
2024.10.14,00:00,149.130,149.981,149.130,149.766,48067
2024.10.15,00:00,149.752,149.834,148.851,149.192,67019
2024.10.16,00:00,149.181,149.805,148.872,149.587,61855
2024.10.17,00:00,149.571,150.321,149.238,150.163,66053
2024.10.18,00:00,150.148,150.283,149.364,149.488,62107
2024.10.21,00:00,149.519,150.884,149.084,150.760,61580
2024.10.22,00:00,150.731,151.193,150.494,151.039,71711
2024.10.23,00:00,151.039,153.183,151.012,152.662,73786
2024.10.24,00:00,152.663,152.824,151.549,151.807,78363
2024.10.25,00:00,151.812,152.378,151.441,152.287,70048
2024.10.28,00:00,152.925,153.881,152.409,153.242,79753
2024.10.29,00:00,153.236,153.865,152.752,153.330,78543
2024.10.30,00:00,153.330,153.494,152.778,153.306,78783
2024.10.31,00:00,153.304,153.616,151.835,152.041,88035
2024.11.01,00:00,152.040,153.093,151.787,152.950,82603
2024.11.04,00:00,152.270,152.551,151.533,152.111,81809
2024.11.05,00:00,152.096,152.543,151.334,151.594,73799
2024.11.06,00:00,151.589,154.697,151.287,154.595,122004
2024.11.07,00:00,154.582,154.709,152.692,152.894,99185
2024.11.08,00:00,152.913,153.367,152.141,152.618,90974
2024.11.11,00:00,152.607,153.951,152.606,153.704,71032
2024.11.12,00:00,153.692,154.923,153.403,154.585,80834
2024.11.13,00:00,154.528,155.621,154.342,155.433,86910
2024.11.14,00:00,155.430,156.415,155.278,156.244,85900
2024.11.15,00:00,156.234,156.746,153.860,154.308,92703
2024.11.18,00:00,154.282,155.354,153.838,154.638,92197
2024.11.19,00:00,154.640,154.797,153.282,154.627,92670
2024.11.20,00:00,154.624,155.885,154.523,155.370,80255
2024.11.21,00:00,155.363,155.414,153.908,154.520,95314
2024.11.22,00:00,154.464,155.016,153.965,154.704,91255
2024.11.25,00:00,154.144,154.721,153.547,154.164,91964
2024.11.26,00:00,154.201,154.486,152.986,153.088,93593
2024.11.27,00:00,153.074,153.232,150.453,151.052,96530
2024.11.28,00:00,150.985,151.947,150.901,151.513,61067
2024.11.29,00:00,151.516,151.542,149.465,149.660,93097
2024.12.02,00:00,149.578,150.746,149.079,149.564,96338
2024.12.03,00:00,149.567,150.234,148.640,149.530,88470
2024.12.04,00:00,149.592,151.231,149.503,150.518,91094
2024.12.05,00:00,150.528,150.775,149.654,150.039,87929
2024.12.06,00:00,150.013,150.698,149.365,150.025,81797
2024.12.09,00:00,149.976,151.345,149.691,151.165,75633
2024.12.10,00:00,151.165,152.179,150.895,151.869,80975
2024.12.11,00:00,151.881,152.838,151.002,152.370,81230
2024.12.12,00:00,152.366,152.772,151.801,152.559,82437
2024.12.13,00:00,152.527,153.799,152.454,153.606,70863
2024.12.16,00:00,153.609,154.476,153.325,154.082,66237
2024.12.17,00:00,154.078,154.342,153.160,153.380,72828
2024.12.18,00:00,153.340,154.856,153.253,154.728,72889
2024.12.19,00:00,154.672,157.805,154.433,157.349,93979
2024.12.20,00:00,157.371,157.923,155.951,156.423,93986
2024.12.23,00:00,156.312,157.266,156.288,157.070,69957
2024.12.24,00:00,157.080,157.391,156.889,157.074,52217
2024.12.26,00:00,157.156,158.082,157.067,157.934,57386
2024.12.27,00:00,157.882,158.002,157.349,157.785,65990
2024.12.30,00:00,157.733,158.073,156.673,156.776,64666
2024.12.31,00:00,156.787,157.547,156.020,157.121,72527
2025.01.02,00:00,157.137,157.848,156.440,157.444,82167
2025.01.03,00:00,157.416,157.564,156.873,157.261,66701
2025.01.06,00:00,157.144,157.960,156.241,157.513,79289
2025.01.07,00:00,157.514,158.423,157.377,157.988,85622
2025.01.08,00:00,157.975,158.552,157.902,158.274,75651
2025.01.09,00:00,158.260,158.396,157.575,158.106,61956
2025.01.10,00:00,158.084,158.876,157.223,157.695,78912
2025.01.13,00:00,157.770,157.967,156.912,157.409,73357
2025.01.14,00:00,157.398,158.197,157.054,157.951,74285
2025.01.15,00:00,157.923,158.084,155.948,156.458,73843
2025.01.16,00:00,156.450,156.523,155.059,155.065,77472
2025.01.17,00:00,155.106,156.373,154.980,156.259,70675
2025.01.20,00:00,156.178,156.582,155.412,155.546,70161
2025.01.21,00:00,155.563,156.232,154.770,155.445,83672
2025.01.22,00:00,155.411,156.706,155.352,156.460,70926
2025.01.23,00:00,156.449,156.750,155.743,156.063,67425
2025.01.24,00:00,156.053,156.576,154.839,155.963,83270
2025.01.27,00:00,155.488,156.246,153.712,154.484,92306
2025.01.28,00:00,154.462,155.976,154.437,155.460,77221
2025.01.29,00:00,155.483,155.790,154.939,155.207,77458
2025.01.30,00:00,155.215,155.233,153.791,154.288,79367
2025.01.31,00:00,154.223,155.220,153.913,155.180,82695
2025.02.03,00:00,154.892,155.886,154.005,154.726,99759
2025.02.04,00:00,154.705,155.520,154.171,154.325,79952
2025.02.05,00:00,154.326,154.462,152.111,152.589,84362
2025.02.06,00:00,152.545,152.894,151.234,151.383,76020
2025.02.07,00:00,151.366,152.413,150.931,151.389,81053
2025.02.10,00:00,151.255,152.532,151.210,151.981,70837
2025.02.11,00:00,151.918,152.605,151.650,152.467,66058
2025.02.12,00:00,152.434,154.798,152.332,154.396,77934
2025.02.13,00:00,154.346,154.667,152.701,152.786,78241
2025.02.14,00:00,152.780,153.154,152.024,152.279,70387
2025.02.17,00:00,152.452,152.452,151.338,151.474,58075
2025.02.18,00:00,151.467,152.214,151.233,152.038,67310
2025.02.19,00:00,151.980,152.312,151.243,151.461,69644
2025.02.20,00:00,151.387,151.431,149.392,149.625,76241
2025.02.21,00:00,149.628,150.734,148.922,149.247,76908
2025.02.24,00:00,149.317,149.873,148.844,149.692,82827
2025.02.25,00:00,149.686,150.300,148.561,149.007,90046
2025.02.26,00:00,149.012,149.886,148.614,149.063,84006
2025.02.27,00:00,149.014,150.161,148.748,149.793,84918
2025.02.28,00:00,149.783,150.987,149.100,150.608,93031
2025.03.03,00:00,150.627,151.301,149.099,149.491,95111
2025.03.04,00:00,149.455,149.876,148.095,149.785,110924
2025.03.05,00:00,149.665,150.184,148.394,148.850,102209
2025.03.06,00:00,148.844,149.330,147.309,147.955,104885
2025.03.07,00:00,147.926,148.199,146.941,148.035,101479
2025.03.10,00:00,147.591,147.849,146.631,147.145,85429
2025.03.11,00:00,147.125,148.117,146.541,147.716,90839
2025.03.12,00:00,147.711,149.192,147.711,148.185,79338
2025.03.13,00:00,148.219,148.373,147.413,147.714,77303
2025.03.14,00:00,147.716,149.022,147.716,148.621,70743
2025.03.17,00:00,148.680,149.282,148.261,149.136,71017
2025.03.18,00:00,149.135,149.935,149.095,149.230,70993
2025.03.19,00:00,149.232,150.146,148.597,148.795,62499
2025.03.20,00:00,148.794,148.960,148.180,148.757,69210
2025.03.21,00:00,148.759,149.661,148.585,149.298,66910
2025.03.24,00:00,149.372,150.749,149.349,150.659,90297
2025.03.25,00:00,150.652,150.935,149.541,149.851,113869
2025.03.26,00:00,149.853,150.737,149.832,150.489,119616
2025.03.27,00:00,150.514,151.148,150.053,151.023,130673
2025.03.28,00:00,151.022,151.201,149.674,149.819,129517
2025.03.31,00:00,149.654,150.263,148.693,149.876,155951
2025.04.01,00:00,149.873,150.135,148.965,149.627,144709
2025.04.02,00:00,149.649,150.481,148.622,148.626,149091
2025.04.03,00:00,148.642,148.683,145.180,145.920,198431
2025.04.04,00:00,145.909,147.424,144.542,146.945,221752
2025.04.07,00:00,145.435,148.140,144.811,147.697,259400
2025.04.08,00:00,147.690,148.111,145.956,146.217,232228
2025.04.09,00:00,146.220,148.267,143.985,147.340,257374
2025.04.10,00:00,147.347,147.704,144.008,144.458,241594
2025.04.11,00:00,144.469,144.531,142.059,143.443,234415
2025.04.14,00:00,143.717,144.072,142.222,142.948,192946
2025.04.15,00:00,142.942,143.583,142.588,143.174,158998
2025.04.16,00:00,143.157,143.274,141.635,141.726,165101
2025.04.17,00:00,141.721,143.075,141.604,142.394,165343
2025.04.18,00:00,142.297,142.434,142.074,142.074,122235
2025.04.21,00:00,141.877,142.110,140.463,140.774,136752
2025.04.22,00:00,140.782,142.530,139.877,142.530,157939
2025.04.23,00:00,142.459,143.564,141.522,143.130,176641
2025.04.24,00:00,143.108,143.331,142.271,142.642,144918
2025.04.25,00:00,142.657,144.022,142.637,143.621,147140
2025.04.28,00:00,143.602,143.885,141.926,142.058,140292
2025.04.29,00:00,142.036,142.748,141.962,142.235,135879
2025.04.30,00:00,142.242,143.189,142.151,142.916,140628
2025.05.01,00:00,142.926,145.726,142.872,145.231,130831
2025.05.02,00:00,145.259,145.911,143.720,144.930,152930
2025.05.05,00:00,144.794,144.985,143.531,143.696,124767
2025.05.06,00:00,143.667,144.267,142.344,142.416,123963
2025.05.07,00:00,142.426,143.989,142.408,143.767,148144
2025.05.08,00:00,143.738,146.168,143.439,145.918,142076
2025.05.09,00:00,145.895,146.181,144.815,145.359,120717
2025.05.12,00:00,146.137,148.638,145.692,148.330,153511
2025.05.13,00:00,148.350,148.448,147.365,147.449,128184
2025.05.14,00:00,147.442,147.660,145.597,146.595,137426
2025.05.15,00:00,146.593,146.743,145.403,145.563,127335
2025.05.16,00:00,145.572,146.089,144.913,145.619,113214
2025.05.19,00:00,145.449,145.450,144.653,144.823,131089
2025.05.20,00:00,144.823,145.505,144.082,144.452,124464
2025.05.21,00:00,144.439,144.479,143.274,143.655,143712
2025.05.22,00:00,143.655,144.395,142.797,144.017,143387
2025.05.23,00:00,144.047,144.047,142.411,142.555,133590
2025.05.26,00:00,142.489,143.073,142.218,142.724,90279
2025.05.27,00:00,142.708,144.447,142.106,144.259,122451
2025.05.28,00:00,144.242,145.068,143.843,144.774,126615
2025.05.29,00:00,144.775,146.276,143.952,144.112,146477
2025.05.30,00:00,144.110,144.435,143.428,144.007,140112
2025.06.02,00:00,143.788,143.978,142.532,142.650,131473
2025.06.03,00:00,142.651,144.101,142.372,143.918,113180
2025.06.04,00:00,143.918,144.376,142.597,142.736,117916
2025.06.05,00:00,142.719,143.963,142.522,143.510,132141
2025.06.06,00:00,143.495,145.079,143.446,144.802,118738
2025.06.09,00:00,144.765,144.940,143.965,144.504,106786
2025.06.10,00:00,144.504,145.281,144.394,144.796,112548
2025.06.11,00:00,144.814,145.458,144.316,144.505,120607
2025.06.12,00:00,144.530,144.530,143.175,143.494,132749
2025.06.13,00:00,143.478,144.475,142.787,144.053,156036
2025.06.16,00:00,144.297,144.868,143.643,144.722,120269
2025.06.17,00:00,144.694,145.369,144.366,145.166,135299
2025.06.18,00:00,145.207,145.432,144.325,145.067,123740
2025.06.19,00:00,145.044,145.759,144.729,145.411,102296
2025.06.20,00:00,145.408,146.207,145.112,146.054,114486
2025.06.23,00:00,146.480,148.016,146.002,146.080,143851
2025.06.24,00:00,146.105,146.173,144.503,144.748,131847
2025.06.25,00:00,144.791,145.940,144.599,145.161,105880
2025.06.26,00:00,145.157,145.255,143.742,144.335,121014
2025.06.27,00:00,144.344,144.937,144.170,144.626,119511
2025.06.30,00:00,144.452,144.753,143.771,143.949,119579
2025.07.01,00:00,143.963,144.023,142.673,143.397,121688
2025.07.02,00:00,143.364,144.234,143.313,143.620,111962
2025.07.03,00:00,143.631,145.223,143.447,144.914,88493
2025.07.04,00:00,144.935,144.961,144.183,144.416,76097
2025.07.07,00:00,144.419,146.241,144.214,146.002,106638
2025.07.08,00:00,145.987,146.967,145.825,146.521,110628
2025.07.09,00:00,146.539,147.170,146.211,146.287,104001
2025.07.10,00:00,146.299,146.777,145.747,146.239,87553
2025.07.11,00:00,146.210,147.514,146.127,147.402,80428
2025.07.14,00:00,147.150,147.776,146.848,147.678,81025
2025.07.15,00:00,147.682,149.017,147.543,148.839,69901
2025.07.16,00:00,148.840,149.177,146.904,147.764,95128
2025.07.17,00:00,147.808,149.078,147.718,148.509,80966
2025.07.18,00:00,148.500,148.874,148.178,148.809,73639
2025.07.21,00:00,148.284,148.654,147.076,147.295,81169
2025.07.22,00:00,147.281,147.939,146.303,146.581,72377
2025.07.23,00:00,146.561,147.205,146.101,146.409,93965
2025.07.24,00:00,146.435,147.092,145.847,147.088,87994
2025.07.25,00:00,147.079,147.931,146.805,147.646,80772
2025.07.28,00:00,147.647,148.568,147.511,148.537,83289
2025.07.29,00:00,148.544,148.800,148.150,148.421,81256
2025.07.30,00:00,148.427,149.546,147.798,149.448,88676
2025.07.31,00:00,149.438,150.831,148.579,150.677,98569
2025.08.01,00:00,150.683,150.911,147.284,147.342,113337
2025.08.04,00:00,147.189,148.087,146.863,147.091,54391
2025.08.05,00:00,147.101,147.834,146.618,147.568,49027
2025.08.06,00:00,147.552,147.884,146.970,147.326,62429
2025.08.07,00:00,147.318,147.702,146.684,146.995,91075
2025.08.08,00:00,147.038,147.896,146.714,147.656,86172
2025.08.11,00:00,147.644,148.243,147.342,148.088,66623
2025.08.12,00:00,148.077,148.511,147.571,147.828,83813
2025.08.13,00:00,147.823,148.160,147.081,147.281,73185
2025.08.14,00:00,147.245,147.953,146.207,147.765,94031
2025.08.15,00:00,147.764,147.860,146.731,147.145,74980
2025.08.18,00:00,147.139,147.977,147.073,147.807,66760
2025.08.19,00:00,147.804,148.104,147.437,147.565,72497
2025.08.20,00:00,147.565,147.809,146.863,147.303,70268
2025.08.21,00:00,147.289,148.400,147.248,148.343,76377
2025.08.22,00:00,148.335,148.769,146.570,146.913,78036
2025.08.25,00:00,146.858,147.929,146.829,147.712,65530
2025.08.26,00:00,147.712,147.899,146.981,147.360,87499
2025.08.27,00:00,147.371,148.174,147.251,147.369,76536
2025.08.28,00:00,147.350,147.482,146.653,146.918,84969
2025.08.29,00:00,146.917,147.400,146.755,146.970,75667
2025.09.01,00:00,146.988,147.374,146.778,147.167,60564
2025.09.02,00:00,147.143,148.934,147.038,148.331,100334
2025.09.03,00:00,148.319,149.129,147.871,148.043,81935
2025.09.04,00:00,148.042,148.778,147.783,148.409,60136
2025.09.05,00:00,148.398,148.515,146.819,147.365,51598
2025.09.08,00:00,147.902,148.575,147.286,147.504,48597
2025.09.09,00:00,147.489,147.500,146.310,147.390,48400
2025.09.10,00:00,147.390,147.644,147.106,147.385,42883
2025.09.11,00:00,147.375,148.185,146.985,147.170,43332
2025.09.12,00:00,147.153,148.068,147.115,147.632,40053
2025.09.15,00:00,147.698,147.794,147.231,147.334,42485
2025.09.16,00:00,147.326,147.537,146.278,146.475,59649
2025.09.17,00:00,146.473,147.048,145.482,146.905,46744
2025.09.18,00:00,146.929,148.265,146.770,147.956,57375
2025.09.19,00:00,147.937,148.281,147.196,147.951,48471
2025.09.22,00:00,147.877,148.375,147.605,147.719,47023
2025.09.23,00:00,147.720,147.927,147.460,147.576,42590
2025.09.24,00:00,147.567,148.914,147.516,148.780,40573
2025.09.25,00:00,148.785,149.926,148.559,149.755,50318
2025.09.26,00:00,149.736,149.954,149.405,149.498,46206
2025.09.29,00:00,149.480,149.514,148.468,148.593,43228
2025.09.30,00:00,148.586,148.843,147.651,147.860,45886
2025.10.01,00:00,147.840,148.224,146.589,147.037,50429
2025.10.02,00:00,147.021,147.514,146.598,147.213,41654
2025.10.03,00:00,147.205,147.813,147.066,147.481,38904
2025.10.06,00:00,149.075,150.474,149.004,150.231,58027
2025.10.07,00:00,150.253,152.044,150.234,151.861,44284
2025.10.08,00:00,151.865,152.997,151.736,152.658,52563
2025.10.09,00:00,152.653,153.230,152.101,153.060,51760
2025.10.10,00:00,153.048,153.272,151.124,151.161,59771
2025.10.13,00:00,151.803,152.445,151.719,152.254,54512
2025.10.14,00:00,152.168,152.613,151.546,151.718,68035
2025.10.15,00:00,151.703,151.874,150.899,151.068,56667
2025.10.16,00:00,151.095,151.398,150.211,150.392,63699
2025.10.17,00:00,150.384,150.637,149.378,150.626,74091
2025.10.20,00:00,150.559,151.201,150.275,150.656,48621
2025.10.21,00:00,150.652,152.174,150.469,151.883,55704
2025.10.22,00:00,151.870,152.044,151.489,151.899,53230
2025.10.23,00:00,151.889,152.797,151.821,152.555,46055
2025.10.24,00:00,152.542,153.061,152.267,152.874,43106
2025.10.27,00:00,153.040,153.254,152.565,152.753,48324
2025.10.28,00:00,152.773,152.822,151.757,152.008,54996
2025.10.29,00:00,152.100,153.059,151.539,152.636,59845
2025.10.30,00:00,152.635,154.444,152.162,154.063,65379
2025.10.31,00:00,154.064,154.413,153.654,153.971,56208
2025.11.03,00:00,153.980,154.296,153.906,154.204,42714
2025.11.04,00:00,154.204,154.481,153.316,153.654,54559
2025.11.05,00:00,153.664,154.353,152.956,154.090,55927
2025.11.06,00:00,154.105,154.140,152.832,153.059,52196
2025.11.07,00:00,153.045,153.588,152.820,153.406,61069
2025.11.10,00:00,153.665,154.249,153.421,154.124,56533
2025.11.11,00:00,154.137,154.492,153.668,154.145,45806
2025.11.12,00:00,154.128,155.046,154.044,154.808,55232
2025.11.13,00:00,154.776,155.008,154.127,154.525,63240
2025.11.14,00:00,154.530,154.762,153.616,154.525,64499
2025.11.17,00:00,154.522,155.301,154.416,155.246,57324
2025.11.18,00:00,155.207,155.732,154.818,155.517,70480
2025.11.19,00:00,155.469,157.181,155.212,157.158,60259
2025.11.20,00:00,157.144,157.890,156.883,157.450,68136
2025.11.21,00:00,157.438,157.541,156.200,156.353,68648
2025.11.24,00:00,156.300,157.187,156.286,156.913,46118
2025.11.25,00:00,156.828,156.980,155.801,156.065,50982
2025.11.26,00:00,156.016,156.733,155.650,156.447,54773
2025.11.27,00:00,156.455,156.460,155.716,156.298,35697
2025.11.28,00:00,156.267,156.582,155.978,156.134,79853
2025.12.01,00:00,156.042,156.152,154.661,155.470,82296
2025.12.02,00:00,155.431,156.177,155.383,155.853,68172
2025.12.03,00:00,155.799,155.902,155.009,155.215,65618
2025.12.04,00:00,155.205,155.540,154.509,155.106,67777
2025.12.05,00:00,155.061,155.492,154.341,155.328,72145
2025.12.08,00:00,155.141,155.983,154.901,155.918,69522
2025.12.09,00:00,155.917,156.954,155.743,156.882,63820
2025.12.10,00:00,156.766,156.936,155.794,156.027,50171
2025.12.11,00:00,155.933,156.163,154.947,155.559,60288
2025.12.12,00:00,155.557,156.134,155.451,155.809,45991
2025.12.15,00:00,155.765,155.985,154.834,155.207,45498
2025.12.16,00:00,155.163,155.298,154.397,154.715,59210
2025.12.17,00:00,154.704,155.748,154.515,155.686,51838
2025.12.18,00:00,155.645,155.973,155.284,155.550,47607
2025.12.19,00:00,155.528,157.774,155.419,157.704,57871
2025.12.22,00:00,157.662,157.704,156.705,157.032,46474
2025.12.23,00:00,157.036,157.070,155.656,156.239,49763
2025.12.24,00:00,156.189,156.283,155.550,155.886,41344
2025.12.26,00:00,155.892,156.724,155.755,156.525,39721
2025.12.29,00:00,156.460,156.593,155.915,156.031,47044
2025.12.30,00:00,156.017,156.563,155.743,156.419,46496
2025.12.31,00:00,156.366,156.994,156.276,156.649,37383
2026.01.02,00:00,156.656,157.000,156.518,156.823,39728
2026.01.05,00:00,156.692,157.296,156.115,156.395,54752
2026.01.06,00:00,156.309,156.796,156.161,156.661,57071
2026.01.07,00:00,156.611,156.804,156.294,156.749,48016
2026.01.08,00:00,156.742,157.068,156.457,156.867,47281
2026.01.09,00:00,156.841,158.183,156.636,157.912,44809
2026.01.12,00:00,158.073,158.206,157.522,158.154,45240
2026.01.13,00:00,158.059,159.190,157.895,159.159,49327
2026.01.14,00:00,159.087,159.451,158.104,158.403,51338
2026.01.15,00:00,158.379,158.877,158.205,158.616,50914
2026.01.16,00:00,158.586,158.702,157.822,158.042,48411
2026.01.19,00:00,157.892,158.165,157.425,158.121,51898
2026.01.20,00:00,158.046,158.601,157.462,158.135,68378
2026.01.21,00:00,158.135,158.527,157.746,158.276,53456
2026.01.22,00:00,158.253,158.894,158.178,158.416,59533
2026.01.23,00:00,158.356,159.224,155.605,155.713,66119
2026.01.26,00:00,154.636,155.345,153.299,154.197,76221
2026.01.27,00:00,154.140,154.877,152.097,152.161,59682
2026.01.28,00:00,152.146,154.047,152.093,153.396,62594
2026.01.29,00:00,153.401,153.535,152.688,153.105,60267
2026.01.30,00:00,153.084,154.794,152.867,154.771,68196
2026.02.02,00:00,154.812,155.785,154.551,155.594,85642
2026.02.03,00:00,155.616,156.084,155.304,155.767,64373
2026.02.04,00:00,155.717,156.945,155.673,156.857,61449
2026.02.05,00:00,156.831,157.336,156.533,157.014,58873
2026.02.06,00:00,156.974,157.262,156.534,157.237,52893
2026.02.09,00:00,157.547,157.659,155.521,155.883,68328
2026.02.10,00:00,155.836,156.293,154.053,154.372,60664
2026.02.11,00:00,154.383,154.643,152.553,153.263,62281
2026.02.12,00:00,153.243,153.758,152.270,152.740,67221
2026.02.13,00:00,152.716,153.665,152.594,152.667,60062
2026.02.16,00:00,152.642,153.635,152.544,153.509,41688
2026.02.17,00:00,153.414,153.921,152.699,153.287,58438
2026.02.18,00:00,153.285,154.868,153.070,154.817,57472
2026.02.19,00:00,154.767,155.337,154.541,154.984,58460
2026.02.20,00:00,154.952,155.644,154.720,155.065,57825
2026.02.23,00:00,154.694,155.043,153.998,154.650,52712
2026.02.24,00:00,154.608,156.277,154.522,155.890,53223
2026.02.25,00:00,155.818,156.823,155.348,156.357,53595
2026.02.26,00:00,156.308,156.431,155.696,156.126,50593
2026.02.27,00:00,156.104,156.233,155.536,156.030,52102
2026.03.02,00:00,155.904,157.750,155.880,157.341,72828
2026.03.03,00:00,157.380,157.964,157.150,157.676,67354
2026.03.04,00:00,157.532,157.863,156.855,157.028,67224
2026.03.05,00:00,157.000,157.847,156.450,157.550,68225
2026.03.06,00:00,157.508,158.090,157.381,157.801,202321
2026.03.09,00:00,158.082,158.899,157.600,157.651,366459
2026.03.10,00:00,157.661,158.132,157.274,158.097,362572
2026.03.11,00:00,158.096,158.978,157.864,158.884,294688
2026.03.12,00:00,158.885,159.433,158.568,159.296,296570
2026.03.13,00:00,159.326,159.751,159.006,159.713,320202
2026.03.16,00:00,159.604,159.750,158.848,159.067,316689
2026.03.17,00:00,159.073,159.497,158.722,159.003,141467
2026.03.18,00:00,159.003,159.896,158.567,159.724,104363
2026.03.19,00:00,159.722,159.847,157.508,157.778,136283
2026.03.20,00:00,157.779,159.387,157.700,159.224,102637
2026.03.23,00:00,159.314,159.656,158.019,158.381,165297
2026.03.24,00:00,158.381,159.189,158.274,158.635,130575
2026.03.25,00:00,158.635,159.500,158.572,159.377,107227
2026.03.26,00:00,159.378,159.842,159.285,159.658,81954
2026.03.27,00:00,159.659,160.411,159.453,160.254,84117
2026.03.30,00:00,160.275,160.459,159.327,159.716,88870
2026.03.31,00:00,159.716,159.970,158.648,158.674,109906
2026.04.01,00:00,158.677,159.011,158.274,158.676,110309
2026.04.02,00:00,158.686,159.744,158.543,159.548,91643
2026.04.03,00:00,159.549,159.806,159.429,159.672,44688
2026.04.06,00:00,159.549,159.829,159.304,159.625,72116
2026.04.07,00:00,159.624,160.028,159.468,159.539,87988
2026.04.08,00:00,159.539,159.755,157.887,158.485,129939
2026.04.09,00:00,158.485,159.296,158.485,158.951,75435
2026.04.10,00:00,158.951,159.373,158.900,159.292,64806
2026.04.13,00:00,159.642,159.860,159.290,159.323,75874
2026.04.14,00:00,159.319,159.417,158.602,158.808,81632
2026.04.15,00:00,158.808,159.152,158.645,158.938,76358
2026.04.16,00:00,158.939,159.307,158.264,159.131,74672
2026.04.17,00:00,159.131,159.531,157.594,158.634,79896
2026.04.20,00:00,159.004,159.201,158.551,158.727,91443
2026.04.21,00:00,158.727,159.637,158.715,159.388,82240
2026.04.22,00:00,159.386,159.571,159.104,159.381,79556
2026.04.23,00:00,159.380,159.844,159.294,159.639,96242
2026.04.24,00:00,159.639,159.838,159.308,159.356,78631
2026.04.27,00:00,159.511,159.595,159.095,159.375,69383
2026.04.28,00:00,159.376,159.786,158.960,159.563,83494
2026.04.29,00:00,159.564,160.473,159.518,160.353,82286
2026.04.30,00:00,160.353,160.723,155.556,156.571,148993
2026.05.01,00:00,156.576,157.326,155.489,157.034,111617
2026.05.04,00:00,156.724,157.300,155.710,157.134,117895
2026.05.05,00:00,157.132,157.918,157.080,157.878,75422
2026.05.06,00:00,157.878,157.932,155.030,156.224,150473
2026.05.07,00:00,156.225,156.953,156.021,156.813,101756
2026.05.08,00:00,156.813,156.991,156.434,156.676,73061
2026.05.11,00:00,156.731,157.270,156.731,157.100,59657
2026.05.12,00:00,157.101,157.764,156.732,157.551,73801
2026.05.13,00:00,157.549,157.924,157.532,157.813,55936
2026.05.14,00:00,157.813,158.419,157.305,158.317,69183
2026.05.15,00:00,158.305,158.842,158.293,158.771,78143
2026.05.18,00:00,158.646,159.081,158.613,158.735,85761
2026.05.19,00:00,158.736,159.251,158.651,159.051,74786
2026.05.20,00:00,159.051,159.167,158.592,158.838,82281
2026.05.21,00:00,158.839,159.347,158.806,158.949,88925
2026.05.22,00:00,158.949,159.232,158.948,159.200,60249
2026.05.25,00:00,158.910,159.040,158.756,158.888,38731
2026.05.26,00:00,158.887,159.381,158.883,159.260,53291
2026.05.27,00:00,159.248,159.579,159.176,159.468,56725
2026.05.28,00:00,159.468,159.651,159.112,159.211,68096
2026.05.29,00:00,159.212,159.377,159.099,159.277,59307
2026.06.01,00:00,159.343,159.763,159.296,159.637,68020
2026.06.02,00:00,159.637,159.986,159.615,159.899,44924
2026.06.03,00:00,159.895,160.086,159.369,160.001,63796
2026.06.04,00:00,160.002,160.076,159.597,159.942,57592
2026.06.05,00:00,159.942,160.342,159.735,160.321,62461
2026.06.08,00:00,160.289,160.391,159.839,160.123,71986
2026.06.09,00:00,160.123,160.443,160.053,160.324,55766
2026.06.10,00:00,160.324,160.571,160.239,160.507,54546
2026.06.11,00:00,160.508,160.596,159.541,159.939,62480
2026.06.12,00:00,159.935,160.375,159.935,160.221,127652
2026.06.15,00:00,159.801,160.396,159.735,160.352,259394
2026.06.16,00:00,160.350,160.482,160.048,160.412,268408
2026.06.17,00:00,160.413,160.796,160.117,160.568,268846
2026.06.18,00:00,160.573,161.809,160.479,161.319,317657
2026.06.19,00:00,161.337,161.459,160.988,161.308,292411
2026.06.22,00:00,161.334,161.927,161.078,161.537,340231
2026.06.23,00:00,161.536,161.740,161.268,161.536,317825
2026.06.24,00:00,161.536,161.841,161.530,161.772,247812
2026.06.25,00:00,161.768,161.949,161.561,161.780,265249
2026.06.26,00:00,161.776,161.847,161.532,161.757,252650
2026.06.29,00:00,161.820,161.982,161.719,161.913,154797
2026.06.30,00:00,161.915,162.670,161.908,162.575,182685
2026.07.01,00:00,162.568,162.839,162.295,162.556,259036
2026.07.02,00:00,162.556,162.598,160.636,161.080,355889
2026.07.03,00:00,161.077,161.522,160.482,161.294,294952
2026.07.06,00:00,161.310,162.426,161.292,162.104,275391
2026.07.07,00:00,162.107,162.182,161.657,162.158,289844
2026.07.08,00:00,162.170,162.707,162.075,162.562,221101
2026.07.09,00:00,162.568,162.611,162.246,162.372,220529
2026.07.10,00:00,162.365,162.429,161.285,161.697,350217
